image_id,dataset_id,filename,relative_path,species,individual_id,station_id,deployment_id,timestamp,latitude,longitude,camera_id,sequence_id,source
1,ATRW_LILA_BC,003597.jpg,raw/tiger/003597.jpg,Panthera tigris (Amur Tiger),tiger_250,ATRW_Zoo_Cam,ATRW_2019,,,,ATRW_CAM,,https://lila.science/datasets/amur-tiger-re-identification
2,ATRW_LILA_BC,003523.jpg,raw/tiger/003523.jpg,Panthera tigris (Amur Tiger),tiger_256,ATRW_Zoo_Cam,ATRW_2019,,,,ATRW_CAM,,https://lila.science/datasets/amur-tiger-re-identification
3,ATRW_LILA_BC,003900.jpg,raw/tiger/003900.jpg,Panthera tigris (Amur Tiger),tiger_171,ATRW_Zoo_Cam,ATRW_2019,,,,ATRW_CAM,,https://lila.science/datasets/amur-tiger-re-identification
4,ATRW_LILA_BC,002636.jpg,raw/tiger/002636.jpg,Panthera tigris (Amur Tiger),tiger_247,ATRW_Zoo_Cam,ATRW_2019,,,,ATRW_CAM,,https://lila.science/datasets/amur-tiger-re-identification
5,ATRW_LILA_BC,002249.jpg,raw/tiger/002249.jpg,Panthera tigris (Amur Tiger),tiger_238,ATRW_Zoo_Cam,ATRW_2019,,,,ATRW_CAM,,https://lila.science/datasets/amur-tiger-re-identification
6,ATRW_LILA_BC,003370.jpg,raw/tiger/003370.jpg,Panthera tigris (Amur Tiger),tiger_264,ATRW_Zoo_Cam,ATRW_2019,,,,ATRW_CAM,,https://lila.science/datasets/amur-tiger-re-identification
7,ATRW_LILA_BC,001260.jpg,raw/tiger/001260.jpg,Panthera tigris (Amur Tiger),tiger_54,ATRW_Zoo_Cam,ATRW_2019,,,,ATRW_CAM,,https://lila.science/datasets/amur-tiger-re-identification
8,ATRW_LILA_BC,001015.jpg,raw/tiger/001015.jpg,Panthera tigris (Amur Tiger),tiger_237,ATRW_Zoo_Cam,ATRW_2019,,,,ATRW_CAM,,https://lila.science/datasets/amur-tiger-re-identification
9,ATRW_LILA_BC,003460.jpg,raw/tiger/003460.jpg,Panthera tigris (Amur Tiger),tiger_255,ATRW_Zoo_Cam,ATRW_2019,,,,ATRW_CAM,,https://lila.science/datasets/amur-tiger-re-identification
10,ATRW_LILA_BC,004922.jpg,raw/tiger/004922.jpg,Panthera tigris (Amur Tiger),tiger_96,ATRW_Zoo_Cam,ATRW_2019,,,,ATRW_CAM,,https://lila.science/datasets/amur-tiger-re-identification
11,ATRW_LILA_BC,001532.jpg,raw/tiger/001532.jpg,Panthera tigris (Amur Tiger),tiger_114,ATRW_Zoo_Cam,ATRW_2019,,,,ATRW_CAM,,https://lila.science/datasets/amur-tiger-re-identification
12,ATRW_LILA_BC,005137.jpg,raw/tiger/005137.jpg,Panthera tigris (Amur Tiger),tiger_100,ATRW_Zoo_Cam,ATRW_2019,,,,ATRW_CAM,,https://lila.science/datasets/amur-tiger-re-identification
13,ATRW_LILA_BC,000109.jpg,raw/tiger/000109.jpg,Panthera tigris (Amur Tiger),tiger_201,ATRW_Zoo_Cam,ATRW_2019,,,,ATRW_CAM,,https://lila.science/datasets/amur-tiger-re-identification
14,ATRW_LILA_BC,000361.jpg,raw/tiger/000361.jpg,Panthera tigris (Amur Tiger),tiger_91,ATRW_Zoo_Cam,ATRW_2019,,,,ATRW_CAM,,https://lila.science/datasets/amur-tiger-re-identification
15,ATRW_LILA_BC,002681.jpg,raw/tiger/002681.jpg,Panthera tigris (Amur Tiger),tiger_168,ATRW_Zoo_Cam,ATRW_2019,,,,ATRW_CAM,,https://lila.science/datasets/amur-tiger-re-identification
16,ATRW_LILA_BC,002561.jpg,raw/tiger/002561.jpg,Panthera tigris (Amur Tiger),tiger_114,ATRW_Zoo_Cam,ATRW_2019,,,,ATRW_CAM,,https://lila.science/datasets/amur-tiger-re-identification
17,ATRW_LILA_BC,003696.jpg,raw/individual_tiger/tiger_153/003696.jpg,Panthera tigris (Amur Tiger),tiger_153,ATRW_Zoo_Cam,ATRW_2019,,,,ATRW_CAM,,https://lila.science/datasets/amur-tiger-re-identification
18,ATRW_LILA_BC,001291.jpg,raw/tiger/001291.jpg,Panthera tigris (Amur Tiger),tiger_256,ATRW_Zoo_Cam,ATRW_2019,,,,ATRW_CAM,,https://lila.science/datasets/amur-tiger-re-identification
19,ATRW_LILA_BC,003925.jpg,raw/tiger/003925.jpg,Panthera tigris (Amur Tiger),tiger_45,ATRW_Zoo_Cam,ATRW_2019,,,,ATRW_CAM,,https://lila.science/datasets/amur-tiger-re-identification
20,ATRW_LILA_BC,004690.jpg,raw/tiger/004690.jpg,Panthera tigris (Amur Tiger),tiger_67,ATRW_Zoo_Cam,ATRW_2019,,,,ATRW_CAM,,https://lila.science/datasets/amur-tiger-re-identification
21,ATRW_LILA_BC,004972.jpg,raw/tiger/004972.jpg,Panthera tigris (Amur Tiger),tiger_130,ATRW_Zoo_Cam,ATRW_2019,,,,ATRW_CAM,,https://lila.science/datasets/amur-tiger-re-identification
22,ATRW_LILA_BC,003849.jpg,raw/tiger/003849.jpg,Panthera tigris (Amur Tiger),tiger_54,ATRW_Zoo_Cam,ATRW_2019,,,,ATRW_CAM,,https://lila.science/datasets/amur-tiger-re-identification
23,ATRW_LILA_BC,001196.jpg,raw/tiger/001196.jpg,Panthera tigris (Amur Tiger),tiger_130,ATRW_Zoo_Cam,ATRW_2019,,,,ATRW_CAM,,https://lila.science/datasets/amur-tiger-re-identification
24,ATRW_LILA_BC,002566.jpg,raw/tiger/002566.jpg,Panthera tigris (Amur Tiger),tiger_22,ATRW_Zoo_Cam,ATRW_2019,,,,ATRW_CAM,,https://lila.science/datasets/amur-tiger-re-identification
25,ATRW_LILA_BC,004086.jpg,raw/tiger/004086.jpg,Panthera tigris (Amur Tiger),tiger_175,ATRW_Zoo_Cam,ATRW_2019,,,,ATRW_CAM,,https://lila.science/datasets/amur-tiger-re-identification
26,ATRW_LILA_BC,002174.jpg,raw/tiger/002174.jpg,Panthera tigris (Amur Tiger),tiger_223,ATRW_Zoo_Cam,ATRW_2019,,,,ATRW_CAM,,https://lila.science/datasets/amur-tiger-re-identification
27,ATRW_LILA_BC,005041.jpg,raw/tiger/005041.jpg,Panthera tigris (Amur Tiger),tiger_33,ATRW_Zoo_Cam,ATRW_2019,,,,ATRW_CAM,,https://lila.science/datasets/amur-tiger-re-identification
28,ATRW_LILA_BC,001432.jpg,raw/tiger/001432.jpg,Panthera tigris (Amur Tiger),tiger_139,ATRW_Zoo_Cam,ATRW_2019,,,,ATRW_CAM,,https://lila.science/datasets/amur-tiger-re-identification
29,ATRW_LILA_BC,004140.jpg,raw/individual_tiger/tiger_136/004140.jpg,Panthera tigris (Amur Tiger),tiger_136,ATRW_Zoo_Cam,ATRW_2019,,,,ATRW_CAM,,https://lila.science/datasets/amur-tiger-re-identification
30,ATRW_LILA_BC,004615.jpg,raw/tiger/004615.jpg,Panthera tigris (Amur Tiger),tiger_196,ATRW_Zoo_Cam,ATRW_2019,,,,ATRW_CAM,,https://lila.science/datasets/amur-tiger-re-identification
31,ATRW_LILA_BC,000922.jpg,raw/tiger/000922.jpg,Panthera tigris (Amur Tiger),tiger_187,ATRW_Zoo_Cam,ATRW_2019,,,,ATRW_CAM,,https://lila.science/datasets/amur-tiger-re-identification
32,ATRW_LILA_BC,002986.jpg,raw/individual_tiger/tiger_160/002986.jpg,Panthera tigris (Amur Tiger),tiger_160,ATRW_Zoo_Cam,ATRW_2019,,,,ATRW_CAM,,https://lila.science/datasets/amur-tiger-re-identification
33,ATRW_LILA_BC,004485.jpg,raw/tiger/004485.jpg,Panthera tigris (Amur Tiger),tiger_247,ATRW_Zoo_Cam,ATRW_2019,,,,ATRW_CAM,,https://lila.science/datasets/amur-tiger-re-identification
34,ATRW_LILA_BC,001653.jpg,raw/tiger/001653.jpg,Panthera tigris (Amur Tiger),tiger_172,ATRW_Zoo_Cam,ATRW_2019,,,,ATRW_CAM,,https://lila.science/datasets/amur-tiger-re-identification
35,ATRW_LILA_BC,001478.jpg,raw/tiger/001478.jpg,Panthera tigris (Amur Tiger),tiger_168,ATRW_Zoo_Cam,ATRW_2019,,,,ATRW_CAM,,https://lila.science/datasets/amur-tiger-re-identification
36,ATRW_LILA_BC,001787.jpg,raw/tiger/001787.jpg,Panthera tigris (Amur Tiger),tiger_45,ATRW_Zoo_Cam,ATRW_2019,,,,ATRW_CAM,,https://lila.science/datasets/amur-tiger-re-identification
37,ATRW_LILA_BC,004826.jpg,raw/tiger/004826.jpg,Panthera tigris (Amur Tiger),tiger_33,ATRW_Zoo_Cam,ATRW_2019,,,,ATRW_CAM,,https://lila.science/datasets/amur-tiger-re-identification
38,ATRW_LILA_BC,000612.jpg,raw/individual_tiger/tiger_153/000612.jpg,Panthera tigris (Amur Tiger),tiger_153,ATRW_Zoo_Cam,ATRW_2019,,,,ATRW_CAM,,https://lila.science/datasets/amur-tiger-re-identification
39,ATRW_LILA_BC,001098.jpg,raw/tiger/001098.jpg,Panthera tigris (Amur Tiger),tiger_151,ATRW_Zoo_Cam,ATRW_2019,,,,ATRW_CAM,,https://lila.science/datasets/amur-tiger-re-identification
40,ATRW_LILA_BC,001183.jpg,raw/tiger/001183.jpg,Panthera tigris (Amur Tiger),tiger_244,ATRW_Zoo_Cam,ATRW_2019,,,,ATRW_CAM,,https://lila.science/datasets/amur-tiger-re-identification
41,ATRW_LILA_BC,003970.jpg,raw/tiger/003970.jpg,Panthera tigris (Amur Tiger),tiger_256,ATRW_Zoo_Cam,ATRW_2019,,,,ATRW_CAM,,https://lila.science/datasets/amur-tiger-re-identification
42,ATRW_LILA_BC,004023.jpg,raw/tiger/004023.jpg,Panthera tigris (Amur Tiger),tiger_247,ATRW_Zoo_Cam,ATRW_2019,,,,ATRW_CAM,,https://lila.science/datasets/amur-tiger-re-identification
43,ATRW_LILA_BC,002204.jpg,raw/tiger/002204.jpg,Panthera tigris (Amur Tiger),tiger_60,ATRW_Zoo_Cam,ATRW_2019,,,,ATRW_CAM,,https://lila.science/datasets/amur-tiger-re-identification
44,ATRW_LILA_BC,001069.jpg,raw/individual_tiger/tiger_154/001069.jpg,Panthera tigris (Amur Tiger),tiger_154,ATRW_Zoo_Cam,ATRW_2019,,,,ATRW_CAM,,https://lila.science/datasets/amur-tiger-re-identification
45,ATRW_LILA_BC,004685.jpg,raw/tiger/004685.jpg,Panthera tigris (Amur Tiger),tiger_265,ATRW_Zoo_Cam,ATRW_2019,,,,ATRW_CAM,,https://lila.science/datasets/amur-tiger-re-identification
46,ATRW_LILA_BC,000356.jpg,raw/tiger/000356.jpg,Panthera tigris (Amur Tiger),tiger_64,ATRW_Zoo_Cam,ATRW_2019,,,,ATRW_CAM,,https://lila.science/datasets/amur-tiger-re-identification
47,ATRW_LILA_BC,001276.jpg,raw/tiger/001276.jpg,Panthera tigris (Amur Tiger),tiger_238,ATRW_Zoo_Cam,ATRW_2019,,,,ATRW_CAM,,https://lila.science/datasets/amur-tiger-re-identification
48,ATRW_LILA_BC,002499.jpg,raw/tiger/002499.jpg,Panthera tigris (Amur Tiger),tiger_250,ATRW_Zoo_Cam,ATRW_2019,,,,ATRW_CAM,,https://lila.science/datasets/amur-tiger-re-identification
49,ATRW_LILA_BC,000447.jpg,raw/tiger/000447.jpg,Panthera tigris (Amur Tiger),tiger_261,ATRW_Zoo_Cam,ATRW_2019,,,,ATRW_CAM,,https://lila.science/datasets/amur-tiger-re-identification
50,ATRW_LILA_BC,005005.jpg,raw/tiger/005005.jpg,Panthera tigris (Amur Tiger),tiger_237,ATRW_Zoo_Cam,ATRW_2019,,,,ATRW_CAM,,https://lila.science/datasets/amur-tiger-re-identification
51,ATRW_LILA_BC,005145.jpg,raw/tiger/005145.jpg,Panthera tigris (Amur Tiger),tiger_115,ATRW_Zoo_Cam,ATRW_2019,,,,ATRW_CAM,,https://lila.science/datasets/amur-tiger-re-identification
52,ATRW_LILA_BC,003368.jpg,raw/tiger/003368.jpg,Panthera tigris (Amur Tiger),tiger_81,ATRW_Zoo_Cam,ATRW_2019,,,,ATRW_CAM,,https://lila.science/datasets/amur-tiger-re-identification
53,ATRW_LILA_BC,001459.jpg,raw/individual_tiger/tiger_243/001459.jpg,Panthera tigris (Amur Tiger),tiger_243,ATRW_Zoo_Cam,ATRW_2019,,,,ATRW_CAM,,https://lila.science/datasets/amur-tiger-re-identification
54,ATRW_LILA_BC,004896.jpg,raw/tiger/004896.jpg,Panthera tigris (Amur Tiger),tiger_265,ATRW_Zoo_Cam,ATRW_2019,,,,ATRW_CAM,,https://lila.science/datasets/amur-tiger-re-identification
55,ATRW_LILA_BC,004132.jpg,raw/tiger/004132.jpg,Panthera tigris (Amur Tiger),tiger_247,ATRW_Zoo_Cam,ATRW_2019,,,,ATRW_CAM,,https://lila.science/datasets/amur-tiger-re-identification
56,ATRW_LILA_BC,003286.jpg,raw/individual_tiger/tiger_154/003286.jpg,Panthera tigris (Amur Tiger),tiger_154,ATRW_Zoo_Cam,ATRW_2019,,,,ATRW_CAM,,https://lila.science/datasets/amur-tiger-re-identification
57,ATRW_LILA_BC,004243.jpg,raw/tiger/004243.jpg,Panthera tigris (Amur Tiger),tiger_229,ATRW_Zoo_Cam,ATRW_2019,,,,ATRW_CAM,,https://lila.science/datasets/amur-tiger-re-identification
58,ATRW_LILA_BC,001530.jpg,raw/tiger/001530.jpg,Panthera tigris (Amur Tiger),tiger_228,ATRW_Zoo_Cam,ATRW_2019,,,,ATRW_CAM,,https://lila.science/datasets/amur-tiger-re-identification
59,ATRW_LILA_BC,000511.jpg,raw/tiger/000511.jpg,Panthera tigris (Amur Tiger),tiger_57,ATRW_Zoo_Cam,ATRW_2019,,,,ATRW_CAM,,https://lila.science/datasets/amur-tiger-re-identification
60,ATRW_LILA_BC,003971.jpg,raw/tiger/003971.jpg,Panthera tigris (Amur Tiger),tiger_168,ATRW_Zoo_Cam,ATRW_2019,,,,ATRW_CAM,,https://lila.science/datasets/amur-tiger-re-identification
61,ATRW_LILA_BC,003437.jpg,raw/individual_tiger/tiger_153/003437.jpg,Panthera tigris (Amur Tiger),tiger_153,ATRW_Zoo_Cam,ATRW_2019,,,,ATRW_CAM,,https://lila.science/datasets/amur-tiger-re-identification
62,ATRW_LILA_BC,001666.jpg,raw/tiger/001666.jpg,Panthera tigris (Amur Tiger),tiger_175,ATRW_Zoo_Cam,ATRW_2019,,,,ATRW_CAM,,https://lila.science/datasets/amur-tiger-re-identification
63,ATRW_LILA_BC,003915.jpg,raw/individual_tiger/tiger_154/003915.jpg,Panthera tigris (Amur Tiger),tiger_154,ATRW_Zoo_Cam,ATRW_2019,,,,ATRW_CAM,,https://lila.science/datasets/amur-tiger-re-identification
64,ATRW_LILA_BC,001339.jpg,raw/tiger/001339.jpg,Panthera tigris (Amur Tiger),tiger_240,ATRW_Zoo_Cam,ATRW_2019,,,,ATRW_CAM,,https://lila.science/datasets/amur-tiger-re-identification
65,ATRW_LILA_BC,000025.jpg,raw/tiger/000025.jpg,Panthera tigris (Amur Tiger),tiger_66,ATRW_Zoo_Cam,ATRW_2019,,,,ATRW_CAM,,https://lila.science/datasets/amur-tiger-re-identification
66,ATRW_LILA_BC,003339.jpg,raw/tiger/003339.jpg,Panthera tigris (Amur Tiger),tiger_82,ATRW_Zoo_Cam,ATRW_2019,,,,ATRW_CAM,,https://lila.science/datasets/amur-tiger-re-identification
67,ATRW_LILA_BC,003551.jpg,raw/tiger/003551.jpg,Panthera tigris (Amur Tiger),tiger_264,ATRW_Zoo_Cam,ATRW_2019,,,,ATRW_CAM,,https://lila.science/datasets/amur-tiger-re-identification
68,ATRW_LILA_BC,001934.jpg,raw/tiger/001934.jpg,Panthera tigris (Amur Tiger),tiger_267,ATRW_Zoo_Cam,ATRW_2019,,,,ATRW_CAM,,https://lila.science/datasets/amur-tiger-re-identification
69,ATRW_LILA_BC,002000.jpg,raw/tiger/002000.jpg,Panthera tigris (Amur Tiger),tiger_201,ATRW_Zoo_Cam,ATRW_2019,,,,ATRW_CAM,,https://lila.science/datasets/amur-tiger-re-identification
70,ATRW_LILA_BC,004851.jpg,raw/tiger/004851.jpg,Panthera tigris (Amur Tiger),tiger_247,ATRW_Zoo_Cam,ATRW_2019,,,,ATRW_CAM,,https://lila.science/datasets/amur-tiger-re-identification
71,ATRW_LILA_BC,003396.jpg,raw/tiger/003396.jpg,Panthera tigris (Amur Tiger),tiger_175,ATRW_Zoo_Cam,ATRW_2019,,,,ATRW_CAM,,https://lila.science/datasets/amur-tiger-re-identification
72,ATRW_LILA_BC,000762.jpg,raw/tiger/000762.jpg,Panthera tigris (Amur Tiger),tiger_108,ATRW_Zoo_Cam,ATRW_2019,,,,ATRW_CAM,,https://lila.science/datasets/amur-tiger-re-identification
73,ATRW_LILA_BC,002550.jpg,raw/tiger/002550.jpg,Panthera tigris (Amur Tiger),tiger_265,ATRW_Zoo_Cam,ATRW_2019,,,,ATRW_CAM,,https://lila.science/datasets/amur-tiger-re-identification
74,ATRW_LILA_BC,000279.jpg,raw/tiger/000279.jpg,Panthera tigris (Amur Tiger),tiger_181,ATRW_Zoo_Cam,ATRW_2019,,,,ATRW_CAM,,https://lila.science/datasets/amur-tiger-re-identification
75,ATRW_LILA_BC,002844.jpg,raw/tiger/002844.jpg,Panthera tigris (Amur Tiger),tiger_252,ATRW_Zoo_Cam,ATRW_2019,,,,ATRW_CAM,,https://lila.science/datasets/amur-tiger-re-identification
76,ATRW_LILA_BC,000396.jpg,raw/individual_tiger/tiger_153/000396.jpg,Panthera tigris (Amur Tiger),tiger_153,ATRW_Zoo_Cam,ATRW_2019,,,,ATRW_CAM,,https://lila.science/datasets/amur-tiger-re-identification
77,ATRW_LILA_BC,001852.jpg,raw/tiger/001852.jpg,Panthera tigris (Amur Tiger),tiger_108,ATRW_Zoo_Cam,ATRW_2019,,,,ATRW_CAM,,https://lila.science/datasets/amur-tiger-re-identification
78,ATRW_LILA_BC,000246.jpg,raw/tiger/000246.jpg,Panthera tigris (Amur Tiger),tiger_223,ATRW_Zoo_Cam,ATRW_2019,,,,ATRW_CAM,,https://lila.science/datasets/amur-tiger-re-identification
79,ATRW_LILA_BC,001520.jpg,raw/tiger/001520.jpg,Panthera tigris (Amur Tiger),tiger_6,ATRW_Zoo_Cam,ATRW_2019,,,,ATRW_CAM,,https://lila.science/datasets/amur-tiger-re-identification
80,ATRW_LILA_BC,003694.jpg,raw/tiger/003694.jpg,Panthera tigris (Amur Tiger),tiger_91,ATRW_Zoo_Cam,ATRW_2019,,,,ATRW_CAM,,https://lila.science/datasets/amur-tiger-re-identification
81,ATRW_LILA_BC,003543.jpg,raw/tiger/003543.jpg,Panthera tigris (Amur Tiger),tiger_249,ATRW_Zoo_Cam,ATRW_2019,,,,ATRW_CAM,,https://lila.science/datasets/amur-tiger-re-identification
82,ATRW_LILA_BC,001173.jpg,raw/tiger/001173.jpg,Panthera tigris (Amur Tiger),tiger_268,ATRW_Zoo_Cam,ATRW_2019,,,,ATRW_CAM,,https://lila.science/datasets/amur-tiger-re-identification
83,ATRW_LILA_BC,003863.jpg,raw/tiger/003863.jpg,Panthera tigris (Amur Tiger),tiger_40,ATRW_Zoo_Cam,ATRW_2019,,,,ATRW_CAM,,https://lila.science/datasets/amur-tiger-re-identification
84,ATRW_LILA_BC,000634.jpg,raw/tiger/000634.jpg,Panthera tigris (Amur Tiger),tiger_264,ATRW_Zoo_Cam,ATRW_2019,,,,ATRW_CAM,,https://lila.science/datasets/amur-tiger-re-identification
85,ATRW_LILA_BC,001184.jpg,raw/tiger/001184.jpg,Panthera tigris (Amur Tiger),tiger_42,ATRW_Zoo_Cam,ATRW_2019,,,,ATRW_CAM,,https://lila.science/datasets/amur-tiger-re-identification
86,ATRW_LILA_BC,003103.jpg,raw/tiger/003103.jpg,Panthera tigris (Amur Tiger),tiger_151,ATRW_Zoo_Cam,ATRW_2019,,,,ATRW_CAM,,https://lila.science/datasets/amur-tiger-re-identification
87,ATRW_LILA_BC,001659.jpg,raw/tiger/001659.jpg,Panthera tigris (Amur Tiger),tiger_54,ATRW_Zoo_Cam,ATRW_2019,,,,ATRW_CAM,,https://lila.science/datasets/amur-tiger-re-identification
88,ATRW_LILA_BC,001915.jpg,raw/tiger/001915.jpg,Panthera tigris (Amur Tiger),tiger_43,ATRW_Zoo_Cam,ATRW_2019,,,,ATRW_CAM,,https://lila.science/datasets/amur-tiger-re-identification
89,ATRW_LILA_BC,001384.jpg,raw/tiger/001384.jpg,Panthera tigris (Amur Tiger),tiger_43,ATRW_Zoo_Cam,ATRW_2019,,,,ATRW_CAM,,https://lila.science/datasets/amur-tiger-re-identification
90,ATRW_LILA_BC,004314.jpg,raw/tiger/004314.jpg,Panthera tigris (Amur Tiger),tiger_57,ATRW_Zoo_Cam,ATRW_2019,,,,ATRW_CAM,,https://lila.science/datasets/amur-tiger-re-identification
91,ATRW_LILA_BC,002568.jpg,raw/tiger/002568.jpg,Panthera tigris (Amur Tiger),tiger_106,ATRW_Zoo_Cam,ATRW_2019,,,,ATRW_CAM,,https://lila.science/datasets/amur-tiger-re-identification
92,ATRW_LILA_BC,004557.jpg,raw/tiger/004557.jpg,Panthera tigris (Amur Tiger),tiger_249,ATRW_Zoo_Cam,ATRW_2019,,,,ATRW_CAM,,https://lila.science/datasets/amur-tiger-re-identification
93,ATRW_LILA_BC,004975.jpg,raw/tiger/004975.jpg,Panthera tigris (Amur Tiger),tiger_109,ATRW_Zoo_Cam,ATRW_2019,,,,ATRW_CAM,,https://lila.science/datasets/amur-tiger-re-identification
94,ATRW_LILA_BC,004261.jpg,raw/tiger/004261.jpg,Panthera tigris (Amur Tiger),tiger_55,ATRW_Zoo_Cam,ATRW_2019,,,,ATRW_CAM,,https://lila.science/datasets/amur-tiger-re-identification
95,ATRW_LILA_BC,002009.jpg,raw/individual_tiger/tiger_153/002009.jpg,Panthera tigris (Amur Tiger),tiger_153,ATRW_Zoo_Cam,ATRW_2019,,,,ATRW_CAM,,https://lila.science/datasets/amur-tiger-re-identification
96,ATRW_LILA_BC,004165.jpg,raw/tiger/004165.jpg,Panthera tigris (Amur Tiger),tiger_196,ATRW_Zoo_Cam,ATRW_2019,,,,ATRW_CAM,,https://lila.science/datasets/amur-tiger-re-identification
97,ATRW_LILA_BC,002959.jpg,raw/tiger/002959.jpg,Panthera tigris (Amur Tiger),tiger_217,ATRW_Zoo_Cam,ATRW_2019,,,,ATRW_CAM,,https://lila.science/datasets/amur-tiger-re-identification
98,ATRW_LILA_BC,001477.jpg,raw/tiger/001477.jpg,Panthera tigris (Amur Tiger),tiger_100,ATRW_Zoo_Cam,ATRW_2019,,,,ATRW_CAM,,https://lila.science/datasets/amur-tiger-re-identification
99,ATRW_LILA_BC,000232.jpg,raw/individual_tiger/tiger_160/000232.jpg,Panthera tigris (Amur Tiger),tiger_160,ATRW_Zoo_Cam,ATRW_2019,,,,ATRW_CAM,,https://lila.science/datasets/amur-tiger-re-identification
100,ATRW_LILA_BC,000024.jpg,raw/tiger/000024.jpg,Panthera tigris (Amur Tiger),tiger_91,ATRW_Zoo_Cam,ATRW_2019,,,,ATRW_CAM,,https://lila.science/datasets/amur-tiger-re-identification
101,ATRW_LILA_BC,003265.jpg,raw/tiger/003265.jpg,Panthera tigris (Amur Tiger),tiger_168,ATRW_Zoo_Cam,ATRW_2019,,,,ATRW_CAM,,https://lila.science/datasets/amur-tiger-re-identification
102,ATRW_LILA_BC,000713.jpg,raw/tiger/000713.jpg,Panthera tigris (Amur Tiger),tiger_237,ATRW_Zoo_Cam,ATRW_2019,,,,ATRW_CAM,,https://lila.science/datasets/amur-tiger-re-identification
103,ATRW_LILA_BC,004904.jpg,raw/tiger/004904.jpg,Panthera tigris (Amur Tiger),tiger_237,ATRW_Zoo_Cam,ATRW_2019,,,,ATRW_CAM,,https://lila.science/datasets/amur-tiger-re-identification
104,ATRW_LILA_BC,002883.jpg,raw/tiger/002883.jpg,Panthera tigris (Amur Tiger),tiger_264,ATRW_Zoo_Cam,ATRW_2019,,,,ATRW_CAM,,https://lila.science/datasets/amur-tiger-re-identification
105,ATRW_LILA_BC,001879.jpg,raw/tiger/001879.jpg,Panthera tigris (Amur Tiger),tiger_40,ATRW_Zoo_Cam,ATRW_2019,,,,ATRW_CAM,,https://lila.science/datasets/amur-tiger-re-identification
106,ATRW_LILA_BC,002064.jpg,raw/tiger/002064.jpg,Panthera tigris (Amur Tiger),tiger_12,ATRW_Zoo_Cam,ATRW_2019,,,,ATRW_CAM,,https://lila.science/datasets/amur-tiger-re-identification
107,ATRW_LILA_BC,001176.jpg,raw/tiger/001176.jpg,Panthera tigris (Amur Tiger),tiger_252,ATRW_Zoo_Cam,ATRW_2019,,,,ATRW_CAM,,https://lila.science/datasets/amur-tiger-re-identification
108,ATRW_LILA_BC,001205.jpg,raw/individual_tiger/tiger_246/001205.jpg,Panthera tigris (Amur Tiger),tiger_246,ATRW_Zoo_Cam,ATRW_2019,,,,ATRW_CAM,,https://lila.science/datasets/amur-tiger-re-identification
109,ATRW_LILA_BC,004883.jpg,raw/tiger/004883.jpg,Panthera tigris (Amur Tiger),tiger_267,ATRW_Zoo_Cam,ATRW_2019,,,,ATRW_CAM,,https://lila.science/datasets/amur-tiger-re-identification
110,ATRW_LILA_BC,004768.jpg,raw/tiger/004768.jpg,Panthera tigris (Amur Tiger),tiger_267,ATRW_Zoo_Cam,ATRW_2019,,,,ATRW_CAM,,https://lila.science/datasets/amur-tiger-re-identification
111,ATRW_LILA_BC,000227.jpg,raw/tiger/000227.jpg,Panthera tigris (Amur Tiger),tiger_261,ATRW_Zoo_Cam,ATRW_2019,,,,ATRW_CAM,,https://lila.science/datasets/amur-tiger-re-identification
112,ATRW_LILA_BC,000816.jpg,raw/tiger/000816.jpg,Panthera tigris (Amur Tiger),tiger_259,ATRW_Zoo_Cam,ATRW_2019,,,,ATRW_CAM,,https://lila.science/datasets/amur-tiger-re-identification
113,ATRW_LILA_BC,004526.jpg,raw/tiger/004526.jpg,Panthera tigris (Amur Tiger),tiger_261,ATRW_Zoo_Cam,ATRW_2019,,,,ATRW_CAM,,https://lila.science/datasets/amur-tiger-re-identification
114,ATRW_LILA_BC,004816.jpg,raw/tiger/004816.jpg,Panthera tigris (Amur Tiger),tiger_264,ATRW_Zoo_Cam,ATRW_2019,,,,ATRW_CAM,,https://lila.science/datasets/amur-tiger-re-identification
115,ATRW_LILA_BC,001539.jpg,raw/individual_tiger/tiger_160/001539.jpg,Panthera tigris (Amur Tiger),tiger_160,ATRW_Zoo_Cam,ATRW_2019,,,,ATRW_CAM,,https://lila.science/datasets/amur-tiger-re-identification
116,ATRW_LILA_BC,001652.jpg,raw/tiger/001652.jpg,Panthera tigris (Amur Tiger),tiger_60,ATRW_Zoo_Cam,ATRW_2019,,,,ATRW_CAM,,https://lila.science/datasets/amur-tiger-re-identification
117,ATRW_LILA_BC,000947.jpg,raw/tiger/000947.jpg,Panthera tigris (Amur Tiger),tiger_78,ATRW_Zoo_Cam,ATRW_2019,,,,ATRW_CAM,,https://lila.science/datasets/amur-tiger-re-identification
118,ATRW_LILA_BC,002854.jpg,raw/tiger/002854.jpg,Panthera tigris (Amur Tiger),tiger_265,ATRW_Zoo_Cam,ATRW_2019,,,,ATRW_CAM,,https://lila.science/datasets/amur-tiger-re-identification
119,ATRW_LILA_BC,003957.jpg,raw/tiger/003957.jpg,Panthera tigris (Amur Tiger),tiger_178,ATRW_Zoo_Cam,ATRW_2019,,,,ATRW_CAM,,https://lila.science/datasets/amur-tiger-re-identification
120,ATRW_LILA_BC,003486.jpg,raw/tiger/003486.jpg,Panthera tigris (Amur Tiger),tiger_54,ATRW_Zoo_Cam,ATRW_2019,,,,ATRW_CAM,,https://lila.science/datasets/amur-tiger-re-identification
121,ATRW_LILA_BC,003254.jpg,raw/tiger/003254.jpg,Panthera tigris (Amur Tiger),tiger_237,ATRW_Zoo_Cam,ATRW_2019,,,,ATRW_CAM,,https://lila.science/datasets/amur-tiger-re-identification
122,ATRW_LILA_BC,004084.jpg,raw/tiger/004084.jpg,Panthera tigris (Amur Tiger),tiger_244,ATRW_Zoo_Cam,ATRW_2019,,,,ATRW_CAM,,https://lila.science/datasets/amur-tiger-re-identification
123,ATRW_LILA_BC,000792.jpg,raw/individual_tiger/tiger_243/000792.jpg,Panthera tigris (Amur Tiger),tiger_243,ATRW_Zoo_Cam,ATRW_2019,,,,ATRW_CAM,,https://lila.science/datasets/amur-tiger-re-identification
124,ATRW_LILA_BC,005003.jpg,raw/tiger/005003.jpg,Panthera tigris (Amur Tiger),tiger_66,ATRW_Zoo_Cam,ATRW_2019,,,,ATRW_CAM,,https://lila.science/datasets/amur-tiger-re-identification
125,ATRW_LILA_BC,003089.jpg,raw/tiger/003089.jpg,Panthera tigris (Amur Tiger),tiger_82,ATRW_Zoo_Cam,ATRW_2019,,,,ATRW_CAM,,https://lila.science/datasets/amur-tiger-re-identification
126,ATRW_LILA_BC,004141.jpg,raw/tiger/004141.jpg,Panthera tigris (Amur Tiger),tiger_25,ATRW_Zoo_Cam,ATRW_2019,,,,ATRW_CAM,,https://lila.science/datasets/amur-tiger-re-identification
127,ATRW_LILA_BC,000187.jpg,raw/individual_tiger/tiger_153/000187.jpg,Panthera tigris (Amur Tiger),tiger_153,ATRW_Zoo_Cam,ATRW_2019,,,,ATRW_CAM,,https://lila.science/datasets/amur-tiger-re-identification
128,ATRW_LILA_BC,000968.jpg,raw/tiger/000968.jpg,Panthera tigris (Amur Tiger),tiger_222,ATRW_Zoo_Cam,ATRW_2019,,,,ATRW_CAM,,https://lila.science/datasets/amur-tiger-re-identification
129,ATRW_LILA_BC,000939.jpg,raw/tiger/000939.jpg,Panthera tigris (Amur Tiger),tiger_42,ATRW_Zoo_Cam,ATRW_2019,,,,ATRW_CAM,,https://lila.science/datasets/amur-tiger-re-identification
130,ATRW_LILA_BC,003375.jpg,raw/tiger/003375.jpg,Panthera tigris (Amur Tiger),tiger_198,ATRW_Zoo_Cam,ATRW_2019,,,,ATRW_CAM,,https://lila.science/datasets/amur-tiger-re-identification
131,ATRW_LILA_BC,002839.jpg,raw/tiger/002839.jpg,Panthera tigris (Amur Tiger),tiger_78,ATRW_Zoo_Cam,ATRW_2019,,,,ATRW_CAM,,https://lila.science/datasets/amur-tiger-re-identification
132,ATRW_LILA_BC,002086.jpg,raw/tiger/002086.jpg,Panthera tigris (Amur Tiger),tiger_274,ATRW_Zoo_Cam,ATRW_2019,,,,ATRW_CAM,,https://lila.science/datasets/amur-tiger-re-identification
133,ATRW_LILA_BC,002320.jpg,raw/individual_tiger/tiger_153/002320.jpg,Panthera tigris (Amur Tiger),tiger_153,ATRW_Zoo_Cam,ATRW_2019,,,,ATRW_CAM,,https://lila.science/datasets/amur-tiger-re-identification
134,ATRW_LILA_BC,001074.jpg,raw/tiger/001074.jpg,Panthera tigris (Amur Tiger),tiger_213,ATRW_Zoo_Cam,ATRW_2019,,,,ATRW_CAM,,https://lila.science/datasets/amur-tiger-re-identification
135,ATRW_LILA_BC,002023.jpg,raw/tiger/002023.jpg,Panthera tigris (Amur Tiger),tiger_100,ATRW_Zoo_Cam,ATRW_2019,,,,ATRW_CAM,,https://lila.science/datasets/amur-tiger-re-identification
136,ATRW_LILA_BC,004335.jpg,raw/tiger/004335.jpg,Panthera tigris (Amur Tiger),tiger_196,ATRW_Zoo_Cam,ATRW_2019,,,,ATRW_CAM,,https://lila.science/datasets/amur-tiger-re-identification
137,ATRW_LILA_BC,000094.jpg,raw/tiger/000094.jpg,Panthera tigris (Amur Tiger),tiger_181,ATRW_Zoo_Cam,ATRW_2019,,,,ATRW_CAM,,https://lila.science/datasets/amur-tiger-re-identification
138,ATRW_LILA_BC,003128.jpg,raw/individual_tiger/tiger_246/003128.jpg,Panthera tigris (Amur Tiger),tiger_246,ATRW_Zoo_Cam,ATRW_2019,,,,ATRW_CAM,,https://lila.science/datasets/amur-tiger-re-identification
139,ATRW_LILA_BC,002992.jpg,raw/individual_tiger/tiger_153/002992.jpg,Panthera tigris (Amur Tiger),tiger_153,ATRW_Zoo_Cam,ATRW_2019,,,,ATRW_CAM,,https://lila.science/datasets/amur-tiger-re-identification
140,ATRW_LILA_BC,004936.jpg,raw/individual_tiger/tiger_153/004936.jpg,Panthera tigris (Amur Tiger),tiger_153,ATRW_Zoo_Cam,ATRW_2019,,,,ATRW_CAM,,https://lila.science/datasets/amur-tiger-re-identification
141,ATRW_LILA_BC,000508.jpg,raw/individual_tiger/tiger_153/000508.jpg,Panthera tigris (Amur Tiger),tiger_153,ATRW_Zoo_Cam,ATRW_2019,,,,ATRW_CAM,,https://lila.science/datasets/amur-tiger-re-identification
142,ATRW_LILA_BC,001842.jpg,raw/individual_tiger/tiger_154/001842.jpg,Panthera tigris (Amur Tiger),tiger_154,ATRW_Zoo_Cam,ATRW_2019,,,,ATRW_CAM,,https://lila.science/datasets/amur-tiger-re-identification
143,ATRW_LILA_BC,001135.jpg,raw/individual_tiger/tiger_160/001135.jpg,Panthera tigris (Amur Tiger),tiger_160,ATRW_Zoo_Cam,ATRW_2019,,,,ATRW_CAM,,https://lila.science/datasets/amur-tiger-re-identification
144,ATRW_LILA_BC,000568.jpg,raw/individual_tiger/tiger_136/000568.jpg,Panthera tigris (Amur Tiger),tiger_136,ATRW_Zoo_Cam,ATRW_2019,,,,ATRW_CAM,,https://lila.science/datasets/amur-tiger-re-identification
145,ATRW_LILA_BC,005153.jpg,raw/individual_tiger/tiger_136/005153.jpg,Panthera tigris (Amur Tiger),tiger_136,ATRW_Zoo_Cam,ATRW_2019,,,,ATRW_CAM,,https://lila.science/datasets/amur-tiger-re-identification
146,ATRW_LILA_BC,005023.jpg,raw/individual_tiger/tiger_153/005023.jpg,Panthera tigris (Amur Tiger),tiger_153,ATRW_Zoo_Cam,ATRW_2019,,,,ATRW_CAM,,https://lila.science/datasets/amur-tiger-re-identification
147,ATRW_LILA_BC,002436.jpg,raw/individual_tiger/tiger_136/002436.jpg,Panthera tigris (Amur Tiger),tiger_136,ATRW_Zoo_Cam,ATRW_2019,,,,ATRW_CAM,,https://lila.science/datasets/amur-tiger-re-identification
148,ATRW_LILA_BC,003926.jpg,raw/individual_tiger/tiger_160/003926.jpg,Panthera tigris (Amur Tiger),tiger_160,ATRW_Zoo_Cam,ATRW_2019,,,,ATRW_CAM,,https://lila.science/datasets/amur-tiger-re-identification
149,ATRW_LILA_BC,004444.jpg,raw/individual_tiger/tiger_153/004444.jpg,Panthera tigris (Amur Tiger),tiger_153,ATRW_Zoo_Cam,ATRW_2019,,,,ATRW_CAM,,https://lila.science/datasets/amur-tiger-re-identification
150,ATRW_LILA_BC,002149.jpg,raw/individual_tiger/tiger_160/002149.jpg,Panthera tigris (Amur Tiger),tiger_160,ATRW_Zoo_Cam,ATRW_2019,,,,ATRW_CAM,,https://lila.science/datasets/amur-tiger-re-identification
151,ATRW_LILA_BC,002049.jpg,raw/individual_tiger/tiger_246/002049.jpg,Panthera tigris (Amur Tiger),tiger_246,ATRW_Zoo_Cam,ATRW_2019,,,,ATRW_CAM,,https://lila.science/datasets/amur-tiger-re-identification
152,ATRW_LILA_BC,003944.jpg,raw/individual_tiger/tiger_153/003944.jpg,Panthera tigris (Amur Tiger),tiger_153,ATRW_Zoo_Cam,ATRW_2019,,,,ATRW_CAM,,https://lila.science/datasets/amur-tiger-re-identification
153,ATRW_LILA_BC,000938.jpg,raw/individual_tiger/tiger_153/000938.jpg,Panthera tigris (Amur Tiger),tiger_153,ATRW_Zoo_Cam,ATRW_2019,,,,ATRW_CAM,,https://lila.science/datasets/amur-tiger-re-identification
154,ATRW_LILA_BC,003817.jpg,raw/individual_tiger/tiger_160/003817.jpg,Panthera tigris (Amur Tiger),tiger_160,ATRW_Zoo_Cam,ATRW_2019,,,,ATRW_CAM,,https://lila.science/datasets/amur-tiger-re-identification
155,ATRW_LILA_BC,001044.jpg,raw/individual_tiger/tiger_153/001044.jpg,Panthera tigris (Amur Tiger),tiger_153,ATRW_Zoo_Cam,ATRW_2019,,,,ATRW_CAM,,https://lila.science/datasets/amur-tiger-re-identification
156,ATRW_LILA_BC,000921.jpg,raw/individual_tiger/tiger_136/000921.jpg,Panthera tigris (Amur Tiger),tiger_136,ATRW_Zoo_Cam,ATRW_2019,,,,ATRW_CAM,,https://lila.science/datasets/amur-tiger-re-identification
157,ATRW_LILA_BC,001797.jpg,raw/individual_tiger/tiger_160/001797.jpg,Panthera tigris (Amur Tiger),tiger_160,ATRW_Zoo_Cam,ATRW_2019,,,,ATRW_CAM,,https://lila.science/datasets/amur-tiger-re-identification
158,ATRW_LILA_BC,002546.jpg,raw/individual_tiger/tiger_154/002546.jpg,Panthera tigris (Amur Tiger),tiger_154,ATRW_Zoo_Cam,ATRW_2019,,,,ATRW_CAM,,https://lila.science/datasets/amur-tiger-re-identification
159,ATRW_LILA_BC,001973.jpg,raw/individual_tiger/tiger_160/001973.jpg,Panthera tigris (Amur Tiger),tiger_160,ATRW_Zoo_Cam,ATRW_2019,,,,ATRW_CAM,,https://lila.science/datasets/amur-tiger-re-identification
160,ATRW_LILA_BC,002739.jpg,raw/individual_tiger/tiger_153/002739.jpg,Panthera tigris (Amur Tiger),tiger_153,ATRW_Zoo_Cam,ATRW_2019,,,,ATRW_CAM,,https://lila.science/datasets/amur-tiger-re-identification
161,ATRW_LILA_BC,004325.jpg,raw/individual_tiger/tiger_154/004325.jpg,Panthera tigris (Amur Tiger),tiger_154,ATRW_Zoo_Cam,ATRW_2019,,,,ATRW_CAM,,https://lila.science/datasets/amur-tiger-re-identification
162,ATRW_LILA_BC,000739.jpg,raw/individual_tiger/tiger_160/000739.jpg,Panthera tigris (Amur Tiger),tiger_160,ATRW_Zoo_Cam,ATRW_2019,,,,ATRW_CAM,,https://lila.science/datasets/amur-tiger-re-identification
163,ATRW_LILA_BC,004820.jpg,raw/individual_tiger/tiger_160/004820.jpg,Panthera tigris (Amur Tiger),tiger_160,ATRW_Zoo_Cam,ATRW_2019,,,,ATRW_CAM,,https://lila.science/datasets/amur-tiger-re-identification
164,ATRW_LILA_BC,000592.jpg,raw/individual_tiger/tiger_246/000592.jpg,Panthera tigris (Amur Tiger),tiger_246,ATRW_Zoo_Cam,ATRW_2019,,,,ATRW_CAM,,https://lila.science/datasets/amur-tiger-re-identification
165,ATRW_LILA_BC,001881.jpg,raw/individual_tiger/tiger_160/001881.jpg,Panthera tigris (Amur Tiger),tiger_160,ATRW_Zoo_Cam,ATRW_2019,,,,ATRW_CAM,,https://lila.science/datasets/amur-tiger-re-identification
166,ATRW_LILA_BC,003113.jpg,raw/individual_tiger/tiger_160/003113.jpg,Panthera tigris (Amur Tiger),tiger_160,ATRW_Zoo_Cam,ATRW_2019,,,,ATRW_CAM,,https://lila.science/datasets/amur-tiger-re-identification
167,ATRW_LILA_BC,003909.jpg,raw/individual_tiger/tiger_243/003909.jpg,Panthera tigris (Amur Tiger),tiger_243,ATRW_Zoo_Cam,ATRW_2019,,,,ATRW_CAM,,https://lila.science/datasets/amur-tiger-re-identification
168,ATRW_LILA_BC,000521.jpg,raw/individual_tiger/tiger_160/000521.jpg,Panthera tigris (Amur Tiger),tiger_160,ATRW_Zoo_Cam,ATRW_2019,,,,ATRW_CAM,,https://lila.science/datasets/amur-tiger-re-identification
169,ATRW_LILA_BC,001491.jpg,raw/individual_tiger/tiger_153/001491.jpg,Panthera tigris (Amur Tiger),tiger_153,ATRW_Zoo_Cam,ATRW_2019,,,,ATRW_CAM,,https://lila.science/datasets/amur-tiger-re-identification
170,ATRW_LILA_BC,003826.jpg,raw/individual_tiger/tiger_160/003826.jpg,Panthera tigris (Amur Tiger),tiger_160,ATRW_Zoo_Cam,ATRW_2019,,,,ATRW_CAM,,https://lila.science/datasets/amur-tiger-re-identification
171,ATRW_LILA_BC,004917.jpg,raw/individual_tiger/tiger_160/004917.jpg,Panthera tigris (Amur Tiger),tiger_160,ATRW_Zoo_Cam,ATRW_2019,,,,ATRW_CAM,,https://lila.science/datasets/amur-tiger-re-identification
172,ATRW_LILA_BC,003147.jpg,raw/individual_tiger/tiger_160/003147.jpg,Panthera tigris (Amur Tiger),tiger_160,ATRW_Zoo_Cam,ATRW_2019,,,,ATRW_CAM,,https://lila.science/datasets/amur-tiger-re-identification
173,ATRW_LILA_BC,002769.jpg,raw/individual_tiger/tiger_160/002769.jpg,Panthera tigris (Amur Tiger),tiger_160,ATRW_Zoo_Cam,ATRW_2019,,,,ATRW_CAM,,https://lila.science/datasets/amur-tiger-re-identification
174,ATRW_LILA_BC,002578.jpg,raw/individual_tiger/tiger_160/002578.jpg,Panthera tigris (Amur Tiger),tiger_160,ATRW_Zoo_Cam,ATRW_2019,,,,ATRW_CAM,,https://lila.science/datasets/amur-tiger-re-identification
175,ATRW_LILA_BC,004549.jpg,raw/individual_tiger/tiger_246/004549.jpg,Panthera tigris (Amur Tiger),tiger_246,ATRW_Zoo_Cam,ATRW_2019,,,,ATRW_CAM,,https://lila.science/datasets/amur-tiger-re-identification
176,ATRW_LILA_BC,003134.jpg,raw/individual_tiger/tiger_246/003134.jpg,Panthera tigris (Amur Tiger),tiger_246,ATRW_Zoo_Cam,ATRW_2019,,,,ATRW_CAM,,https://lila.science/datasets/amur-tiger-re-identification
177,ATRW_LILA_BC,002846.jpg,raw/individual_tiger/tiger_243/002846.jpg,Panthera tigris (Amur Tiger),tiger_243,ATRW_Zoo_Cam,ATRW_2019,,,,ATRW_CAM,,https://lila.science/datasets/amur-tiger-re-identification
178,ATRW_LILA_BC,004501.jpg,raw/individual_tiger/tiger_154/004501.jpg,Panthera tigris (Amur Tiger),tiger_154,ATRW_Zoo_Cam,ATRW_2019,,,,ATRW_CAM,,https://lila.science/datasets/amur-tiger-re-identification
179,ATRW_LILA_BC,000179.jpg,raw/individual_tiger/tiger_243/000179.jpg,Panthera tigris (Amur Tiger),tiger_243,ATRW_Zoo_Cam,ATRW_2019,,,,ATRW_CAM,,https://lila.science/datasets/amur-tiger-re-identification
180,ATRW_LILA_BC,004195.jpg,raw/individual_tiger/tiger_160/004195.jpg,Panthera tigris (Amur Tiger),tiger_160,ATRW_Zoo_Cam,ATRW_2019,,,,ATRW_CAM,,https://lila.science/datasets/amur-tiger-re-identification
181,ATRW_LILA_BC,003896.jpg,raw/individual_tiger/tiger_154/003896.jpg,Panthera tigris (Amur Tiger),tiger_154,ATRW_Zoo_Cam,ATRW_2019,,,,ATRW_CAM,,https://lila.science/datasets/amur-tiger-re-identification
182,ATRW_LILA_BC,003839.jpg,raw/individual_tiger/tiger_160/003839.jpg,Panthera tigris (Amur Tiger),tiger_160,ATRW_Zoo_Cam,ATRW_2019,,,,ATRW_CAM,,https://lila.science/datasets/amur-tiger-re-identification
183,ATRW_LILA_BC,003156.jpg,raw/individual_tiger/tiger_154/003156.jpg,Panthera tigris (Amur Tiger),tiger_154,ATRW_Zoo_Cam,ATRW_2019,,,,ATRW_CAM,,https://lila.science/datasets/amur-tiger-re-identification
184,ATRW_LILA_BC,001595.jpg,raw/individual_tiger/tiger_246/001595.jpg,Panthera tigris (Amur Tiger),tiger_246,ATRW_Zoo_Cam,ATRW_2019,,,,ATRW_CAM,,https://lila.science/datasets/amur-tiger-re-identification
185,ATRW_LILA_BC,001223.jpg,raw/individual_tiger/tiger_153/001223.jpg,Panthera tigris (Amur Tiger),tiger_153,ATRW_Zoo_Cam,ATRW_2019,,,,ATRW_CAM,,https://lila.science/datasets/amur-tiger-re-identification
186,ATRW_LILA_BC,001181.jpg,raw/individual_tiger/tiger_154/001181.jpg,Panthera tigris (Amur Tiger),tiger_154,ATRW_Zoo_Cam,ATRW_2019,,,,ATRW_CAM,,https://lila.science/datasets/amur-tiger-re-identification
187,ATRW_LILA_BC,001964.jpg,raw/individual_tiger/tiger_246/001964.jpg,Panthera tigris (Amur Tiger),tiger_246,ATRW_Zoo_Cam,ATRW_2019,,,,ATRW_CAM,,https://lila.science/datasets/amur-tiger-re-identification
188,ATRW_LILA_BC,002119.jpg,raw/individual_tiger/tiger_160/002119.jpg,Panthera tigris (Amur Tiger),tiger_160,ATRW_Zoo_Cam,ATRW_2019,,,,ATRW_CAM,,https://lila.science/datasets/amur-tiger-re-identification
189,ATRW_LILA_BC,000173.jpg,raw/individual_tiger/tiger_243/000173.jpg,Panthera tigris (Amur Tiger),tiger_243,ATRW_Zoo_Cam,ATRW_2019,,,,ATRW_CAM,,https://lila.science/datasets/amur-tiger-re-identification
190,ATRW_LILA_BC,004467.jpg,raw/individual_tiger/tiger_153/004467.jpg,Panthera tigris (Amur Tiger),tiger_153,ATRW_Zoo_Cam,ATRW_2019,,,,ATRW_CAM,,https://lila.science/datasets/amur-tiger-re-identification
191,ATRW_LILA_BC,000245.jpg,raw/individual_tiger/tiger_246/000245.jpg,Panthera tigris (Amur Tiger),tiger_246,ATRW_Zoo_Cam,ATRW_2019,,,,ATRW_CAM,,https://lila.science/datasets/amur-tiger-re-identification
192,ATRW_LILA_BC,001389.jpg,raw/individual_tiger/tiger_160/001389.jpg,Panthera tigris (Amur Tiger),tiger_160,ATRW_Zoo_Cam,ATRW_2019,,,,ATRW_CAM,,https://lila.science/datasets/amur-tiger-re-identification
193,ATRW_LILA_BC,003677.jpg,raw/individual_tiger/tiger_136/003677.jpg,Panthera tigris (Amur Tiger),tiger_136,ATRW_Zoo_Cam,ATRW_2019,,,,ATRW_CAM,,https://lila.science/datasets/amur-tiger-re-identification
194,ATRW_LILA_BC,000696.jpg,raw/individual_tiger/tiger_154/000696.jpg,Panthera tigris (Amur Tiger),tiger_154,ATRW_Zoo_Cam,ATRW_2019,,,,ATRW_CAM,,https://lila.science/datasets/amur-tiger-re-identification
195,ATRW_LILA_BC,004613.jpg,raw/individual_tiger/tiger_153/004613.jpg,Panthera tigris (Amur Tiger),tiger_153,ATRW_Zoo_Cam,ATRW_2019,,,,ATRW_CAM,,https://lila.science/datasets/amur-tiger-re-identification
196,ATRW_LILA_BC,002315.jpg,raw/individual_tiger/tiger_243/002315.jpg,Panthera tigris (Amur Tiger),tiger_243,ATRW_Zoo_Cam,ATRW_2019,,,,ATRW_CAM,,https://lila.science/datasets/amur-tiger-re-identification
197,ATRW_LILA_BC,000627.jpg,raw/individual_tiger/tiger_153/000627.jpg,Panthera tigris (Amur Tiger),tiger_153,ATRW_Zoo_Cam,ATRW_2019,,,,ATRW_CAM,,https://lila.science/datasets/amur-tiger-re-identification
198,ATRW_LILA_BC,004050.jpg,raw/individual_tiger/tiger_243/004050.jpg,Panthera tigris (Amur Tiger),tiger_243,ATRW_Zoo_Cam,ATRW_2019,,,,ATRW_CAM,,https://lila.science/datasets/amur-tiger-re-identification
199,ATRW_LILA_BC,000754.jpg,raw/individual_tiger/tiger_136/000754.jpg,Panthera tigris (Amur Tiger),tiger_136,ATRW_Zoo_Cam,ATRW_2019,,,,ATRW_CAM,,https://lila.science/datasets/amur-tiger-re-identification
200,ATRW_LILA_BC,003674.jpg,raw/individual_tiger/tiger_160/003674.jpg,Panthera tigris (Amur Tiger),tiger_160,ATRW_Zoo_Cam,ATRW_2019,,,,ATRW_CAM,,https://lila.science/datasets/amur-tiger-re-identification
201,ATRW_LILA_BC,000311.jpg,raw/individual_tiger/tiger_160/000311.jpg,Panthera tigris (Amur Tiger),tiger_160,ATRW_Zoo_Cam,ATRW_2019,,,,ATRW_CAM,,https://lila.science/datasets/amur-tiger-re-identification
202,ATRW_LILA_BC,000523.jpg,raw/individual_tiger/tiger_160/000523.jpg,Panthera tigris (Amur Tiger),tiger_160,ATRW_Zoo_Cam,ATRW_2019,,,,ATRW_CAM,,https://lila.science/datasets/amur-tiger-re-identification
203,ATRW_LILA_BC,000656.jpg,raw/individual_tiger/tiger_153/000656.jpg,Panthera tigris (Amur Tiger),tiger_153,ATRW_Zoo_Cam,ATRW_2019,,,,ATRW_CAM,,https://lila.science/datasets/amur-tiger-re-identification
204,ATRW_LILA_BC,000105.jpg,raw/individual_tiger/tiger_153/000105.jpg,Panthera tigris (Amur Tiger),tiger_153,ATRW_Zoo_Cam,ATRW_2019,,,,ATRW_CAM,,https://lila.science/datasets/amur-tiger-re-identification
205,ATRW_LILA_BC,000732.jpg,raw/individual_tiger/tiger_243/000732.jpg,Panthera tigris (Amur Tiger),tiger_243,ATRW_Zoo_Cam,ATRW_2019,,,,ATRW_CAM,,https://lila.science/datasets/amur-tiger-re-identification
206,ATRW_LILA_BC,000606.jpg,raw/individual_tiger/tiger_153/000606.jpg,Panthera tigris (Amur Tiger),tiger_153,ATRW_Zoo_Cam,ATRW_2019,,,,ATRW_CAM,,https://lila.science/datasets/amur-tiger-re-identification
207,ATRW_LILA_BC,003377.jpg,raw/individual_tiger/tiger_160/003377.jpg,Panthera tigris (Amur Tiger),tiger_160,ATRW_Zoo_Cam,ATRW_2019,,,,ATRW_CAM,,https://lila.science/datasets/amur-tiger-re-identification
208,ATRW_LILA_BC,001718.jpg,raw/individual_tiger/tiger_154/001718.jpg,Panthera tigris (Amur Tiger),tiger_154,ATRW_Zoo_Cam,ATRW_2019,,,,ATRW_CAM,,https://lila.science/datasets/amur-tiger-re-identification
209,ATRW_LILA_BC,000212.jpg,raw/individual_tiger/tiger_154/000212.jpg,Panthera tigris (Amur Tiger),tiger_154,ATRW_Zoo_Cam,ATRW_2019,,,,ATRW_CAM,,https://lila.science/datasets/amur-tiger-re-identification
210,ATRW_LILA_BC,003150.jpg,raw/individual_tiger/tiger_154/003150.jpg,Panthera tigris (Amur Tiger),tiger_154,ATRW_Zoo_Cam,ATRW_2019,,,,ATRW_CAM,,https://lila.science/datasets/amur-tiger-re-identification
211,ATRW_LILA_BC,003641.jpg,raw/individual_tiger/tiger_160/003641.jpg,Panthera tigris (Amur Tiger),tiger_160,ATRW_Zoo_Cam,ATRW_2019,,,,ATRW_CAM,,https://lila.science/datasets/amur-tiger-re-identification
212,ATRW_LILA_BC,001137.jpg,raw/individual_tiger/tiger_160/001137.jpg,Panthera tigris (Amur Tiger),tiger_160,ATRW_Zoo_Cam,ATRW_2019,,,,ATRW_CAM,,https://lila.science/datasets/amur-tiger-re-identification
213,ATRW_LILA_BC,002729.jpg,raw/individual_tiger/tiger_160/002729.jpg,Panthera tigris (Amur Tiger),tiger_160,ATRW_Zoo_Cam,ATRW_2019,,,,ATRW_CAM,,https://lila.science/datasets/amur-tiger-re-identification
214,ATRW_LILA_BC,004597.jpg,raw/individual_tiger/tiger_153/004597.jpg,Panthera tigris (Amur Tiger),tiger_153,ATRW_Zoo_Cam,ATRW_2019,,,,ATRW_CAM,,https://lila.science/datasets/amur-tiger-re-identification
215,ATRW_LILA_BC,001155.jpg,raw/individual_tiger/tiger_153/001155.jpg,Panthera tigris (Amur Tiger),tiger_153,ATRW_Zoo_Cam,ATRW_2019,,,,ATRW_CAM,,https://lila.science/datasets/amur-tiger-re-identification
216,ATRW_LILA_BC,003307.jpg,raw/individual_tiger/tiger_154/003307.jpg,Panthera tigris (Amur Tiger),tiger_154,ATRW_Zoo_Cam,ATRW_2019,,,,ATRW_CAM,,https://lila.science/datasets/amur-tiger-re-identification
217,ATRW_LILA_BC,003683.jpg,raw/individual_tiger/tiger_243/003683.jpg,Panthera tigris (Amur Tiger),tiger_243,ATRW_Zoo_Cam,ATRW_2019,,,,ATRW_CAM,,https://lila.science/datasets/amur-tiger-re-identification
218,ATRW_LILA_BC,001558.jpg,raw/individual_tiger/tiger_243/001558.jpg,Panthera tigris (Amur Tiger),tiger_243,ATRW_Zoo_Cam,ATRW_2019,,,,ATRW_CAM,,https://lila.science/datasets/amur-tiger-re-identification
219,ATRW_LILA_BC,003990.jpg,raw/individual_tiger/tiger_246/003990.jpg,Panthera tigris (Amur Tiger),tiger_246,ATRW_Zoo_Cam,ATRW_2019,,,,ATRW_CAM,,https://lila.science/datasets/amur-tiger-re-identification
220,ATRW_LILA_BC,003120.jpg,raw/individual_tiger/tiger_160/003120.jpg,Panthera tigris (Amur Tiger),tiger_160,ATRW_Zoo_Cam,ATRW_2019,,,,ATRW_CAM,,https://lila.science/datasets/amur-tiger-re-identification
221,ATRW_LILA_BC,002646.jpg,raw/individual_tiger/tiger_153/002646.jpg,Panthera tigris (Amur Tiger),tiger_153,ATRW_Zoo_Cam,ATRW_2019,,,,ATRW_CAM,,https://lila.science/datasets/amur-tiger-re-identification
222,ATRW_LILA_BC,000951.jpg,raw/individual_tiger/tiger_153/000951.jpg,Panthera tigris (Amur Tiger),tiger_153,ATRW_Zoo_Cam,ATRW_2019,,,,ATRW_CAM,,https://lila.science/datasets/amur-tiger-re-identification
223,ATRW_LILA_BC,005129.jpg,raw/individual_tiger/tiger_243/005129.jpg,Panthera tigris (Amur Tiger),tiger_243,ATRW_Zoo_Cam,ATRW_2019,,,,ATRW_CAM,,https://lila.science/datasets/amur-tiger-re-identification
224,ATRW_LILA_BC,002652.jpg,raw/individual_tiger/tiger_160/002652.jpg,Panthera tigris (Amur Tiger),tiger_160,ATRW_Zoo_Cam,ATRW_2019,,,,ATRW_CAM,,https://lila.science/datasets/amur-tiger-re-identification
225,ATRW_LILA_BC,004256.jpg,raw/individual_tiger/tiger_154/004256.jpg,Panthera tigris (Amur Tiger),tiger_154,ATRW_Zoo_Cam,ATRW_2019,,,,ATRW_CAM,,https://lila.science/datasets/amur-tiger-re-identification
226,ATRW_LILA_BC,000420.jpg,raw/individual_tiger/tiger_246/000420.jpg,Panthera tigris (Amur Tiger),tiger_246,ATRW_Zoo_Cam,ATRW_2019,,,,ATRW_CAM,,https://lila.science/datasets/amur-tiger-re-identification
227,ATRW_LILA_BC,002238.jpg,raw/individual_tiger/tiger_160/002238.jpg,Panthera tigris (Amur Tiger),tiger_160,ATRW_Zoo_Cam,ATRW_2019,,,,ATRW_CAM,,https://lila.science/datasets/amur-tiger-re-identification
228,ATRW_LILA_BC,002504.jpg,raw/individual_tiger/tiger_154/002504.jpg,Panthera tigris (Amur Tiger),tiger_154,ATRW_Zoo_Cam,ATRW_2019,,,,ATRW_CAM,,https://lila.science/datasets/amur-tiger-re-identification
229,ATRW_LILA_BC,000014.jpg,raw/individual_tiger/tiger_154/000014.jpg,Panthera tigris (Amur Tiger),tiger_154,ATRW_Zoo_Cam,ATRW_2019,,,,ATRW_CAM,,https://lila.science/datasets/amur-tiger-re-identification
230,ATRW_LILA_BC,004743.jpg,raw/individual_tiger/tiger_246/004743.jpg,Panthera tigris (Amur Tiger),tiger_246,ATRW_Zoo_Cam,ATRW_2019,,,,ATRW_CAM,,https://lila.science/datasets/amur-tiger-re-identification
231,ATRW_LILA_BC,001914.jpg,raw/individual_tiger/tiger_243/001914.jpg,Panthera tigris (Amur Tiger),tiger_243,ATRW_Zoo_Cam,ATRW_2019,,,,ATRW_CAM,,https://lila.science/datasets/amur-tiger-re-identification
232,ATRW_LILA_BC,000372.jpg,raw/individual_tiger/tiger_160/000372.jpg,Panthera tigris (Amur Tiger),tiger_160,ATRW_Zoo_Cam,ATRW_2019,,,,ATRW_CAM,,https://lila.science/datasets/amur-tiger-re-identification
233,ATRW_LILA_BC,003548.jpg,raw/individual_tiger/tiger_160/003548.jpg,Panthera tigris (Amur Tiger),tiger_160,ATRW_Zoo_Cam,ATRW_2019,,,,ATRW_CAM,,https://lila.science/datasets/amur-tiger-re-identification
234,ATRW_LILA_BC,001376.jpg,raw/individual_tiger/tiger_153/001376.jpg,Panthera tigris (Amur Tiger),tiger_153,ATRW_Zoo_Cam,ATRW_2019,,,,ATRW_CAM,,https://lila.science/datasets/amur-tiger-re-identification
235,ATRW_LILA_BC,003205.jpg,raw/individual_tiger/tiger_246/003205.jpg,Panthera tigris (Amur Tiger),tiger_246,ATRW_Zoo_Cam,ATRW_2019,,,,ATRW_CAM,,https://lila.science/datasets/amur-tiger-re-identification
236,ATRW_LILA_BC,001590.jpg,raw/individual_tiger/tiger_153/001590.jpg,Panthera tigris (Amur Tiger),tiger_153,ATRW_Zoo_Cam,ATRW_2019,,,,ATRW_CAM,,https://lila.science/datasets/amur-tiger-re-identification
237,ATRW_LILA_BC,005048.jpg,raw/individual_tiger/tiger_160/005048.jpg,Panthera tigris (Amur Tiger),tiger_160,ATRW_Zoo_Cam,ATRW_2019,,,,ATRW_CAM,,https://lila.science/datasets/amur-tiger-re-identification
238,ATRW_LILA_BC,004239.jpg,raw/individual_tiger/tiger_153/004239.jpg,Panthera tigris (Amur Tiger),tiger_153,ATRW_Zoo_Cam,ATRW_2019,,,,ATRW_CAM,,https://lila.science/datasets/amur-tiger-re-identification
239,ATRW_LILA_BC,001670.jpg,raw/individual_tiger/tiger_243/001670.jpg,Panthera tigris (Amur Tiger),tiger_243,ATRW_Zoo_Cam,ATRW_2019,,,,ATRW_CAM,,https://lila.science/datasets/amur-tiger-re-identification
240,ATRW_LILA_BC,002849.jpg,raw/individual_tiger/tiger_246/002849.jpg,Panthera tigris (Amur Tiger),tiger_246,ATRW_Zoo_Cam,ATRW_2019,,,,ATRW_CAM,,https://lila.science/datasets/amur-tiger-re-identification
241,ATRW_LILA_BC,004204.jpg,raw/individual_tiger/tiger_160/004204.jpg,Panthera tigris (Amur Tiger),tiger_160,ATRW_Zoo_Cam,ATRW_2019,,,,ATRW_CAM,,https://lila.science/datasets/amur-tiger-re-identification
242,ATRW_LILA_BC,001523.jpg,raw/individual_tiger/tiger_136/001523.jpg,Panthera tigris (Amur Tiger),tiger_136,ATRW_Zoo_Cam,ATRW_2019,,,,ATRW_CAM,,https://lila.science/datasets/amur-tiger-re-identification
243,ATRW_LILA_BC,003064.jpg,raw/individual_tiger/tiger_154/003064.jpg,Panthera tigris (Amur Tiger),tiger_154,ATRW_Zoo_Cam,ATRW_2019,,,,ATRW_CAM,,https://lila.science/datasets/amur-tiger-re-identification
244,ATRW_LILA_BC,001301.jpg,raw/individual_tiger/tiger_160/001301.jpg,Panthera tigris (Amur Tiger),tiger_160,ATRW_Zoo_Cam,ATRW_2019,,,,ATRW_CAM,,https://lila.science/datasets/amur-tiger-re-identification
245,ATRW_LILA_BC,001746.jpg,raw/individual_tiger/tiger_154/001746.jpg,Panthera tigris (Amur Tiger),tiger_154,ATRW_Zoo_Cam,ATRW_2019,,,,ATRW_CAM,,https://lila.science/datasets/amur-tiger-re-identification
246,ATRW_LILA_BC,003532.jpg,raw/individual_tiger/tiger_136/003532.jpg,Panthera tigris (Amur Tiger),tiger_136,ATRW_Zoo_Cam,ATRW_2019,,,,ATRW_CAM,,https://lila.science/datasets/amur-tiger-re-identification
247,ATRW_LILA_BC,003343.jpg,raw/individual_tiger/tiger_153/003343.jpg,Panthera tigris (Amur Tiger),tiger_153,ATRW_Zoo_Cam,ATRW_2019,,,,ATRW_CAM,,https://lila.science/datasets/amur-tiger-re-identification
248,ATRW_LILA_BC,002651.jpg,raw/individual_tiger/tiger_153/002651.jpg,Panthera tigris (Amur Tiger),tiger_153,ATRW_Zoo_Cam,ATRW_2019,,,,ATRW_CAM,,https://lila.science/datasets/amur-tiger-re-identification
249,ATRW_LILA_BC,001251.jpg,raw/individual_tiger/tiger_154/001251.jpg,Panthera tigris (Amur Tiger),tiger_154,ATRW_Zoo_Cam,ATRW_2019,,,,ATRW_CAM,,https://lila.science/datasets/amur-tiger-re-identification
250,ATRW_LILA_BC,002829.jpg,raw/individual_tiger/tiger_154/002829.jpg,Panthera tigris (Amur Tiger),tiger_154,ATRW_Zoo_Cam,ATRW_2019,,,,ATRW_CAM,,https://lila.science/datasets/amur-tiger-re-identification
251,ATRW_LILA_BC,000925.jpg,raw/individual_tiger/tiger_153/000925.jpg,Panthera tigris (Amur Tiger),tiger_153,ATRW_Zoo_Cam,ATRW_2019,,,,ATRW_CAM,,https://lila.science/datasets/amur-tiger-re-identification
252,ATRW_LILA_BC,003538.jpg,raw/individual_tiger/tiger_243/003538.jpg,Panthera tigris (Amur Tiger),tiger_243,ATRW_Zoo_Cam,ATRW_2019,,,,ATRW_CAM,,https://lila.science/datasets/amur-tiger-re-identification
253,ATRW_LILA_BC,003866.jpg,raw/individual_tiger/tiger_246/003866.jpg,Panthera tigris (Amur Tiger),tiger_246,ATRW_Zoo_Cam,ATRW_2019,,,,ATRW_CAM,,https://lila.science/datasets/amur-tiger-re-identification
254,ATRW_LILA_BC,003887.jpg,raw/individual_tiger/tiger_136/003887.jpg,Panthera tigris (Amur Tiger),tiger_136,ATRW_Zoo_Cam,ATRW_2019,,,,ATRW_CAM,,https://lila.science/datasets/amur-tiger-re-identification
255,ATRW_LILA_BC,004463.jpg,raw/individual_tiger/tiger_136/004463.jpg,Panthera tigris (Amur Tiger),tiger_136,ATRW_Zoo_Cam,ATRW_2019,,,,ATRW_CAM,,https://lila.science/datasets/amur-tiger-re-identification
256,ATRW_LILA_BC,000236.jpg,raw/individual_tiger/tiger_243/000236.jpg,Panthera tigris (Amur Tiger),tiger_243,ATRW_Zoo_Cam,ATRW_2019,,,,ATRW_CAM,,https://lila.science/datasets/amur-tiger-re-identification
257,ATRW_LILA_BC,002638.jpg,raw/individual_tiger/tiger_246/002638.jpg,Panthera tigris (Amur Tiger),tiger_246,ATRW_Zoo_Cam,ATRW_2019,,,,ATRW_CAM,,https://lila.science/datasets/amur-tiger-re-identification
258,ATRW_LILA_BC,001358.jpg,raw/individual_tiger/tiger_160/001358.jpg,Panthera tigris (Amur Tiger),tiger_160,ATRW_Zoo_Cam,ATRW_2019,,,,ATRW_CAM,,https://lila.science/datasets/amur-tiger-re-identification
259,ATRW_LILA_BC,001699.jpg,raw/individual_tiger/tiger_160/001699.jpg,Panthera tigris (Amur Tiger),tiger_160,ATRW_Zoo_Cam,ATRW_2019,,,,ATRW_CAM,,https://lila.science/datasets/amur-tiger-re-identification
260,ATRW_LILA_BC,001549.jpg,raw/individual_tiger/tiger_154/001549.jpg,Panthera tigris (Amur Tiger),tiger_154,ATRW_Zoo_Cam,ATRW_2019,,,,ATRW_CAM,,https://lila.science/datasets/amur-tiger-re-identification
261,ATRW_LILA_BC,000505.jpg,raw/individual_tiger/tiger_154/000505.jpg,Panthera tigris (Amur Tiger),tiger_154,ATRW_Zoo_Cam,ATRW_2019,,,,ATRW_CAM,,https://lila.science/datasets/amur-tiger-re-identification
262,ATRW_LILA_BC,001694.jpg,raw/individual_tiger/tiger_160/001694.jpg,Panthera tigris (Amur Tiger),tiger_160,ATRW_Zoo_Cam,ATRW_2019,,,,ATRW_CAM,,https://lila.science/datasets/amur-tiger-re-identification
263,ATRW_LILA_BC,001994.jpg,raw/individual_tiger/tiger_153/001994.jpg,Panthera tigris (Amur Tiger),tiger_153,ATRW_Zoo_Cam,ATRW_2019,,,,ATRW_CAM,,https://lila.science/datasets/amur-tiger-re-identification
264,ATRW_LILA_BC,005150.jpg,raw/individual_tiger/tiger_136/005150.jpg,Panthera tigris (Amur Tiger),tiger_136,ATRW_Zoo_Cam,ATRW_2019,,,,ATRW_CAM,,https://lila.science/datasets/amur-tiger-re-identification
265,ATRW_LILA_BC,001332.jpg,raw/individual_tiger/tiger_153/001332.jpg,Panthera tigris (Amur Tiger),tiger_153,ATRW_Zoo_Cam,ATRW_2019,,,,ATRW_CAM,,https://lila.science/datasets/amur-tiger-re-identification
266,ATRW_LILA_BC,003374.jpg,raw/individual_tiger/tiger_136/003374.jpg,Panthera tigris (Amur Tiger),tiger_136,ATRW_Zoo_Cam,ATRW_2019,,,,ATRW_CAM,,https://lila.science/datasets/amur-tiger-re-identification
267,ATRW_LILA_BC,002731.jpg,raw/individual_tiger/tiger_160/002731.jpg,Panthera tigris (Amur Tiger),tiger_160,ATRW_Zoo_Cam,ATRW_2019,,,,ATRW_CAM,,https://lila.science/datasets/amur-tiger-re-identification
268,ATRW_LILA_BC,002943.jpg,raw/individual_tiger/tiger_153/002943.jpg,Panthera tigris (Amur Tiger),tiger_153,ATRW_Zoo_Cam,ATRW_2019,,,,ATRW_CAM,,https://lila.science/datasets/amur-tiger-re-identification
269,ATRW_LILA_BC,002112.jpg,raw/individual_tiger/tiger_136/002112.jpg,Panthera tigris (Amur Tiger),tiger_136,ATRW_Zoo_Cam,ATRW_2019,,,,ATRW_CAM,,https://lila.science/datasets/amur-tiger-re-identification
270,ATRW_LILA_BC,002425.jpg,raw/individual_tiger/tiger_160/002425.jpg,Panthera tigris (Amur Tiger),tiger_160,ATRW_Zoo_Cam,ATRW_2019,,,,ATRW_CAM,,https://lila.science/datasets/amur-tiger-re-identification
271,ATRW_LILA_BC,004554.jpg,raw/individual_tiger/tiger_160/004554.jpg,Panthera tigris (Amur Tiger),tiger_160,ATRW_Zoo_Cam,ATRW_2019,,,,ATRW_CAM,,https://lila.science/datasets/amur-tiger-re-identification
272,ATRW_LILA_BC,001854.jpg,raw/individual_tiger/tiger_154/001854.jpg,Panthera tigris (Amur Tiger),tiger_154,ATRW_Zoo_Cam,ATRW_2019,,,,ATRW_CAM,,https://lila.science/datasets/amur-tiger-re-identification
273,ATRW_LILA_BC,004609.jpg,raw/individual_tiger/tiger_243/004609.jpg,Panthera tigris (Amur Tiger),tiger_243,ATRW_Zoo_Cam,ATRW_2019,,,,ATRW_CAM,,https://lila.science/datasets/amur-tiger-re-identification
274,ATRW_LILA_BC,001273.jpg,raw/individual_tiger/tiger_246/001273.jpg,Panthera tigris (Amur Tiger),tiger_246,ATRW_Zoo_Cam,ATRW_2019,,,,ATRW_CAM,,https://lila.science/datasets/amur-tiger-re-identification
275,ATRW_LILA_BC,001538.jpg,raw/individual_tiger/tiger_154/001538.jpg,Panthera tigris (Amur Tiger),tiger_154,ATRW_Zoo_Cam,ATRW_2019,,,,ATRW_CAM,,https://lila.science/datasets/amur-tiger-re-identification
276,ATRW_LILA_BC,003225.jpg,raw/individual_tiger/tiger_160/003225.jpg,Panthera tigris (Amur Tiger),tiger_160,ATRW_Zoo_Cam,ATRW_2019,,,,ATRW_CAM,,https://lila.science/datasets/amur-tiger-re-identification
277,ATRW_LILA_BC,002270.jpg,raw/individual_tiger/tiger_243/002270.jpg,Panthera tigris (Amur Tiger),tiger_243,ATRW_Zoo_Cam,ATRW_2019,,,,ATRW_CAM,,https://lila.science/datasets/amur-tiger-re-identification
278,ATRW_LILA_BC,000718.jpg,raw/individual_tiger/tiger_153/000718.jpg,Panthera tigris (Amur Tiger),tiger_153,ATRW_Zoo_Cam,ATRW_2019,,,,ATRW_CAM,,https://lila.science/datasets/amur-tiger-re-identification
279,ATRW_LILA_BC,004582.jpg,raw/individual_tiger/tiger_246/004582.jpg,Panthera tigris (Amur Tiger),tiger_246,ATRW_Zoo_Cam,ATRW_2019,,,,ATRW_CAM,,https://lila.science/datasets/amur-tiger-re-identification
280,ATRW_LILA_BC,004821.jpg,raw/individual_tiger/tiger_246/004821.jpg,Panthera tigris (Amur Tiger),tiger_246,ATRW_Zoo_Cam,ATRW_2019,,,,ATRW_CAM,,https://lila.science/datasets/amur-tiger-re-identification
281,ATRW_LILA_BC,004722.jpg,raw/individual_tiger/tiger_136/004722.jpg,Panthera tigris (Amur Tiger),tiger_136,ATRW_Zoo_Cam,ATRW_2019,,,,ATRW_CAM,,https://lila.science/datasets/amur-tiger-re-identification
282,ATRW_LILA_BC,004125.jpg,raw/individual_tiger/tiger_153/004125.jpg,Panthera tigris (Amur Tiger),tiger_153,ATRW_Zoo_Cam,ATRW_2019,,,,ATRW_CAM,,https://lila.science/datasets/amur-tiger-re-identification
283,ATRW_LILA_BC,002019.jpg,raw/individual_tiger/tiger_153/002019.jpg,Panthera tigris (Amur Tiger),tiger_153,ATRW_Zoo_Cam,ATRW_2019,,,,ATRW_CAM,,https://lila.science/datasets/amur-tiger-re-identification
284,ATRW_LILA_BC,002140.jpg,raw/individual_tiger/tiger_243/002140.jpg,Panthera tigris (Amur Tiger),tiger_243,ATRW_Zoo_Cam,ATRW_2019,,,,ATRW_CAM,,https://lila.science/datasets/amur-tiger-re-identification
285,ATRW_LILA_BC,004275.jpg,raw/individual_tiger/tiger_153/004275.jpg,Panthera tigris (Amur Tiger),tiger_153,ATRW_Zoo_Cam,ATRW_2019,,,,ATRW_CAM,,https://lila.science/datasets/amur-tiger-re-identification
286,ATRW_LILA_BC,004850.jpg,raw/individual_tiger/tiger_246/004850.jpg,Panthera tigris (Amur Tiger),tiger_246,ATRW_Zoo_Cam,ATRW_2019,,,,ATRW_CAM,,https://lila.science/datasets/amur-tiger-re-identification
287,ATRW_LILA_BC,004171.jpg,raw/individual_tiger/tiger_243/004171.jpg,Panthera tigris (Amur Tiger),tiger_243,ATRW_Zoo_Cam,ATRW_2019,,,,ATRW_CAM,,https://lila.science/datasets/amur-tiger-re-identification
288,ATRW_LILA_BC,002322.jpg,raw/individual_tiger/tiger_153/002322.jpg,Panthera tigris (Amur Tiger),tiger_153,ATRW_Zoo_Cam,ATRW_2019,,,,ATRW_CAM,,https://lila.science/datasets/amur-tiger-re-identification
289,ATRW_LILA_BC,001153.jpg,raw/individual_tiger/tiger_160/001153.jpg,Panthera tigris (Amur Tiger),tiger_160,ATRW_Zoo_Cam,ATRW_2019,,,,ATRW_CAM,,https://lila.science/datasets/amur-tiger-re-identification
290,ATRW_LILA_BC,000471.jpg,raw/individual_tiger/tiger_243/000471.jpg,Panthera tigris (Amur Tiger),tiger_243,ATRW_Zoo_Cam,ATRW_2019,,,,ATRW_CAM,,https://lila.science/datasets/amur-tiger-re-identification
291,ATRW_LILA_BC,003613.jpg,raw/individual_tiger/tiger_243/003613.jpg,Panthera tigris (Amur Tiger),tiger_243,ATRW_Zoo_Cam,ATRW_2019,,,,ATRW_CAM,,https://lila.science/datasets/amur-tiger-re-identification
292,ATRW_LILA_BC,000932.jpg,raw/individual_tiger/tiger_136/000932.jpg,Panthera tigris (Amur Tiger),tiger_136,ATRW_Zoo_Cam,ATRW_2019,,,,ATRW_CAM,,https://lila.science/datasets/amur-tiger-re-identification
293,ATRW_LILA_BC,004177.jpg,raw/individual_tiger/tiger_160/004177.jpg,Panthera tigris (Amur Tiger),tiger_160,ATRW_Zoo_Cam,ATRW_2019,,,,ATRW_CAM,,https://lila.science/datasets/amur-tiger-re-identification
294,ATRW_LILA_BC,001919.jpg,raw/individual_tiger/tiger_154/001919.jpg,Panthera tigris (Amur Tiger),tiger_154,ATRW_Zoo_Cam,ATRW_2019,,,,ATRW_CAM,,https://lila.science/datasets/amur-tiger-re-identification
295,ATRW_LILA_BC,004109.jpg,raw/individual_tiger/tiger_153/004109.jpg,Panthera tigris (Amur Tiger),tiger_153,ATRW_Zoo_Cam,ATRW_2019,,,,ATRW_CAM,,https://lila.science/datasets/amur-tiger-re-identification
296,ATRW_LILA_BC,002492.jpg,raw/individual_tiger/tiger_246/002492.jpg,Panthera tigris (Amur Tiger),tiger_246,ATRW_Zoo_Cam,ATRW_2019,,,,ATRW_CAM,,https://lila.science/datasets/amur-tiger-re-identification
297,ATRW_LILA_BC,000257.jpg,raw/individual_tiger/tiger_160/000257.jpg,Panthera tigris (Amur Tiger),tiger_160,ATRW_Zoo_Cam,ATRW_2019,,,,ATRW_CAM,,https://lila.science/datasets/amur-tiger-re-identification
298,ATRW_LILA_BC,001064.jpg,raw/individual_tiger/tiger_246/001064.jpg,Panthera tigris (Amur Tiger),tiger_246,ATRW_Zoo_Cam,ATRW_2019,,,,ATRW_CAM,,https://lila.science/datasets/amur-tiger-re-identification
299,ATRW_LILA_BC,005149.jpg,raw/individual_tiger/tiger_243/005149.jpg,Panthera tigris (Amur Tiger),tiger_243,ATRW_Zoo_Cam,ATRW_2019,,,,ATRW_CAM,,https://lila.science/datasets/amur-tiger-re-identification
300,ATRW_LILA_BC,003557.jpg,raw/individual_tiger/tiger_160/003557.jpg,Panthera tigris (Amur Tiger),tiger_160,ATRW_Zoo_Cam,ATRW_2019,,,,ATRW_CAM,,https://lila.science/datasets/amur-tiger-re-identification
301,ATRW_LILA_BC,000927.jpg,raw/individual_tiger/tiger_153/000927.jpg,Panthera tigris (Amur Tiger),tiger_153,ATRW_Zoo_Cam,ATRW_2019,,,,ATRW_CAM,,https://lila.science/datasets/amur-tiger-re-identification
302,ATRW_LILA_BC,000269.jpg,raw/individual_tiger/tiger_153/000269.jpg,Panthera tigris (Amur Tiger),tiger_153,ATRW_Zoo_Cam,ATRW_2019,,,,ATRW_CAM,,https://lila.science/datasets/amur-tiger-re-identification
303,ATRW_LILA_BC,000678.jpg,raw/individual_tiger/tiger_153/000678.jpg,Panthera tigris (Amur Tiger),tiger_153,ATRW_Zoo_Cam,ATRW_2019,,,,ATRW_CAM,,https://lila.science/datasets/amur-tiger-re-identification
304,ATRW_LILA_BC,003876.jpg,raw/individual_tiger/tiger_246/003876.jpg,Panthera tigris (Amur Tiger),tiger_246,ATRW_Zoo_Cam,ATRW_2019,,,,ATRW_CAM,,https://lila.science/datasets/amur-tiger-re-identification
305,ATRW_LILA_BC,004822.jpg,raw/individual_tiger/tiger_160/004822.jpg,Panthera tigris (Amur Tiger),tiger_160,ATRW_Zoo_Cam,ATRW_2019,,,,ATRW_CAM,,https://lila.science/datasets/amur-tiger-re-identification
306,ATRW_LILA_BC,000636.jpg,raw/individual_tiger/tiger_160/000636.jpg,Panthera tigris (Amur Tiger),tiger_160,ATRW_Zoo_Cam,ATRW_2019,,,,ATRW_CAM,,https://lila.science/datasets/amur-tiger-re-identification
307,ATRW_LILA_BC,000860.jpg,raw/individual_tiger/tiger_153/000860.jpg,Panthera tigris (Amur Tiger),tiger_153,ATRW_Zoo_Cam,ATRW_2019,,,,ATRW_CAM,,https://lila.science/datasets/amur-tiger-re-identification
308,ATRW_LILA_BC,004348.jpg,raw/individual_tiger/tiger_153/004348.jpg,Panthera tigris (Amur Tiger),tiger_153,ATRW_Zoo_Cam,ATRW_2019,,,,ATRW_CAM,,https://lila.science/datasets/amur-tiger-re-identification
309,ATRW_LILA_BC,003027.jpg,raw/individual_tiger/tiger_153/003027.jpg,Panthera tigris (Amur Tiger),tiger_153,ATRW_Zoo_Cam,ATRW_2019,,,,ATRW_CAM,,https://lila.science/datasets/amur-tiger-re-identification
310,ATRW_LILA_BC,001579.jpg,raw/individual_tiger/tiger_246/001579.jpg,Panthera tigris (Amur Tiger),tiger_246,ATRW_Zoo_Cam,ATRW_2019,,,,ATRW_CAM,,https://lila.science/datasets/amur-tiger-re-identification
311,ATRW_LILA_BC,003986.jpg,raw/individual_tiger/tiger_154/003986.jpg,Panthera tigris (Amur Tiger),tiger_154,ATRW_Zoo_Cam,ATRW_2019,,,,ATRW_CAM,,https://lila.science/datasets/amur-tiger-re-identification
312,ATRW_LILA_BC,000566.jpg,raw/individual_tiger/tiger_153/000566.jpg,Panthera tigris (Amur Tiger),tiger_153,ATRW_Zoo_Cam,ATRW_2019,,,,ATRW_CAM,,https://lila.science/datasets/amur-tiger-re-identification
313,ATRW_LILA_BC,001395.jpg,raw/individual_tiger/tiger_246/001395.jpg,Panthera tigris (Amur Tiger),tiger_246,ATRW_Zoo_Cam,ATRW_2019,,,,ATRW_CAM,,https://lila.science/datasets/amur-tiger-re-identification
314,ATRW_LILA_BC,000915.jpg,raw/individual_tiger/tiger_246/000915.jpg,Panthera tigris (Amur Tiger),tiger_246,ATRW_Zoo_Cam,ATRW_2019,,,,ATRW_CAM,,https://lila.science/datasets/amur-tiger-re-identification
315,ATRW_LILA_BC,003829.jpg,raw/individual_tiger/tiger_153/003829.jpg,Panthera tigris (Amur Tiger),tiger_153,ATRW_Zoo_Cam,ATRW_2019,,,,ATRW_CAM,,https://lila.science/datasets/amur-tiger-re-identification
316,ATRW_LILA_BC,004739.jpg,raw/individual_tiger/tiger_153/004739.jpg,Panthera tigris (Amur Tiger),tiger_153,ATRW_Zoo_Cam,ATRW_2019,,,,ATRW_CAM,,https://lila.science/datasets/amur-tiger-re-identification
317,ATRW_LILA_BC,003642.jpg,raw/individual_tiger/tiger_136/003642.jpg,Panthera tigris (Amur Tiger),tiger_136,ATRW_Zoo_Cam,ATRW_2019,,,,ATRW_CAM,,https://lila.science/datasets/amur-tiger-re-identification
318,ATRW_LILA_BC,002819.jpg,raw/individual_tiger/tiger_154/002819.jpg,Panthera tigris (Amur Tiger),tiger_154,ATRW_Zoo_Cam,ATRW_2019,,,,ATRW_CAM,,https://lila.science/datasets/amur-tiger-re-identification
319,ATRW_LILA_BC,000737.jpg,raw/individual_tiger/tiger_153/000737.jpg,Panthera tigris (Amur Tiger),tiger_153,ATRW_Zoo_Cam,ATRW_2019,,,,ATRW_CAM,,https://lila.science/datasets/amur-tiger-re-identification
320,ATRW_LILA_BC,001734.jpg,raw/individual_tiger/tiger_243/001734.jpg,Panthera tigris (Amur Tiger),tiger_243,ATRW_Zoo_Cam,ATRW_2019,,,,ATRW_CAM,,https://lila.science/datasets/amur-tiger-re-identification
321,ATRW_LILA_BC,004353.jpg,raw/individual_tiger/tiger_246/004353.jpg,Panthera tigris (Amur Tiger),tiger_246,ATRW_Zoo_Cam,ATRW_2019,,,,ATRW_CAM,,https://lila.science/datasets/amur-tiger-re-identification
322,ATRW_LILA_BC,004808.jpg,raw/individual_tiger/tiger_153/004808.jpg,Panthera tigris (Amur Tiger),tiger_153,ATRW_Zoo_Cam,ATRW_2019,,,,ATRW_CAM,,https://lila.science/datasets/amur-tiger-re-identification
323,ATRW_LILA_BC,000387.jpg,raw/individual_tiger/tiger_160/000387.jpg,Panthera tigris (Amur Tiger),tiger_160,ATRW_Zoo_Cam,ATRW_2019,,,,ATRW_CAM,,https://lila.science/datasets/amur-tiger-re-identification
324,ATRW_LILA_BC,004900.jpg,raw/individual_tiger/tiger_246/004900.jpg,Panthera tigris (Amur Tiger),tiger_246,ATRW_Zoo_Cam,ATRW_2019,,,,ATRW_CAM,,https://lila.science/datasets/amur-tiger-re-identification
325,ATRW_LILA_BC,001308.jpg,raw/individual_tiger/tiger_136/001308.jpg,Panthera tigris (Amur Tiger),tiger_136,ATRW_Zoo_Cam,ATRW_2019,,,,ATRW_CAM,,https://lila.science/datasets/amur-tiger-re-identification
326,ATRW_LILA_BC,003096.jpg,raw/individual_tiger/tiger_153/003096.jpg,Panthera tigris (Amur Tiger),tiger_153,ATRW_Zoo_Cam,ATRW_2019,,,,ATRW_CAM,,https://lila.science/datasets/amur-tiger-re-identification
327,ATRW_LILA_BC,001355.jpg,raw/individual_tiger/tiger_246/001355.jpg,Panthera tigris (Amur Tiger),tiger_246,ATRW_Zoo_Cam,ATRW_2019,,,,ATRW_CAM,,https://lila.science/datasets/amur-tiger-re-identification
328,ATRW_LILA_BC,003540.jpg,raw/individual_tiger/tiger_153/003540.jpg,Panthera tigris (Amur Tiger),tiger_153,ATRW_Zoo_Cam,ATRW_2019,,,,ATRW_CAM,,https://lila.science/datasets/amur-tiger-re-identification
329,ATRW_LILA_BC,002341.jpg,raw/individual_tiger/tiger_160/002341.jpg,Panthera tigris (Amur Tiger),tiger_160,ATRW_Zoo_Cam,ATRW_2019,,,,ATRW_CAM,,https://lila.science/datasets/amur-tiger-re-identification
330,ATRW_LILA_BC,003338.jpg,raw/individual_tiger/tiger_136/003338.jpg,Panthera tigris (Amur Tiger),tiger_136,ATRW_Zoo_Cam,ATRW_2019,,,,ATRW_CAM,,https://lila.science/datasets/amur-tiger-re-identification
331,ATRW_LILA_BC,004161.jpg,raw/individual_tiger/tiger_243/004161.jpg,Panthera tigris (Amur Tiger),tiger_243,ATRW_Zoo_Cam,ATRW_2019,,,,ATRW_CAM,,https://lila.science/datasets/amur-tiger-re-identification
332,ATRW_LILA_BC,003449.jpg,raw/individual_tiger/tiger_246/003449.jpg,Panthera tigris (Amur Tiger),tiger_246,ATRW_Zoo_Cam,ATRW_2019,,,,ATRW_CAM,,https://lila.science/datasets/amur-tiger-re-identification
333,ATRW_LILA_BC,001554.jpg,raw/individual_tiger/tiger_160/001554.jpg,Panthera tigris (Amur Tiger),tiger_160,ATRW_Zoo_Cam,ATRW_2019,,,,ATRW_CAM,,https://lila.science/datasets/amur-tiger-re-identification
334,ATRW_LILA_BC,005146.jpg,raw/individual_tiger/tiger_160/005146.jpg,Panthera tigris (Amur Tiger),tiger_160,ATRW_Zoo_Cam,ATRW_2019,,,,ATRW_CAM,,https://lila.science/datasets/amur-tiger-re-identification
335,ATRW_LILA_BC,002503.jpg,raw/individual_tiger/tiger_153/002503.jpg,Panthera tigris (Amur Tiger),tiger_153,ATRW_Zoo_Cam,ATRW_2019,,,,ATRW_CAM,,https://lila.science/datasets/amur-tiger-re-identification
336,ATRW_LILA_BC,001513.jpg,raw/individual_tiger/tiger_153/001513.jpg,Panthera tigris (Amur Tiger),tiger_153,ATRW_Zoo_Cam,ATRW_2019,,,,ATRW_CAM,,https://lila.science/datasets/amur-tiger-re-identification
337,ATRW_LILA_BC,003403.jpg,raw/individual_tiger/tiger_243/003403.jpg,Panthera tigris (Amur Tiger),tiger_243,ATRW_Zoo_Cam,ATRW_2019,,,,ATRW_CAM,,https://lila.science/datasets/amur-tiger-re-identification
338,ATRW_LILA_BC,003407.jpg,raw/individual_tiger/tiger_243/003407.jpg,Panthera tigris (Amur Tiger),tiger_243,ATRW_Zoo_Cam,ATRW_2019,,,,ATRW_CAM,,https://lila.science/datasets/amur-tiger-re-identification
339,ATRW_LILA_BC,004632.jpg,raw/individual_tiger/tiger_136/004632.jpg,Panthera tigris (Amur Tiger),tiger_136,ATRW_Zoo_Cam,ATRW_2019,,,,ATRW_CAM,,https://lila.science/datasets/amur-tiger-re-identification
340,ATRW_LILA_BC,003918.jpg,raw/individual_tiger/tiger_160/003918.jpg,Panthera tigris (Amur Tiger),tiger_160,ATRW_Zoo_Cam,ATRW_2019,,,,ATRW_CAM,,https://lila.science/datasets/amur-tiger-re-identification
341,ATRW_LILA_BC,004761.jpg,raw/individual_tiger/tiger_160/004761.jpg,Panthera tigris (Amur Tiger),tiger_160,ATRW_Zoo_Cam,ATRW_2019,,,,ATRW_CAM,,https://lila.science/datasets/amur-tiger-re-identification
342,ATRW_LILA_BC,004046.jpg,raw/individual_tiger/tiger_154/004046.jpg,Panthera tigris (Amur Tiger),tiger_154,ATRW_Zoo_Cam,ATRW_2019,,,,ATRW_CAM,,https://lila.science/datasets/amur-tiger-re-identification
343,ATRW_LILA_BC,001729.jpg,raw/individual_tiger/tiger_154/001729.jpg,Panthera tigris (Amur Tiger),tiger_154,ATRW_Zoo_Cam,ATRW_2019,,,,ATRW_CAM,,https://lila.science/datasets/amur-tiger-re-identification
344,ATRW_LILA_BC,001750.jpg,raw/individual_tiger/tiger_153/001750.jpg,Panthera tigris (Amur Tiger),tiger_153,ATRW_Zoo_Cam,ATRW_2019,,,,ATRW_CAM,,https://lila.science/datasets/amur-tiger-re-identification
345,ATRW_LILA_BC,003530.jpg,raw/individual_tiger/tiger_153/003530.jpg,Panthera tigris (Amur Tiger),tiger_153,ATRW_Zoo_Cam,ATRW_2019,,,,ATRW_CAM,,https://lila.science/datasets/amur-tiger-re-identification
346,ATRW_LILA_BC,001321.jpg,raw/individual_tiger/tiger_136/001321.jpg,Panthera tigris (Amur Tiger),tiger_136,ATRW_Zoo_Cam,ATRW_2019,,,,ATRW_CAM,,https://lila.science/datasets/amur-tiger-re-identification
347,ATRW_LILA_BC,000463.jpg,raw/individual_tiger/tiger_160/000463.jpg,Panthera tigris (Amur Tiger),tiger_160,ATRW_Zoo_Cam,ATRW_2019,,,,ATRW_CAM,,https://lila.science/datasets/amur-tiger-re-identification
348,ATRW_LILA_BC,002727.jpg,raw/individual_tiger/tiger_243/002727.jpg,Panthera tigris (Amur Tiger),tiger_243,ATRW_Zoo_Cam,ATRW_2019,,,,ATRW_CAM,,https://lila.science/datasets/amur-tiger-re-identification
349,ATRW_LILA_BC,000481.jpg,raw/individual_tiger/tiger_160/000481.jpg,Panthera tigris (Amur Tiger),tiger_160,ATRW_Zoo_Cam,ATRW_2019,,,,ATRW_CAM,,https://lila.science/datasets/amur-tiger-re-identification
350,ATRW_LILA_BC,000240.jpg,raw/individual_tiger/tiger_246/000240.jpg,Panthera tigris (Amur Tiger),tiger_246,ATRW_Zoo_Cam,ATRW_2019,,,,ATRW_CAM,,https://lila.science/datasets/amur-tiger-re-identification
351,ATRW_LILA_BC,001305.jpg,raw/individual_tiger/tiger_154/001305.jpg,Panthera tigris (Amur Tiger),tiger_154,ATRW_Zoo_Cam,ATRW_2019,,,,ATRW_CAM,,https://lila.science/datasets/amur-tiger-re-identification
352,ATRW_LILA_BC,002200.jpg,raw/individual_tiger/tiger_153/002200.jpg,Panthera tigris (Amur Tiger),tiger_153,ATRW_Zoo_Cam,ATRW_2019,,,,ATRW_CAM,,https://lila.science/datasets/amur-tiger-re-identification
353,ATRW_LILA_BC,005009.jpg,raw/individual_tiger/tiger_243/005009.jpg,Panthera tigris (Amur Tiger),tiger_243,ATRW_Zoo_Cam,ATRW_2019,,,,ATRW_CAM,,https://lila.science/datasets/amur-tiger-re-identification
354,ATRW_LILA_BC,004151.jpg,raw/individual_tiger/tiger_160/004151.jpg,Panthera tigris (Amur Tiger),tiger_160,ATRW_Zoo_Cam,ATRW_2019,,,,ATRW_CAM,,https://lila.science/datasets/amur-tiger-re-identification
355,ATRW_LILA_BC,002453.jpg,raw/individual_tiger/tiger_160/002453.jpg,Panthera tigris (Amur Tiger),tiger_160,ATRW_Zoo_Cam,ATRW_2019,,,,ATRW_CAM,,https://lila.science/datasets/amur-tiger-re-identification
356,ATRW_LILA_BC,002290.jpg,raw/individual_tiger/tiger_154/002290.jpg,Panthera tigris (Amur Tiger),tiger_154,ATRW_Zoo_Cam,ATRW_2019,,,,ATRW_CAM,,https://lila.science/datasets/amur-tiger-re-identification
357,ATRW_LILA_BC,001860.jpg,raw/individual_tiger/tiger_160/001860.jpg,Panthera tigris (Amur Tiger),tiger_160,ATRW_Zoo_Cam,ATRW_2019,,,,ATRW_CAM,,https://lila.science/datasets/amur-tiger-re-identification
358,ATRW_LILA_BC,001306.jpg,raw/individual_tiger/tiger_160/001306.jpg,Panthera tigris (Amur Tiger),tiger_160,ATRW_Zoo_Cam,ATRW_2019,,,,ATRW_CAM,,https://lila.science/datasets/amur-tiger-re-identification
359,ATRW_LILA_BC,001952.jpg,raw/individual_tiger/tiger_153/001952.jpg,Panthera tigris (Amur Tiger),tiger_153,ATRW_Zoo_Cam,ATRW_2019,,,,ATRW_CAM,,https://lila.science/datasets/amur-tiger-re-identification
360,ATRW_LILA_BC,004902.jpg,raw/individual_tiger/tiger_243/004902.jpg,Panthera tigris (Amur Tiger),tiger_243,ATRW_Zoo_Cam,ATRW_2019,,,,ATRW_CAM,,https://lila.science/datasets/amur-tiger-re-identification
361,ATRW_LILA_BC,002552.jpg,raw/individual_tiger/tiger_246/002552.jpg,Panthera tigris (Amur Tiger),tiger_246,ATRW_Zoo_Cam,ATRW_2019,,,,ATRW_CAM,,https://lila.science/datasets/amur-tiger-re-identification
362,ATRW_LILA_BC,000905.jpg,raw/individual_tiger/tiger_136/000905.jpg,Panthera tigris (Amur Tiger),tiger_136,ATRW_Zoo_Cam,ATRW_2019,,,,ATRW_CAM,,https://lila.science/datasets/amur-tiger-re-identification
363,ATRW_LILA_BC,004397.jpg,raw/individual_tiger/tiger_243/004397.jpg,Panthera tigris (Amur Tiger),tiger_243,ATRW_Zoo_Cam,ATRW_2019,,,,ATRW_CAM,,https://lila.science/datasets/amur-tiger-re-identification
364,ATRW_LILA_BC,000685.jpg,raw/individual_tiger/tiger_154/000685.jpg,Panthera tigris (Amur Tiger),tiger_154,ATRW_Zoo_Cam,ATRW_2019,,,,ATRW_CAM,,https://lila.science/datasets/amur-tiger-re-identification
365,ATRW_LILA_BC,004971.jpg,raw/individual_tiger/tiger_154/004971.jpg,Panthera tigris (Amur Tiger),tiger_154,ATRW_Zoo_Cam,ATRW_2019,,,,ATRW_CAM,,https://lila.science/datasets/amur-tiger-re-identification
366,ATRW_LILA_BC,004433.jpg,raw/individual_tiger/tiger_153/004433.jpg,Panthera tigris (Amur Tiger),tiger_153,ATRW_Zoo_Cam,ATRW_2019,,,,ATRW_CAM,,https://lila.science/datasets/amur-tiger-re-identification
367,ATRW_LILA_BC,000284.jpg,raw/individual_tiger/tiger_154/000284.jpg,Panthera tigris (Amur Tiger),tiger_154,ATRW_Zoo_Cam,ATRW_2019,,,,ATRW_CAM,,https://lila.science/datasets/amur-tiger-re-identification
368,ATRW_LILA_BC,003219.jpg,raw/individual_tiger/tiger_153/003219.jpg,Panthera tigris (Amur Tiger),tiger_153,ATRW_Zoo_Cam,ATRW_2019,,,,ATRW_CAM,,https://lila.science/datasets/amur-tiger-re-identification
369,ATRW_LILA_BC,002182.jpg,raw/individual_tiger/tiger_160/002182.jpg,Panthera tigris (Amur Tiger),tiger_160,ATRW_Zoo_Cam,ATRW_2019,,,,ATRW_CAM,,https://lila.science/datasets/amur-tiger-re-identification
370,ATRW_LILA_BC,000100.jpg,raw/individual_tiger/tiger_160/000100.jpg,Panthera tigris (Amur Tiger),tiger_160,ATRW_Zoo_Cam,ATRW_2019,,,,ATRW_CAM,,https://lila.science/datasets/amur-tiger-re-identification
371,ATRW_LILA_BC,001300.jpg,raw/individual_tiger/tiger_153/001300.jpg,Panthera tigris (Amur Tiger),tiger_153,ATRW_Zoo_Cam,ATRW_2019,,,,ATRW_CAM,,https://lila.science/datasets/amur-tiger-re-identification
372,ATRW_LILA_BC,001263.jpg,raw/individual_tiger/tiger_153/001263.jpg,Panthera tigris (Amur Tiger),tiger_153,ATRW_Zoo_Cam,ATRW_2019,,,,ATRW_CAM,,https://lila.science/datasets/amur-tiger-re-identification
373,ATRW_LILA_BC,003483.jpg,raw/individual_tiger/tiger_136/003483.jpg,Panthera tigris (Amur Tiger),tiger_136,ATRW_Zoo_Cam,ATRW_2019,,,,ATRW_CAM,,https://lila.science/datasets/amur-tiger-re-identification
374,ATRW_LILA_BC,004219.jpg,raw/individual_tiger/tiger_153/004219.jpg,Panthera tigris (Amur Tiger),tiger_153,ATRW_Zoo_Cam,ATRW_2019,,,,ATRW_CAM,,https://lila.science/datasets/amur-tiger-re-identification
375,ATRW_LILA_BC,000907.jpg,raw/individual_tiger/tiger_153/000907.jpg,Panthera tigris (Amur Tiger),tiger_153,ATRW_Zoo_Cam,ATRW_2019,,,,ATRW_CAM,,https://lila.science/datasets/amur-tiger-re-identification
376,ATRW_LILA_BC,002936.jpg,raw/individual_tiger/tiger_153/002936.jpg,Panthera tigris (Amur Tiger),tiger_153,ATRW_Zoo_Cam,ATRW_2019,,,,ATRW_CAM,,https://lila.science/datasets/amur-tiger-re-identification
377,ATRW_LILA_BC,000342.jpg,raw/individual_tiger/tiger_160/000342.jpg,Panthera tigris (Amur Tiger),tiger_160,ATRW_Zoo_Cam,ATRW_2019,,,,ATRW_CAM,,https://lila.science/datasets/amur-tiger-re-identification
378,ATRW_LILA_BC,003800.jpg,raw/individual_tiger/tiger_153/003800.jpg,Panthera tigris (Amur Tiger),tiger_153,ATRW_Zoo_Cam,ATRW_2019,,,,ATRW_CAM,,https://lila.science/datasets/amur-tiger-re-identification
379,ATRW_LILA_BC,002867.jpg,raw/individual_tiger/tiger_160/002867.jpg,Panthera tigris (Amur Tiger),tiger_160,ATRW_Zoo_Cam,ATRW_2019,,,,ATRW_CAM,,https://lila.science/datasets/amur-tiger-re-identification
380,ATRW_LILA_BC,001435.jpg,raw/individual_tiger/tiger_246/001435.jpg,Panthera tigris (Amur Tiger),tiger_246,ATRW_Zoo_Cam,ATRW_2019,,,,ATRW_CAM,,https://lila.science/datasets/amur-tiger-re-identification
381,ATRW_LILA_BC,001399.jpg,raw/individual_tiger/tiger_160/001399.jpg,Panthera tigris (Amur Tiger),tiger_160,ATRW_Zoo_Cam,ATRW_2019,,,,ATRW_CAM,,https://lila.science/datasets/amur-tiger-re-identification
382,ATRW_LILA_BC,004263.jpg,raw/individual_tiger/tiger_153/004263.jpg,Panthera tigris (Amur Tiger),tiger_153,ATRW_Zoo_Cam,ATRW_2019,,,,ATRW_CAM,,https://lila.science/datasets/amur-tiger-re-identification
383,ATRW_LILA_BC,003144.jpg,raw/individual_tiger/tiger_136/003144.jpg,Panthera tigris (Amur Tiger),tiger_136,ATRW_Zoo_Cam,ATRW_2019,,,,ATRW_CAM,,https://lila.science/datasets/amur-tiger-re-identification
384,ATRW_LILA_BC,004857.jpg,raw/individual_tiger/tiger_136/004857.jpg,Panthera tigris (Amur Tiger),tiger_136,ATRW_Zoo_Cam,ATRW_2019,,,,ATRW_CAM,,https://lila.science/datasets/amur-tiger-re-identification
385,ATRW_LILA_BC,003991.jpg,raw/individual_tiger/tiger_136/003991.jpg,Panthera tigris (Amur Tiger),tiger_136,ATRW_Zoo_Cam,ATRW_2019,,,,ATRW_CAM,,https://lila.science/datasets/amur-tiger-re-identification
386,ATRW_LILA_BC,003172.jpg,raw/individual_tiger/tiger_246/003172.jpg,Panthera tigris (Amur Tiger),tiger_246,ATRW_Zoo_Cam,ATRW_2019,,,,ATRW_CAM,,https://lila.science/datasets/amur-tiger-re-identification
387,ATRW_LILA_BC,000626.jpg,raw/individual_tiger/tiger_160/000626.jpg,Panthera tigris (Amur Tiger),tiger_160,ATRW_Zoo_Cam,ATRW_2019,,,,ATRW_CAM,,https://lila.science/datasets/amur-tiger-re-identification
388,ATRW_LILA_BC,000195.jpg,raw/individual_tiger/tiger_246/000195.jpg,Panthera tigris (Amur Tiger),tiger_246,ATRW_Zoo_Cam,ATRW_2019,,,,ATRW_CAM,,https://lila.science/datasets/amur-tiger-re-identification
389,ATRW_LILA_BC,005141.jpg,raw/individual_tiger/tiger_246/005141.jpg,Panthera tigris (Amur Tiger),tiger_246,ATRW_Zoo_Cam,ATRW_2019,,,,ATRW_CAM,,https://lila.science/datasets/amur-tiger-re-identification
390,ATRW_LILA_BC,004561.jpg,raw/individual_tiger/tiger_154/004561.jpg,Panthera tigris (Amur Tiger),tiger_154,ATRW_Zoo_Cam,ATRW_2019,,,,ATRW_CAM,,https://lila.science/datasets/amur-tiger-re-identification
391,ATRW_LILA_BC,000423.jpg,raw/individual_tiger/tiger_154/000423.jpg,Panthera tigris (Amur Tiger),tiger_154,ATRW_Zoo_Cam,ATRW_2019,,,,ATRW_CAM,,https://lila.science/datasets/amur-tiger-re-identification
392,ATRW_LILA_BC,000009.jpg,raw/individual_tiger/tiger_246/000009.jpg,Panthera tigris (Amur Tiger),tiger_246,ATRW_Zoo_Cam,ATRW_2019,,,,ATRW_CAM,,https://lila.science/datasets/amur-tiger-re-identification
393,ATRW_LILA_BC,003417.jpg,raw/individual_tiger/tiger_160/003417.jpg,Panthera tigris (Amur Tiger),tiger_160,ATRW_Zoo_Cam,ATRW_2019,,,,ATRW_CAM,,https://lila.science/datasets/amur-tiger-re-identification
394,ATRW_LILA_BC,004809.jpg,raw/individual_tiger/tiger_246/004809.jpg,Panthera tigris (Amur Tiger),tiger_246,ATRW_Zoo_Cam,ATRW_2019,,,,ATRW_CAM,,https://lila.science/datasets/amur-tiger-re-identification
395,ATRW_LILA_BC,004295.jpg,raw/individual_tiger/tiger_153/004295.jpg,Panthera tigris (Amur Tiger),tiger_153,ATRW_Zoo_Cam,ATRW_2019,,,,ATRW_CAM,,https://lila.science/datasets/amur-tiger-re-identification
396,ATRW_LILA_BC,003358.jpg,raw/individual_tiger/tiger_160/003358.jpg,Panthera tigris (Amur Tiger),tiger_160,ATRW_Zoo_Cam,ATRW_2019,,,,ATRW_CAM,,https://lila.science/datasets/amur-tiger-re-identification
397,ATRW_LILA_BC,000923.jpg,raw/individual_tiger/tiger_160/000923.jpg,Panthera tigris (Amur Tiger),tiger_160,ATRW_Zoo_Cam,ATRW_2019,,,,ATRW_CAM,,https://lila.science/datasets/amur-tiger-re-identification
398,ATRW_LILA_BC,003297.jpg,raw/individual_tiger/tiger_153/003297.jpg,Panthera tigris (Amur Tiger),tiger_153,ATRW_Zoo_Cam,ATRW_2019,,,,ATRW_CAM,,https://lila.science/datasets/amur-tiger-re-identification
399,ATRW_LILA_BC,002071.jpg,raw/individual_tiger/tiger_160/002071.jpg,Panthera tigris (Amur Tiger),tiger_160,ATRW_Zoo_Cam,ATRW_2019,,,,ATRW_CAM,,https://lila.science/datasets/amur-tiger-re-identification
400,ATRW_LILA_BC,003861.jpg,raw/individual_tiger/tiger_160/003861.jpg,Panthera tigris (Amur Tiger),tiger_160,ATRW_Zoo_Cam,ATRW_2019,,,,ATRW_CAM,,https://lila.science/datasets/amur-tiger-re-identification
401,ATRW_LILA_BC,001105.jpg,raw/individual_tiger/tiger_246/001105.jpg,Panthera tigris (Amur Tiger),tiger_246,ATRW_Zoo_Cam,ATRW_2019,,,,ATRW_CAM,,https://lila.science/datasets/amur-tiger-re-identification
402,ATRW_LILA_BC,004016.jpg,raw/individual_tiger/tiger_153/004016.jpg,Panthera tigris (Amur Tiger),tiger_153,ATRW_Zoo_Cam,ATRW_2019,,,,ATRW_CAM,,https://lila.science/datasets/amur-tiger-re-identification
403,ATRW_LILA_BC,000283.jpg,raw/individual_tiger/tiger_154/000283.jpg,Panthera tigris (Amur Tiger),tiger_154,ATRW_Zoo_Cam,ATRW_2019,,,,ATRW_CAM,,https://lila.science/datasets/amur-tiger-re-identification
404,ATRW_LILA_BC,001661.jpg,raw/individual_tiger/tiger_243/001661.jpg,Panthera tigris (Amur Tiger),tiger_243,ATRW_Zoo_Cam,ATRW_2019,,,,ATRW_CAM,,https://lila.science/datasets/amur-tiger-re-identification
405,ATRW_LILA_BC,004419.jpg,raw/individual_tiger/tiger_153/004419.jpg,Panthera tigris (Amur Tiger),tiger_153,ATRW_Zoo_Cam,ATRW_2019,,,,ATRW_CAM,,https://lila.science/datasets/amur-tiger-re-identification
406,ATRW_LILA_BC,003386.jpg,raw/individual_tiger/tiger_153/003386.jpg,Panthera tigris (Amur Tiger),tiger_153,ATRW_Zoo_Cam,ATRW_2019,,,,ATRW_CAM,,https://lila.science/datasets/amur-tiger-re-identification
407,ATRW_LILA_BC,003167.jpg,raw/individual_tiger/tiger_136/003167.jpg,Panthera tigris (Amur Tiger),tiger_136,ATRW_Zoo_Cam,ATRW_2019,,,,ATRW_CAM,,https://lila.science/datasets/amur-tiger-re-identification
408,ATRW_LILA_BC,002720.jpg,raw/individual_tiger/tiger_243/002720.jpg,Panthera tigris (Amur Tiger),tiger_243,ATRW_Zoo_Cam,ATRW_2019,,,,ATRW_CAM,,https://lila.science/datasets/amur-tiger-re-identification
409,ATRW_LILA_BC,004535.jpg,raw/individual_tiger/tiger_243/004535.jpg,Panthera tigris (Amur Tiger),tiger_243,ATRW_Zoo_Cam,ATRW_2019,,,,ATRW_CAM,,https://lila.science/datasets/amur-tiger-re-identification
410,ATRW_LILA_BC,003831.jpg,raw/individual_tiger/tiger_136/003831.jpg,Panthera tigris (Amur Tiger),tiger_136,ATRW_Zoo_Cam,ATRW_2019,,,,ATRW_CAM,,https://lila.science/datasets/amur-tiger-re-identification
411,ATRW_LILA_BC,000438.jpg,raw/individual_tiger/tiger_136/000438.jpg,Panthera tigris (Amur Tiger),tiger_136,ATRW_Zoo_Cam,ATRW_2019,,,,ATRW_CAM,,https://lila.science/datasets/amur-tiger-re-identification
412,ATRW_LILA_BC,003039.jpg,raw/individual_tiger/tiger_160/003039.jpg,Panthera tigris (Amur Tiger),tiger_160,ATRW_Zoo_Cam,ATRW_2019,,,,ATRW_CAM,,https://lila.science/datasets/amur-tiger-re-identification
413,ATRW_LILA_BC,003163.jpg,raw/individual_tiger/tiger_246/003163.jpg,Panthera tigris (Amur Tiger),tiger_246,ATRW_Zoo_Cam,ATRW_2019,,,,ATRW_CAM,,https://lila.science/datasets/amur-tiger-re-identification
414,ATRW_LILA_BC,001873.jpg,raw/individual_tiger/tiger_136/001873.jpg,Panthera tigris (Amur Tiger),tiger_136,ATRW_Zoo_Cam,ATRW_2019,,,,ATRW_CAM,,https://lila.science/datasets/amur-tiger-re-identification
415,ATRW_LILA_BC,002257.jpg,raw/individual_tiger/tiger_160/002257.jpg,Panthera tigris (Amur Tiger),tiger_160,ATRW_Zoo_Cam,ATRW_2019,,,,ATRW_CAM,,https://lila.science/datasets/amur-tiger-re-identification
416,ATRW_LILA_BC,004042.jpg,raw/individual_tiger/tiger_153/004042.jpg,Panthera tigris (Amur Tiger),tiger_153,ATRW_Zoo_Cam,ATRW_2019,,,,ATRW_CAM,,https://lila.science/datasets/amur-tiger-re-identification
417,ATRW_LILA_BC,004911.jpg,raw/individual_tiger/tiger_153/004911.jpg,Panthera tigris (Amur Tiger),tiger_153,ATRW_Zoo_Cam,ATRW_2019,,,,ATRW_CAM,,https://lila.science/datasets/amur-tiger-re-identification
418,ATRW_LILA_BC,004828.jpg,raw/individual_tiger/tiger_160/004828.jpg,Panthera tigris (Amur Tiger),tiger_160,ATRW_Zoo_Cam,ATRW_2019,,,,ATRW_CAM,,https://lila.science/datasets/amur-tiger-re-identification
419,ATRW_LILA_BC,003968.jpg,raw/individual_tiger/tiger_160/003968.jpg,Panthera tigris (Amur Tiger),tiger_160,ATRW_Zoo_Cam,ATRW_2019,,,,ATRW_CAM,,https://lila.science/datasets/amur-tiger-re-identification
420,ATRW_LILA_BC,001485.jpg,raw/individual_tiger/tiger_160/001485.jpg,Panthera tigris (Amur Tiger),tiger_160,ATRW_Zoo_Cam,ATRW_2019,,,,ATRW_CAM,,https://lila.science/datasets/amur-tiger-re-identification
421,ATRW_LILA_BC,002978.jpg,raw/individual_tiger/tiger_153/002978.jpg,Panthera tigris (Amur Tiger),tiger_153,ATRW_Zoo_Cam,ATRW_2019,,,,ATRW_CAM,,https://lila.science/datasets/amur-tiger-re-identification
422,ATRW_LILA_BC,003176.jpg,raw/individual_tiger/tiger_160/003176.jpg,Panthera tigris (Amur Tiger),tiger_160,ATRW_Zoo_Cam,ATRW_2019,,,,ATRW_CAM,,https://lila.science/datasets/amur-tiger-re-identification
423,ATRW_LILA_BC,004294.jpg,raw/individual_tiger/tiger_160/004294.jpg,Panthera tigris (Amur Tiger),tiger_160,ATRW_Zoo_Cam,ATRW_2019,,,,ATRW_CAM,,https://lila.science/datasets/amur-tiger-re-identification
424,ATRW_LILA_BC,000599.jpg,raw/individual_tiger/tiger_243/000599.jpg,Panthera tigris (Amur Tiger),tiger_243,ATRW_Zoo_Cam,ATRW_2019,,,,ATRW_CAM,,https://lila.science/datasets/amur-tiger-re-identification
425,ATRW_LILA_BC,003209.jpg,raw/individual_tiger/tiger_243/003209.jpg,Panthera tigris (Amur Tiger),tiger_243,ATRW_Zoo_Cam,ATRW_2019,,,,ATRW_CAM,,https://lila.science/datasets/amur-tiger-re-identification
426,ATRW_LILA_BC,002260.jpg,raw/individual_tiger/tiger_153/002260.jpg,Panthera tigris (Amur Tiger),tiger_153,ATRW_Zoo_Cam,ATRW_2019,,,,ATRW_CAM,,https://lila.science/datasets/amur-tiger-re-identification
427,ATRW_LILA_BC,003080.jpg,raw/individual_tiger/tiger_154/003080.jpg,Panthera tigris (Amur Tiger),tiger_154,ATRW_Zoo_Cam,ATRW_2019,,,,ATRW_CAM,,https://lila.science/datasets/amur-tiger-re-identification
428,ATRW_LILA_BC,001511.jpg,raw/individual_tiger/tiger_154/001511.jpg,Panthera tigris (Amur Tiger),tiger_154,ATRW_Zoo_Cam,ATRW_2019,,,,ATRW_CAM,,https://lila.science/datasets/amur-tiger-re-identification
429,ATRW_LILA_BC,002475.jpg,raw/individual_tiger/tiger_160/002475.jpg,Panthera tigris (Amur Tiger),tiger_160,ATRW_Zoo_Cam,ATRW_2019,,,,ATRW_CAM,,https://lila.science/datasets/amur-tiger-re-identification
430,ATRW_LILA_BC,004363.jpg,raw/individual_tiger/tiger_246/004363.jpg,Panthera tigris (Amur Tiger),tiger_246,ATRW_Zoo_Cam,ATRW_2019,,,,ATRW_CAM,,https://lila.science/datasets/amur-tiger-re-identification
431,ATRW_LILA_BC,002114.jpg,raw/individual_tiger/tiger_243/002114.jpg,Panthera tigris (Amur Tiger),tiger_243,ATRW_Zoo_Cam,ATRW_2019,,,,ATRW_CAM,,https://lila.science/datasets/amur-tiger-re-identification
432,ATRW_LILA_BC,004833.jpg,raw/individual_tiger/tiger_153/004833.jpg,Panthera tigris (Amur Tiger),tiger_153,ATRW_Zoo_Cam,ATRW_2019,,,,ATRW_CAM,,https://lila.science/datasets/amur-tiger-re-identification
433,ATRW_LILA_BC,001323.jpg,raw/individual_tiger/tiger_153/001323.jpg,Panthera tigris (Amur Tiger),tiger_153,ATRW_Zoo_Cam,ATRW_2019,,,,ATRW_CAM,,https://lila.science/datasets/amur-tiger-re-identification
434,ATRW_LILA_BC,002047.jpg,raw/individual_tiger/tiger_154/002047.jpg,Panthera tigris (Amur Tiger),tiger_154,ATRW_Zoo_Cam,ATRW_2019,,,,ATRW_CAM,,https://lila.science/datasets/amur-tiger-re-identification
435,ATRW_LILA_BC,003186.jpg,raw/individual_tiger/tiger_153/003186.jpg,Panthera tigris (Amur Tiger),tiger_153,ATRW_Zoo_Cam,ATRW_2019,,,,ATRW_CAM,,https://lila.science/datasets/amur-tiger-re-identification
436,ATRW_LILA_BC,003933.jpg,raw/individual_tiger/tiger_160/003933.jpg,Panthera tigris (Amur Tiger),tiger_160,ATRW_Zoo_Cam,ATRW_2019,,,,ATRW_CAM,,https://lila.science/datasets/amur-tiger-re-identification
437,ATRW_LILA_BC,003871.jpg,raw/individual_tiger/tiger_243/003871.jpg,Panthera tigris (Amur Tiger),tiger_243,ATRW_Zoo_Cam,ATRW_2019,,,,ATRW_CAM,,https://lila.science/datasets/amur-tiger-re-identification
438,ATRW_LILA_BC,001687.jpg,raw/individual_tiger/tiger_154/001687.jpg,Panthera tigris (Amur Tiger),tiger_154,ATRW_Zoo_Cam,ATRW_2019,,,,ATRW_CAM,,https://lila.science/datasets/amur-tiger-re-identification
439,ATRW_LILA_BC,001410.jpg,raw/individual_tiger/tiger_153/001410.jpg,Panthera tigris (Amur Tiger),tiger_153,ATRW_Zoo_Cam,ATRW_2019,,,,ATRW_CAM,,https://lila.science/datasets/amur-tiger-re-identification
440,ATRW_LILA_BC,002002.jpg,raw/individual_tiger/tiger_160/002002.jpg,Panthera tigris (Amur Tiger),tiger_160,ATRW_Zoo_Cam,ATRW_2019,,,,ATRW_CAM,,https://lila.science/datasets/amur-tiger-re-identification
441,ATRW_LILA_BC,002728.jpg,raw/individual_tiger/tiger_153/002728.jpg,Panthera tigris (Amur Tiger),tiger_153,ATRW_Zoo_Cam,ATRW_2019,,,,ATRW_CAM,,https://lila.science/datasets/amur-tiger-re-identification
442,ATRW_LILA_BC,004622.jpg,raw/individual_tiger/tiger_153/004622.jpg,Panthera tigris (Amur Tiger),tiger_153,ATRW_Zoo_Cam,ATRW_2019,,,,ATRW_CAM,,https://lila.science/datasets/amur-tiger-re-identification
443,ATRW_LILA_BC,002078.jpg,raw/individual_tiger/tiger_243/002078.jpg,Panthera tigris (Amur Tiger),tiger_243,ATRW_Zoo_Cam,ATRW_2019,,,,ATRW_CAM,,https://lila.science/datasets/amur-tiger-re-identification
444,ATRW_LILA_BC,004876.jpg,raw/individual_tiger/tiger_153/004876.jpg,Panthera tigris (Amur Tiger),tiger_153,ATRW_Zoo_Cam,ATRW_2019,,,,ATRW_CAM,,https://lila.science/datasets/amur-tiger-re-identification
445,ATRW_LILA_BC,001991.jpg,raw/individual_tiger/tiger_160/001991.jpg,Panthera tigris (Amur Tiger),tiger_160,ATRW_Zoo_Cam,ATRW_2019,,,,ATRW_CAM,,https://lila.science/datasets/amur-tiger-re-identification
446,ATRW_LILA_BC,001676.jpg,raw/individual_tiger/tiger_153/001676.jpg,Panthera tigris (Amur Tiger),tiger_153,ATRW_Zoo_Cam,ATRW_2019,,,,ATRW_CAM,,https://lila.science/datasets/amur-tiger-re-identification
447,ATRW_LILA_BC,004792.jpg,raw/individual_tiger/tiger_246/004792.jpg,Panthera tigris (Amur Tiger),tiger_246,ATRW_Zoo_Cam,ATRW_2019,,,,ATRW_CAM,,https://lila.science/datasets/amur-tiger-re-identification
448,ATRW_LILA_BC,002808.jpg,raw/individual_tiger/tiger_136/002808.jpg,Panthera tigris (Amur Tiger),tiger_136,ATRW_Zoo_Cam,ATRW_2019,,,,ATRW_CAM,,https://lila.science/datasets/amur-tiger-re-identification
449,ATRW_LILA_BC,004429.jpg,raw/individual_tiger/tiger_246/004429.jpg,Panthera tigris (Amur Tiger),tiger_246,ATRW_Zoo_Cam,ATRW_2019,,,,ATRW_CAM,,https://lila.science/datasets/amur-tiger-re-identification
450,ATRW_LILA_BC,001454.jpg,raw/individual_tiger/tiger_160/001454.jpg,Panthera tigris (Amur Tiger),tiger_160,ATRW_Zoo_Cam,ATRW_2019,,,,ATRW_CAM,,https://lila.science/datasets/amur-tiger-re-identification
451,ATRW_LILA_BC,001182.jpg,raw/individual_tiger/tiger_246/001182.jpg,Panthera tigris (Amur Tiger),tiger_246,ATRW_Zoo_Cam,ATRW_2019,,,,ATRW_CAM,,https://lila.science/datasets/amur-tiger-re-identification
452,ATRW_LILA_BC,005014.jpg,raw/individual_tiger/tiger_160/005014.jpg,Panthera tigris (Amur Tiger),tiger_160,ATRW_Zoo_Cam,ATRW_2019,,,,ATRW_CAM,,https://lila.science/datasets/amur-tiger-re-identification
453,ATRW_LILA_BC,001885.jpg,raw/individual_tiger/tiger_136/001885.jpg,Panthera tigris (Amur Tiger),tiger_136,ATRW_Zoo_Cam,ATRW_2019,,,,ATRW_CAM,,https://lila.science/datasets/amur-tiger-re-identification
454,ATRW_LILA_BC,002445.jpg,raw/individual_tiger/tiger_136/002445.jpg,Panthera tigris (Amur Tiger),tiger_136,ATRW_Zoo_Cam,ATRW_2019,,,,ATRW_CAM,,https://lila.science/datasets/amur-tiger-re-identification
455,ATRW_LILA_BC,000201.jpg,raw/individual_tiger/tiger_153/000201.jpg,Panthera tigris (Amur Tiger),tiger_153,ATRW_Zoo_Cam,ATRW_2019,,,,ATRW_CAM,,https://lila.science/datasets/amur-tiger-re-identification
456,ATRW_LILA_BC,004124.jpg,raw/individual_tiger/tiger_153/004124.jpg,Panthera tigris (Amur Tiger),tiger_153,ATRW_Zoo_Cam,ATRW_2019,,,,ATRW_CAM,,https://lila.science/datasets/amur-tiger-re-identification
457,ATRW_LILA_BC,002527.jpg,raw/individual_tiger/tiger_160/002527.jpg,Panthera tigris (Amur Tiger),tiger_160,ATRW_Zoo_Cam,ATRW_2019,,,,ATRW_CAM,,https://lila.science/datasets/amur-tiger-re-identification
458,ATRW_LILA_BC,000851.jpg,raw/individual_tiger/tiger_154/000851.jpg,Panthera tigris (Amur Tiger),tiger_154,ATRW_Zoo_Cam,ATRW_2019,,,,ATRW_CAM,,https://lila.science/datasets/amur-tiger-re-identification
459,ATRW_LILA_BC,002323.jpg,raw/individual_tiger/tiger_136/002323.jpg,Panthera tigris (Amur Tiger),tiger_136,ATRW_Zoo_Cam,ATRW_2019,,,,ATRW_CAM,,https://lila.science/datasets/amur-tiger-re-identification
460,ATRW_LILA_BC,003846.jpg,raw/individual_tiger/tiger_246/003846.jpg,Panthera tigris (Amur Tiger),tiger_246,ATRW_Zoo_Cam,ATRW_2019,,,,ATRW_CAM,,https://lila.science/datasets/amur-tiger-re-identification
461,ATRW_LILA_BC,002055.jpg,raw/individual_tiger/tiger_153/002055.jpg,Panthera tigris (Amur Tiger),tiger_153,ATRW_Zoo_Cam,ATRW_2019,,,,ATRW_CAM,,https://lila.science/datasets/amur-tiger-re-identification
462,ATRW_LILA_BC,003855.jpg,raw/individual_tiger/tiger_160/003855.jpg,Panthera tigris (Amur Tiger),tiger_160,ATRW_Zoo_Cam,ATRW_2019,,,,ATRW_CAM,,https://lila.science/datasets/amur-tiger-re-identification
463,ATRW_LILA_BC,001099.jpg,raw/individual_tiger/tiger_160/001099.jpg,Panthera tigris (Amur Tiger),tiger_160,ATRW_Zoo_Cam,ATRW_2019,,,,ATRW_CAM,,https://lila.science/datasets/amur-tiger-re-identification
464,ATRW_LILA_BC,000753.jpg,raw/individual_tiger/tiger_153/000753.jpg,Panthera tigris (Amur Tiger),tiger_153,ATRW_Zoo_Cam,ATRW_2019,,,,ATRW_CAM,,https://lila.science/datasets/amur-tiger-re-identification
465,ATRW_LILA_BC,002696.jpg,raw/individual_tiger/tiger_154/002696.jpg,Panthera tigris (Amur Tiger),tiger_154,ATRW_Zoo_Cam,ATRW_2019,,,,ATRW_CAM,,https://lila.science/datasets/amur-tiger-re-identification
466,ATRW_LILA_BC,000604.jpg,raw/individual_tiger/tiger_243/000604.jpg,Panthera tigris (Amur Tiger),tiger_243,ATRW_Zoo_Cam,ATRW_2019,,,,ATRW_CAM,,https://lila.science/datasets/amur-tiger-re-identification
467,ATRW_LILA_BC,001839.jpg,raw/individual_tiger/tiger_153/001839.jpg,Panthera tigris (Amur Tiger),tiger_153,ATRW_Zoo_Cam,ATRW_2019,,,,ATRW_CAM,,https://lila.science/datasets/amur-tiger-re-identification
468,ATRW_LILA_BC,000559.jpg,raw/individual_tiger/tiger_160/000559.jpg,Panthera tigris (Amur Tiger),tiger_160,ATRW_Zoo_Cam,ATRW_2019,,,,ATRW_CAM,,https://lila.science/datasets/amur-tiger-re-identification
469,ATRW_LILA_BC,004111.jpg,raw/individual_tiger/tiger_154/004111.jpg,Panthera tigris (Amur Tiger),tiger_154,ATRW_Zoo_Cam,ATRW_2019,,,,ATRW_CAM,,https://lila.science/datasets/amur-tiger-re-identification
470,ATRW_LILA_BC,001360.jpg,raw/individual_tiger/tiger_160/001360.jpg,Panthera tigris (Amur Tiger),tiger_160,ATRW_Zoo_Cam,ATRW_2019,,,,ATRW_CAM,,https://lila.science/datasets/amur-tiger-re-identification
471,ATRW_LILA_BC,004181.jpg,raw/individual_tiger/tiger_246/004181.jpg,Panthera tigris (Amur Tiger),tiger_246,ATRW_Zoo_Cam,ATRW_2019,,,,ATRW_CAM,,https://lila.science/datasets/amur-tiger-re-identification
472,ATRW_LILA_BC,004193.jpg,raw/individual_tiger/tiger_243/004193.jpg,Panthera tigris (Amur Tiger),tiger_243,ATRW_Zoo_Cam,ATRW_2019,,,,ATRW_CAM,,https://lila.science/datasets/amur-tiger-re-identification
473,ATRW_LILA_BC,003257.jpg,raw/individual_tiger/tiger_153/003257.jpg,Panthera tigris (Amur Tiger),tiger_153,ATRW_Zoo_Cam,ATRW_2019,,,,ATRW_CAM,,https://lila.science/datasets/amur-tiger-re-identification
474,ATRW_LILA_BC,001602.jpg,raw/individual_tiger/tiger_136/001602.jpg,Panthera tigris (Amur Tiger),tiger_136,ATRW_Zoo_Cam,ATRW_2019,,,,ATRW_CAM,,https://lila.science/datasets/amur-tiger-re-identification
475,ATRW_LILA_BC,003160.jpg,raw/individual_tiger/tiger_154/003160.jpg,Panthera tigris (Amur Tiger),tiger_154,ATRW_Zoo_Cam,ATRW_2019,,,,ATRW_CAM,,https://lila.science/datasets/amur-tiger-re-identification
476,ATRW_LILA_BC,002535.jpg,raw/individual_tiger/tiger_153/002535.jpg,Panthera tigris (Amur Tiger),tiger_153,ATRW_Zoo_Cam,ATRW_2019,,,,ATRW_CAM,,https://lila.science/datasets/amur-tiger-re-identification
477,ATRW_LILA_BC,003042.jpg,raw/individual_tiger/tiger_160/003042.jpg,Panthera tigris (Amur Tiger),tiger_160,ATRW_Zoo_Cam,ATRW_2019,,,,ATRW_CAM,,https://lila.science/datasets/amur-tiger-re-identification
478,ATRW_LILA_BC,003354.jpg,raw/individual_tiger/tiger_153/003354.jpg,Panthera tigris (Amur Tiger),tiger_153,ATRW_Zoo_Cam,ATRW_2019,,,,ATRW_CAM,,https://lila.science/datasets/amur-tiger-re-identification
479,ATRW_LILA_BC,003607.jpg,raw/individual_tiger/tiger_153/003607.jpg,Panthera tigris (Amur Tiger),tiger_153,ATRW_Zoo_Cam,ATRW_2019,,,,ATRW_CAM,,https://lila.science/datasets/amur-tiger-re-identification
480,ATRW_LILA_BC,003541.jpg,raw/individual_tiger/tiger_246/003541.jpg,Panthera tigris (Amur Tiger),tiger_246,ATRW_Zoo_Cam,ATRW_2019,,,,ATRW_CAM,,https://lila.science/datasets/amur-tiger-re-identification
481,ATRW_LILA_BC,003126.jpg,raw/individual_tiger/tiger_136/003126.jpg,Panthera tigris (Amur Tiger),tiger_136,ATRW_Zoo_Cam,ATRW_2019,,,,ATRW_CAM,,https://lila.science/datasets/amur-tiger-re-identification
482,ATRW_LILA_BC,000355.jpg,raw/individual_tiger/tiger_160/000355.jpg,Panthera tigris (Amur Tiger),tiger_160,ATRW_Zoo_Cam,ATRW_2019,,,,ATRW_CAM,,https://lila.science/datasets/amur-tiger-re-identification
483,ATRW_LILA_BC,004920.jpg,raw/individual_tiger/tiger_154/004920.jpg,Panthera tigris (Amur Tiger),tiger_154,ATRW_Zoo_Cam,ATRW_2019,,,,ATRW_CAM,,https://lila.science/datasets/amur-tiger-re-identification
484,ATRW_LILA_BC,000950.jpg,raw/individual_tiger/tiger_136/000950.jpg,Panthera tigris (Amur Tiger),tiger_136,ATRW_Zoo_Cam,ATRW_2019,,,,ATRW_CAM,,https://lila.science/datasets/amur-tiger-re-identification
485,ATRW_LILA_BC,000801.jpg,raw/individual_tiger/tiger_160/000801.jpg,Panthera tigris (Amur Tiger),tiger_160,ATRW_Zoo_Cam,ATRW_2019,,,,ATRW_CAM,,https://lila.science/datasets/amur-tiger-re-identification
486,ATRW_LILA_BC,001893.jpg,raw/individual_tiger/tiger_136/001893.jpg,Panthera tigris (Amur Tiger),tiger_136,ATRW_Zoo_Cam,ATRW_2019,,,,ATRW_CAM,,https://lila.science/datasets/amur-tiger-re-identification
487,ATRW_LILA_BC,002859.jpg,raw/individual_tiger/tiger_246/002859.jpg,Panthera tigris (Amur Tiger),tiger_246,ATRW_Zoo_Cam,ATRW_2019,,,,ATRW_CAM,,https://lila.science/datasets/amur-tiger-re-identification
488,ATRW_LILA_BC,001193.jpg,raw/individual_tiger/tiger_160/001193.jpg,Panthera tigris (Amur Tiger),tiger_160,ATRW_Zoo_Cam,ATRW_2019,,,,ATRW_CAM,,https://lila.science/datasets/amur-tiger-re-identification
489,ATRW_LILA_BC,003967.jpg,raw/individual_tiger/tiger_154/003967.jpg,Panthera tigris (Amur Tiger),tiger_154,ATRW_Zoo_Cam,ATRW_2019,,,,ATRW_CAM,,https://lila.science/datasets/amur-tiger-re-identification
490,ATRW_LILA_BC,001560.jpg,raw/individual_tiger/tiger_160/001560.jpg,Panthera tigris (Amur Tiger),tiger_160,ATRW_Zoo_Cam,ATRW_2019,,,,ATRW_CAM,,https://lila.science/datasets/amur-tiger-re-identification
491,ATRW_LILA_BC,003844.jpg,raw/individual_tiger/tiger_153/003844.jpg,Panthera tigris (Amur Tiger),tiger_153,ATRW_Zoo_Cam,ATRW_2019,,,,ATRW_CAM,,https://lila.science/datasets/amur-tiger-re-identification
492,ATRW_LILA_BC,ind_153_000105.jpg,raw/tiger/ind_153_000105.jpg,Panthera tigris (Amur Tiger),tiger_153,ATRW_Zoo_Cam,ATRW_2019,,,,ATRW_CAM,,https://lila.science/datasets/amur-tiger-re-identification
493,ATRW_LILA_BC,ind_153_000187.jpg,raw/tiger/ind_153_000187.jpg,Panthera tigris (Amur Tiger),tiger_153,ATRW_Zoo_Cam,ATRW_2019,,,,ATRW_CAM,,https://lila.science/datasets/amur-tiger-re-identification
494,ATRW_LILA_BC,ind_153_000201.jpg,raw/tiger/ind_153_000201.jpg,Panthera tigris (Amur Tiger),tiger_153,ATRW_Zoo_Cam,ATRW_2019,,,,ATRW_CAM,,https://lila.science/datasets/amur-tiger-re-identification
495,ATRW_LILA_BC,ind_153_000269.jpg,raw/tiger/ind_153_000269.jpg,Panthera tigris (Amur Tiger),tiger_153,ATRW_Zoo_Cam,ATRW_2019,,,,ATRW_CAM,,https://lila.science/datasets/amur-tiger-re-identification
496,ATRW_LILA_BC,ind_153_000396.jpg,raw/tiger/ind_153_000396.jpg,Panthera tigris (Amur Tiger),tiger_153,ATRW_Zoo_Cam,ATRW_2019,,,,ATRW_CAM,,https://lila.science/datasets/amur-tiger-re-identification
497,ATRW_LILA_BC,ind_153_000508.jpg,raw/tiger/ind_153_000508.jpg,Panthera tigris (Amur Tiger),tiger_153,ATRW_Zoo_Cam,ATRW_2019,,,,ATRW_CAM,,https://lila.science/datasets/amur-tiger-re-identification
498,ATRW_LILA_BC,ind_153_000566.jpg,raw/tiger/ind_153_000566.jpg,Panthera tigris (Amur Tiger),tiger_153,ATRW_Zoo_Cam,ATRW_2019,,,,ATRW_CAM,,https://lila.science/datasets/amur-tiger-re-identification
499,ATRW_LILA_BC,ind_153_000606.jpg,raw/tiger/ind_153_000606.jpg,Panthera tigris (Amur Tiger),tiger_153,ATRW_Zoo_Cam,ATRW_2019,,,,ATRW_CAM,,https://lila.science/datasets/amur-tiger-re-identification
500,ATRW_LILA_BC,ind_153_000612.jpg,raw/tiger/ind_153_000612.jpg,Panthera tigris (Amur Tiger),tiger_153,ATRW_Zoo_Cam,ATRW_2019,,,,ATRW_CAM,,https://lila.science/datasets/amur-tiger-re-identification
501,ATRW_LILA_BC,ind_153_000627.jpg,raw/tiger/ind_153_000627.jpg,Panthera tigris (Amur Tiger),tiger_153,ATRW_Zoo_Cam,ATRW_2019,,,,ATRW_CAM,,https://lila.science/datasets/amur-tiger-re-identification
502,ATRW_LILA_BC,ind_153_000656.jpg,raw/tiger/ind_153_000656.jpg,Panthera tigris (Amur Tiger),tiger_153,ATRW_Zoo_Cam,ATRW_2019,,,,ATRW_CAM,,https://lila.science/datasets/amur-tiger-re-identification
503,ATRW_LILA_BC,ind_153_000678.jpg,raw/tiger/ind_153_000678.jpg,Panthera tigris (Amur Tiger),tiger_153,ATRW_Zoo_Cam,ATRW_2019,,,,ATRW_CAM,,https://lila.science/datasets/amur-tiger-re-identification
504,ATRW_LILA_BC,ind_153_000718.jpg,raw/tiger/ind_153_000718.jpg,Panthera tigris (Amur Tiger),tiger_153,ATRW_Zoo_Cam,ATRW_2019,,,,ATRW_CAM,,https://lila.science/datasets/amur-tiger-re-identification
505,ATRW_LILA_BC,ind_153_000737.jpg,raw/tiger/ind_153_000737.jpg,Panthera tigris (Amur Tiger),tiger_153,ATRW_Zoo_Cam,ATRW_2019,,,,ATRW_CAM,,https://lila.science/datasets/amur-tiger-re-identification
506,ATRW_LILA_BC,ind_153_000753.jpg,raw/tiger/ind_153_000753.jpg,Panthera tigris (Amur Tiger),tiger_153,ATRW_Zoo_Cam,ATRW_2019,,,,ATRW_CAM,,https://lila.science/datasets/amur-tiger-re-identification
507,ATRW_LILA_BC,ind_153_000860.jpg,raw/tiger/ind_153_000860.jpg,Panthera tigris (Amur Tiger),tiger_153,ATRW_Zoo_Cam,ATRW_2019,,,,ATRW_CAM,,https://lila.science/datasets/amur-tiger-re-identification
508,ATRW_LILA_BC,ind_153_000907.jpg,raw/tiger/ind_153_000907.jpg,Panthera tigris (Amur Tiger),tiger_153,ATRW_Zoo_Cam,ATRW_2019,,,,ATRW_CAM,,https://lila.science/datasets/amur-tiger-re-identification
509,ATRW_LILA_BC,ind_153_000925.jpg,raw/tiger/ind_153_000925.jpg,Panthera tigris (Amur Tiger),tiger_153,ATRW_Zoo_Cam,ATRW_2019,,,,ATRW_CAM,,https://lila.science/datasets/amur-tiger-re-identification
510,ATRW_LILA_BC,ind_153_000927.jpg,raw/tiger/ind_153_000927.jpg,Panthera tigris (Amur Tiger),tiger_153,ATRW_Zoo_Cam,ATRW_2019,,,,ATRW_CAM,,https://lila.science/datasets/amur-tiger-re-identification
511,ATRW_LILA_BC,ind_153_000938.jpg,raw/tiger/ind_153_000938.jpg,Panthera tigris (Amur Tiger),tiger_153,ATRW_Zoo_Cam,ATRW_2019,,,,ATRW_CAM,,https://lila.science/datasets/amur-tiger-re-identification
512,ATRW_LILA_BC,ind_153_000951.jpg,raw/tiger/ind_153_000951.jpg,Panthera tigris (Amur Tiger),tiger_153,ATRW_Zoo_Cam,ATRW_2019,,,,ATRW_CAM,,https://lila.science/datasets/amur-tiger-re-identification
513,ATRW_LILA_BC,ind_153_001044.jpg,raw/tiger/ind_153_001044.jpg,Panthera tigris (Amur Tiger),tiger_153,ATRW_Zoo_Cam,ATRW_2019,,,,ATRW_CAM,,https://lila.science/datasets/amur-tiger-re-identification
514,ATRW_LILA_BC,ind_153_001155.jpg,raw/tiger/ind_153_001155.jpg,Panthera tigris (Amur Tiger),tiger_153,ATRW_Zoo_Cam,ATRW_2019,,,,ATRW_CAM,,https://lila.science/datasets/amur-tiger-re-identification
515,ATRW_LILA_BC,ind_153_001223.jpg,raw/tiger/ind_153_001223.jpg,Panthera tigris (Amur Tiger),tiger_153,ATRW_Zoo_Cam,ATRW_2019,,,,ATRW_CAM,,https://lila.science/datasets/amur-tiger-re-identification
516,ATRW_LILA_BC,ind_153_001263.jpg,raw/tiger/ind_153_001263.jpg,Panthera tigris (Amur Tiger),tiger_153,ATRW_Zoo_Cam,ATRW_2019,,,,ATRW_CAM,,https://lila.science/datasets/amur-tiger-re-identification
517,ATRW_LILA_BC,ind_153_001300.jpg,raw/tiger/ind_153_001300.jpg,Panthera tigris (Amur Tiger),tiger_153,ATRW_Zoo_Cam,ATRW_2019,,,,ATRW_CAM,,https://lila.science/datasets/amur-tiger-re-identification
518,ATRW_LILA_BC,ind_153_001323.jpg,raw/tiger/ind_153_001323.jpg,Panthera tigris (Amur Tiger),tiger_153,ATRW_Zoo_Cam,ATRW_2019,,,,ATRW_CAM,,https://lila.science/datasets/amur-tiger-re-identification
519,ATRW_LILA_BC,ind_153_001332.jpg,raw/tiger/ind_153_001332.jpg,Panthera tigris (Amur Tiger),tiger_153,ATRW_Zoo_Cam,ATRW_2019,,,,ATRW_CAM,,https://lila.science/datasets/amur-tiger-re-identification
520,ATRW_LILA_BC,ind_153_001376.jpg,raw/tiger/ind_153_001376.jpg,Panthera tigris (Amur Tiger),tiger_153,ATRW_Zoo_Cam,ATRW_2019,,,,ATRW_CAM,,https://lila.science/datasets/amur-tiger-re-identification
521,ATRW_LILA_BC,ind_153_001410.jpg,raw/tiger/ind_153_001410.jpg,Panthera tigris (Amur Tiger),tiger_153,ATRW_Zoo_Cam,ATRW_2019,,,,ATRW_CAM,,https://lila.science/datasets/amur-tiger-re-identification
522,ATRW_LILA_BC,ind_153_001491.jpg,raw/tiger/ind_153_001491.jpg,Panthera tigris (Amur Tiger),tiger_153,ATRW_Zoo_Cam,ATRW_2019,,,,ATRW_CAM,,https://lila.science/datasets/amur-tiger-re-identification
523,ATRW_LILA_BC,ind_153_001513.jpg,raw/tiger/ind_153_001513.jpg,Panthera tigris (Amur Tiger),tiger_153,ATRW_Zoo_Cam,ATRW_2019,,,,ATRW_CAM,,https://lila.science/datasets/amur-tiger-re-identification
524,ATRW_LILA_BC,ind_153_001590.jpg,raw/tiger/ind_153_001590.jpg,Panthera tigris (Amur Tiger),tiger_153,ATRW_Zoo_Cam,ATRW_2019,,,,ATRW_CAM,,https://lila.science/datasets/amur-tiger-re-identification
525,ATRW_LILA_BC,ind_153_001676.jpg,raw/tiger/ind_153_001676.jpg,Panthera tigris (Amur Tiger),tiger_153,ATRW_Zoo_Cam,ATRW_2019,,,,ATRW_CAM,,https://lila.science/datasets/amur-tiger-re-identification
526,ATRW_LILA_BC,ind_153_001750.jpg,raw/tiger/ind_153_001750.jpg,Panthera tigris (Amur Tiger),tiger_153,ATRW_Zoo_Cam,ATRW_2019,,,,ATRW_CAM,,https://lila.science/datasets/amur-tiger-re-identification
527,ATRW_LILA_BC,ind_153_001839.jpg,raw/tiger/ind_153_001839.jpg,Panthera tigris (Amur Tiger),tiger_153,ATRW_Zoo_Cam,ATRW_2019,,,,ATRW_CAM,,https://lila.science/datasets/amur-tiger-re-identification
528,ATRW_LILA_BC,ind_153_001952.jpg,raw/tiger/ind_153_001952.jpg,Panthera tigris (Amur Tiger),tiger_153,ATRW_Zoo_Cam,ATRW_2019,,,,ATRW_CAM,,https://lila.science/datasets/amur-tiger-re-identification
529,ATRW_LILA_BC,ind_153_001994.jpg,raw/tiger/ind_153_001994.jpg,Panthera tigris (Amur Tiger),tiger_153,ATRW_Zoo_Cam,ATRW_2019,,,,ATRW_CAM,,https://lila.science/datasets/amur-tiger-re-identification
530,ATRW_LILA_BC,ind_153_002009.jpg,raw/tiger/ind_153_002009.jpg,Panthera tigris (Amur Tiger),tiger_153,ATRW_Zoo_Cam,ATRW_2019,,,,ATRW_CAM,,https://lila.science/datasets/amur-tiger-re-identification
531,ATRW_LILA_BC,ind_153_002019.jpg,raw/tiger/ind_153_002019.jpg,Panthera tigris (Amur Tiger),tiger_153,ATRW_Zoo_Cam,ATRW_2019,,,,ATRW_CAM,,https://lila.science/datasets/amur-tiger-re-identification
532,ATRW_LILA_BC,ind_153_002055.jpg,raw/tiger/ind_153_002055.jpg,Panthera tigris (Amur Tiger),tiger_153,ATRW_Zoo_Cam,ATRW_2019,,,,ATRW_CAM,,https://lila.science/datasets/amur-tiger-re-identification
533,ATRW_LILA_BC,ind_153_002200.jpg,raw/tiger/ind_153_002200.jpg,Panthera tigris (Amur Tiger),tiger_153,ATRW_Zoo_Cam,ATRW_2019,,,,ATRW_CAM,,https://lila.science/datasets/amur-tiger-re-identification
534,ATRW_LILA_BC,ind_153_002260.jpg,raw/tiger/ind_153_002260.jpg,Panthera tigris (Amur Tiger),tiger_153,ATRW_Zoo_Cam,ATRW_2019,,,,ATRW_CAM,,https://lila.science/datasets/amur-tiger-re-identification
535,ATRW_LILA_BC,ind_153_002320.jpg,raw/tiger/ind_153_002320.jpg,Panthera tigris (Amur Tiger),tiger_153,ATRW_Zoo_Cam,ATRW_2019,,,,ATRW_CAM,,https://lila.science/datasets/amur-tiger-re-identification
536,ATRW_LILA_BC,ind_153_002322.jpg,raw/tiger/ind_153_002322.jpg,Panthera tigris (Amur Tiger),tiger_153,ATRW_Zoo_Cam,ATRW_2019,,,,ATRW_CAM,,https://lila.science/datasets/amur-tiger-re-identification
537,ATRW_LILA_BC,ind_153_002503.jpg,raw/tiger/ind_153_002503.jpg,Panthera tigris (Amur Tiger),tiger_153,ATRW_Zoo_Cam,ATRW_2019,,,,ATRW_CAM,,https://lila.science/datasets/amur-tiger-re-identification
538,ATRW_LILA_BC,ind_153_002535.jpg,raw/tiger/ind_153_002535.jpg,Panthera tigris (Amur Tiger),tiger_153,ATRW_Zoo_Cam,ATRW_2019,,,,ATRW_CAM,,https://lila.science/datasets/amur-tiger-re-identification
539,ATRW_LILA_BC,ind_153_002646.jpg,raw/tiger/ind_153_002646.jpg,Panthera tigris (Amur Tiger),tiger_153,ATRW_Zoo_Cam,ATRW_2019,,,,ATRW_CAM,,https://lila.science/datasets/amur-tiger-re-identification
540,ATRW_LILA_BC,ind_153_002651.jpg,raw/tiger/ind_153_002651.jpg,Panthera tigris (Amur Tiger),tiger_153,ATRW_Zoo_Cam,ATRW_2019,,,,ATRW_CAM,,https://lila.science/datasets/amur-tiger-re-identification
541,ATRW_LILA_BC,ind_153_002728.jpg,raw/tiger/ind_153_002728.jpg,Panthera tigris (Amur Tiger),tiger_153,ATRW_Zoo_Cam,ATRW_2019,,,,ATRW_CAM,,https://lila.science/datasets/amur-tiger-re-identification
542,ATRW_LILA_BC,ind_153_002739.jpg,raw/tiger/ind_153_002739.jpg,Panthera tigris (Amur Tiger),tiger_153,ATRW_Zoo_Cam,ATRW_2019,,,,ATRW_CAM,,https://lila.science/datasets/amur-tiger-re-identification
543,ATRW_LILA_BC,ind_153_002936.jpg,raw/tiger/ind_153_002936.jpg,Panthera tigris (Amur Tiger),tiger_153,ATRW_Zoo_Cam,ATRW_2019,,,,ATRW_CAM,,https://lila.science/datasets/amur-tiger-re-identification
544,ATRW_LILA_BC,ind_153_002943.jpg,raw/tiger/ind_153_002943.jpg,Panthera tigris (Amur Tiger),tiger_153,ATRW_Zoo_Cam,ATRW_2019,,,,ATRW_CAM,,https://lila.science/datasets/amur-tiger-re-identification
545,ATRW_LILA_BC,ind_153_002978.jpg,raw/tiger/ind_153_002978.jpg,Panthera tigris (Amur Tiger),tiger_153,ATRW_Zoo_Cam,ATRW_2019,,,,ATRW_CAM,,https://lila.science/datasets/amur-tiger-re-identification
546,ATRW_LILA_BC,ind_153_002992.jpg,raw/tiger/ind_153_002992.jpg,Panthera tigris (Amur Tiger),tiger_153,ATRW_Zoo_Cam,ATRW_2019,,,,ATRW_CAM,,https://lila.science/datasets/amur-tiger-re-identification
547,ATRW_LILA_BC,ind_153_003027.jpg,raw/tiger/ind_153_003027.jpg,Panthera tigris (Amur Tiger),tiger_153,ATRW_Zoo_Cam,ATRW_2019,,,,ATRW_CAM,,https://lila.science/datasets/amur-tiger-re-identification
548,ATRW_LILA_BC,ind_153_003096.jpg,raw/tiger/ind_153_003096.jpg,Panthera tigris (Amur Tiger),tiger_153,ATRW_Zoo_Cam,ATRW_2019,,,,ATRW_CAM,,https://lila.science/datasets/amur-tiger-re-identification
549,ATRW_LILA_BC,ind_153_003186.jpg,raw/tiger/ind_153_003186.jpg,Panthera tigris (Amur Tiger),tiger_153,ATRW_Zoo_Cam,ATRW_2019,,,,ATRW_CAM,,https://lila.science/datasets/amur-tiger-re-identification
550,ATRW_LILA_BC,ind_153_003219.jpg,raw/tiger/ind_153_003219.jpg,Panthera tigris (Amur Tiger),tiger_153,ATRW_Zoo_Cam,ATRW_2019,,,,ATRW_CAM,,https://lila.science/datasets/amur-tiger-re-identification
551,ATRW_LILA_BC,ind_153_003257.jpg,raw/tiger/ind_153_003257.jpg,Panthera tigris (Amur Tiger),tiger_153,ATRW_Zoo_Cam,ATRW_2019,,,,ATRW_CAM,,https://lila.science/datasets/amur-tiger-re-identification
552,ATRW_LILA_BC,ind_153_003297.jpg,raw/tiger/ind_153_003297.jpg,Panthera tigris (Amur Tiger),tiger_153,ATRW_Zoo_Cam,ATRW_2019,,,,ATRW_CAM,,https://lila.science/datasets/amur-tiger-re-identification
553,ATRW_LILA_BC,ind_153_003343.jpg,raw/tiger/ind_153_003343.jpg,Panthera tigris (Amur Tiger),tiger_153,ATRW_Zoo_Cam,ATRW_2019,,,,ATRW_CAM,,https://lila.science/datasets/amur-tiger-re-identification
554,ATRW_LILA_BC,ind_153_003354.jpg,raw/tiger/ind_153_003354.jpg,Panthera tigris (Amur Tiger),tiger_153,ATRW_Zoo_Cam,ATRW_2019,,,,ATRW_CAM,,https://lila.science/datasets/amur-tiger-re-identification
555,ATRW_LILA_BC,ind_153_003386.jpg,raw/tiger/ind_153_003386.jpg,Panthera tigris (Amur Tiger),tiger_153,ATRW_Zoo_Cam,ATRW_2019,,,,ATRW_CAM,,https://lila.science/datasets/amur-tiger-re-identification
556,ATRW_LILA_BC,ind_153_003437.jpg,raw/tiger/ind_153_003437.jpg,Panthera tigris (Amur Tiger),tiger_153,ATRW_Zoo_Cam,ATRW_2019,,,,ATRW_CAM,,https://lila.science/datasets/amur-tiger-re-identification
557,ATRW_LILA_BC,ind_153_003530.jpg,raw/tiger/ind_153_003530.jpg,Panthera tigris (Amur Tiger),tiger_153,ATRW_Zoo_Cam,ATRW_2019,,,,ATRW_CAM,,https://lila.science/datasets/amur-tiger-re-identification
558,ATRW_LILA_BC,ind_153_003540.jpg,raw/tiger/ind_153_003540.jpg,Panthera tigris (Amur Tiger),tiger_153,ATRW_Zoo_Cam,ATRW_2019,,,,ATRW_CAM,,https://lila.science/datasets/amur-tiger-re-identification
559,ATRW_LILA_BC,ind_153_003607.jpg,raw/tiger/ind_153_003607.jpg,Panthera tigris (Amur Tiger),tiger_153,ATRW_Zoo_Cam,ATRW_2019,,,,ATRW_CAM,,https://lila.science/datasets/amur-tiger-re-identification
560,ATRW_LILA_BC,ind_153_003696.jpg,raw/tiger/ind_153_003696.jpg,Panthera tigris (Amur Tiger),tiger_153,ATRW_Zoo_Cam,ATRW_2019,,,,ATRW_CAM,,https://lila.science/datasets/amur-tiger-re-identification
561,ATRW_LILA_BC,ind_153_003800.jpg,raw/tiger/ind_153_003800.jpg,Panthera tigris (Amur Tiger),tiger_153,ATRW_Zoo_Cam,ATRW_2019,,,,ATRW_CAM,,https://lila.science/datasets/amur-tiger-re-identification
562,ATRW_LILA_BC,ind_153_003829.jpg,raw/tiger/ind_153_003829.jpg,Panthera tigris (Amur Tiger),tiger_153,ATRW_Zoo_Cam,ATRW_2019,,,,ATRW_CAM,,https://lila.science/datasets/amur-tiger-re-identification
563,ATRW_LILA_BC,ind_153_003844.jpg,raw/tiger/ind_153_003844.jpg,Panthera tigris (Amur Tiger),tiger_153,ATRW_Zoo_Cam,ATRW_2019,,,,ATRW_CAM,,https://lila.science/datasets/amur-tiger-re-identification
564,ATRW_LILA_BC,ind_153_003944.jpg,raw/tiger/ind_153_003944.jpg,Panthera tigris (Amur Tiger),tiger_153,ATRW_Zoo_Cam,ATRW_2019,,,,ATRW_CAM,,https://lila.science/datasets/amur-tiger-re-identification
565,ATRW_LILA_BC,ind_153_004016.jpg,raw/tiger/ind_153_004016.jpg,Panthera tigris (Amur Tiger),tiger_153,ATRW_Zoo_Cam,ATRW_2019,,,,ATRW_CAM,,https://lila.science/datasets/amur-tiger-re-identification
566,ATRW_LILA_BC,ind_153_004042.jpg,raw/tiger/ind_153_004042.jpg,Panthera tigris (Amur Tiger),tiger_153,ATRW_Zoo_Cam,ATRW_2019,,,,ATRW_CAM,,https://lila.science/datasets/amur-tiger-re-identification
567,ATRW_LILA_BC,ind_153_004109.jpg,raw/tiger/ind_153_004109.jpg,Panthera tigris (Amur Tiger),tiger_153,ATRW_Zoo_Cam,ATRW_2019,,,,ATRW_CAM,,https://lila.science/datasets/amur-tiger-re-identification
568,ATRW_LILA_BC,ind_153_004124.jpg,raw/tiger/ind_153_004124.jpg,Panthera tigris (Amur Tiger),tiger_153,ATRW_Zoo_Cam,ATRW_2019,,,,ATRW_CAM,,https://lila.science/datasets/amur-tiger-re-identification
569,ATRW_LILA_BC,ind_153_004125.jpg,raw/tiger/ind_153_004125.jpg,Panthera tigris (Amur Tiger),tiger_153,ATRW_Zoo_Cam,ATRW_2019,,,,ATRW_CAM,,https://lila.science/datasets/amur-tiger-re-identification
570,ATRW_LILA_BC,ind_153_004219.jpg,raw/tiger/ind_153_004219.jpg,Panthera tigris (Amur Tiger),tiger_153,ATRW_Zoo_Cam,ATRW_2019,,,,ATRW_CAM,,https://lila.science/datasets/amur-tiger-re-identification
571,ATRW_LILA_BC,ind_153_004239.jpg,raw/tiger/ind_153_004239.jpg,Panthera tigris (Amur Tiger),tiger_153,ATRW_Zoo_Cam,ATRW_2019,,,,ATRW_CAM,,https://lila.science/datasets/amur-tiger-re-identification
572,ATRW_LILA_BC,ind_153_004263.jpg,raw/tiger/ind_153_004263.jpg,Panthera tigris (Amur Tiger),tiger_153,ATRW_Zoo_Cam,ATRW_2019,,,,ATRW_CAM,,https://lila.science/datasets/amur-tiger-re-identification
573,ATRW_LILA_BC,ind_153_004275.jpg,raw/tiger/ind_153_004275.jpg,Panthera tigris (Amur Tiger),tiger_153,ATRW_Zoo_Cam,ATRW_2019,,,,ATRW_CAM,,https://lila.science/datasets/amur-tiger-re-identification
574,ATRW_LILA_BC,ind_153_004295.jpg,raw/tiger/ind_153_004295.jpg,Panthera tigris (Amur Tiger),tiger_153,ATRW_Zoo_Cam,ATRW_2019,,,,ATRW_CAM,,https://lila.science/datasets/amur-tiger-re-identification
575,ATRW_LILA_BC,ind_153_004348.jpg,raw/tiger/ind_153_004348.jpg,Panthera tigris (Amur Tiger),tiger_153,ATRW_Zoo_Cam,ATRW_2019,,,,ATRW_CAM,,https://lila.science/datasets/amur-tiger-re-identification
576,ATRW_LILA_BC,ind_153_004419.jpg,raw/tiger/ind_153_004419.jpg,Panthera tigris (Amur Tiger),tiger_153,ATRW_Zoo_Cam,ATRW_2019,,,,ATRW_CAM,,https://lila.science/datasets/amur-tiger-re-identification
577,ATRW_LILA_BC,ind_153_004433.jpg,raw/tiger/ind_153_004433.jpg,Panthera tigris (Amur Tiger),tiger_153,ATRW_Zoo_Cam,ATRW_2019,,,,ATRW_CAM,,https://lila.science/datasets/amur-tiger-re-identification
578,ATRW_LILA_BC,ind_153_004444.jpg,raw/tiger/ind_153_004444.jpg,Panthera tigris (Amur Tiger),tiger_153,ATRW_Zoo_Cam,ATRW_2019,,,,ATRW_CAM,,https://lila.science/datasets/amur-tiger-re-identification
579,ATRW_LILA_BC,ind_153_004467.jpg,raw/tiger/ind_153_004467.jpg,Panthera tigris (Amur Tiger),tiger_153,ATRW_Zoo_Cam,ATRW_2019,,,,ATRW_CAM,,https://lila.science/datasets/amur-tiger-re-identification
580,ATRW_LILA_BC,ind_153_004597.jpg,raw/tiger/ind_153_004597.jpg,Panthera tigris (Amur Tiger),tiger_153,ATRW_Zoo_Cam,ATRW_2019,,,,ATRW_CAM,,https://lila.science/datasets/amur-tiger-re-identification
581,ATRW_LILA_BC,ind_153_004613.jpg,raw/tiger/ind_153_004613.jpg,Panthera tigris (Amur Tiger),tiger_153,ATRW_Zoo_Cam,ATRW_2019,,,,ATRW_CAM,,https://lila.science/datasets/amur-tiger-re-identification
582,ATRW_LILA_BC,ind_153_004622.jpg,raw/tiger/ind_153_004622.jpg,Panthera tigris (Amur Tiger),tiger_153,ATRW_Zoo_Cam,ATRW_2019,,,,ATRW_CAM,,https://lila.science/datasets/amur-tiger-re-identification
583,ATRW_LILA_BC,ind_153_004739.jpg,raw/tiger/ind_153_004739.jpg,Panthera tigris (Amur Tiger),tiger_153,ATRW_Zoo_Cam,ATRW_2019,,,,ATRW_CAM,,https://lila.science/datasets/amur-tiger-re-identification
584,ATRW_LILA_BC,ind_153_004808.jpg,raw/tiger/ind_153_004808.jpg,Panthera tigris (Amur Tiger),tiger_153,ATRW_Zoo_Cam,ATRW_2019,,,,ATRW_CAM,,https://lila.science/datasets/amur-tiger-re-identification
585,ATRW_LILA_BC,ind_153_004833.jpg,raw/tiger/ind_153_004833.jpg,Panthera tigris (Amur Tiger),tiger_153,ATRW_Zoo_Cam,ATRW_2019,,,,ATRW_CAM,,https://lila.science/datasets/amur-tiger-re-identification
586,ATRW_LILA_BC,ind_153_004876.jpg,raw/tiger/ind_153_004876.jpg,Panthera tigris (Amur Tiger),tiger_153,ATRW_Zoo_Cam,ATRW_2019,,,,ATRW_CAM,,https://lila.science/datasets/amur-tiger-re-identification
587,ATRW_LILA_BC,ind_153_004911.jpg,raw/tiger/ind_153_004911.jpg,Panthera tigris (Amur Tiger),tiger_153,ATRW_Zoo_Cam,ATRW_2019,,,,ATRW_CAM,,https://lila.science/datasets/amur-tiger-re-identification
588,ATRW_LILA_BC,ind_153_004936.jpg,raw/tiger/ind_153_004936.jpg,Panthera tigris (Amur Tiger),tiger_153,ATRW_Zoo_Cam,ATRW_2019,,,,ATRW_CAM,,https://lila.science/datasets/amur-tiger-re-identification
589,ATRW_LILA_BC,ind_153_005023.jpg,raw/tiger/ind_153_005023.jpg,Panthera tigris (Amur Tiger),tiger_153,ATRW_Zoo_Cam,ATRW_2019,,,,ATRW_CAM,,https://lila.science/datasets/amur-tiger-re-identification
590,ATRW_LILA_BC,ind_160_000100.jpg,raw/tiger/ind_160_000100.jpg,Panthera tigris (Amur Tiger),tiger_160,ATRW_Zoo_Cam,ATRW_2019,,,,ATRW_CAM,,https://lila.science/datasets/amur-tiger-re-identification
591,ATRW_LILA_BC,ind_160_000232.jpg,raw/tiger/ind_160_000232.jpg,Panthera tigris (Amur Tiger),tiger_160,ATRW_Zoo_Cam,ATRW_2019,,,,ATRW_CAM,,https://lila.science/datasets/amur-tiger-re-identification
592,ATRW_LILA_BC,ind_160_000257.jpg,raw/tiger/ind_160_000257.jpg,Panthera tigris (Amur Tiger),tiger_160,ATRW_Zoo_Cam,ATRW_2019,,,,ATRW_CAM,,https://lila.science/datasets/amur-tiger-re-identification
593,ATRW_LILA_BC,ind_160_000311.jpg,raw/tiger/ind_160_000311.jpg,Panthera tigris (Amur Tiger),tiger_160,ATRW_Zoo_Cam,ATRW_2019,,,,ATRW_CAM,,https://lila.science/datasets/amur-tiger-re-identification
594,ATRW_LILA_BC,ind_160_000342.jpg,raw/tiger/ind_160_000342.jpg,Panthera tigris (Amur Tiger),tiger_160,ATRW_Zoo_Cam,ATRW_2019,,,,ATRW_CAM,,https://lila.science/datasets/amur-tiger-re-identification
595,ATRW_LILA_BC,ind_160_000355.jpg,raw/tiger/ind_160_000355.jpg,Panthera tigris (Amur Tiger),tiger_160,ATRW_Zoo_Cam,ATRW_2019,,,,ATRW_CAM,,https://lila.science/datasets/amur-tiger-re-identification
596,ATRW_LILA_BC,ind_160_000372.jpg,raw/tiger/ind_160_000372.jpg,Panthera tigris (Amur Tiger),tiger_160,ATRW_Zoo_Cam,ATRW_2019,,,,ATRW_CAM,,https://lila.science/datasets/amur-tiger-re-identification
597,ATRW_LILA_BC,ind_160_000387.jpg,raw/tiger/ind_160_000387.jpg,Panthera tigris (Amur Tiger),tiger_160,ATRW_Zoo_Cam,ATRW_2019,,,,ATRW_CAM,,https://lila.science/datasets/amur-tiger-re-identification
598,ATRW_LILA_BC,ind_160_000463.jpg,raw/tiger/ind_160_000463.jpg,Panthera tigris (Amur Tiger),tiger_160,ATRW_Zoo_Cam,ATRW_2019,,,,ATRW_CAM,,https://lila.science/datasets/amur-tiger-re-identification
599,ATRW_LILA_BC,ind_160_000481.jpg,raw/tiger/ind_160_000481.jpg,Panthera tigris (Amur Tiger),tiger_160,ATRW_Zoo_Cam,ATRW_2019,,,,ATRW_CAM,,https://lila.science/datasets/amur-tiger-re-identification
600,ATRW_LILA_BC,ind_160_000521.jpg,raw/tiger/ind_160_000521.jpg,Panthera tigris (Amur Tiger),tiger_160,ATRW_Zoo_Cam,ATRW_2019,,,,ATRW_CAM,,https://lila.science/datasets/amur-tiger-re-identification
601,ATRW_LILA_BC,ind_160_000523.jpg,raw/tiger/ind_160_000523.jpg,Panthera tigris (Amur Tiger),tiger_160,ATRW_Zoo_Cam,ATRW_2019,,,,ATRW_CAM,,https://lila.science/datasets/amur-tiger-re-identification
602,ATRW_LILA_BC,ind_160_000559.jpg,raw/tiger/ind_160_000559.jpg,Panthera tigris (Amur Tiger),tiger_160,ATRW_Zoo_Cam,ATRW_2019,,,,ATRW_CAM,,https://lila.science/datasets/amur-tiger-re-identification
603,ATRW_LILA_BC,ind_160_000626.jpg,raw/tiger/ind_160_000626.jpg,Panthera tigris (Amur Tiger),tiger_160,ATRW_Zoo_Cam,ATRW_2019,,,,ATRW_CAM,,https://lila.science/datasets/amur-tiger-re-identification
604,ATRW_LILA_BC,ind_160_000636.jpg,raw/tiger/ind_160_000636.jpg,Panthera tigris (Amur Tiger),tiger_160,ATRW_Zoo_Cam,ATRW_2019,,,,ATRW_CAM,,https://lila.science/datasets/amur-tiger-re-identification
605,ATRW_LILA_BC,ind_160_000739.jpg,raw/tiger/ind_160_000739.jpg,Panthera tigris (Amur Tiger),tiger_160,ATRW_Zoo_Cam,ATRW_2019,,,,ATRW_CAM,,https://lila.science/datasets/amur-tiger-re-identification
606,ATRW_LILA_BC,ind_160_000801.jpg,raw/tiger/ind_160_000801.jpg,Panthera tigris (Amur Tiger),tiger_160,ATRW_Zoo_Cam,ATRW_2019,,,,ATRW_CAM,,https://lila.science/datasets/amur-tiger-re-identification
607,ATRW_LILA_BC,ind_160_000923.jpg,raw/tiger/ind_160_000923.jpg,Panthera tigris (Amur Tiger),tiger_160,ATRW_Zoo_Cam,ATRW_2019,,,,ATRW_CAM,,https://lila.science/datasets/amur-tiger-re-identification
608,ATRW_LILA_BC,ind_160_001099.jpg,raw/tiger/ind_160_001099.jpg,Panthera tigris (Amur Tiger),tiger_160,ATRW_Zoo_Cam,ATRW_2019,,,,ATRW_CAM,,https://lila.science/datasets/amur-tiger-re-identification
609,ATRW_LILA_BC,ind_160_001135.jpg,raw/tiger/ind_160_001135.jpg,Panthera tigris (Amur Tiger),tiger_160,ATRW_Zoo_Cam,ATRW_2019,,,,ATRW_CAM,,https://lila.science/datasets/amur-tiger-re-identification
610,ATRW_LILA_BC,ind_160_001137.jpg,raw/tiger/ind_160_001137.jpg,Panthera tigris (Amur Tiger),tiger_160,ATRW_Zoo_Cam,ATRW_2019,,,,ATRW_CAM,,https://lila.science/datasets/amur-tiger-re-identification
611,ATRW_LILA_BC,ind_160_001153.jpg,raw/tiger/ind_160_001153.jpg,Panthera tigris (Amur Tiger),tiger_160,ATRW_Zoo_Cam,ATRW_2019,,,,ATRW_CAM,,https://lila.science/datasets/amur-tiger-re-identification
612,ATRW_LILA_BC,ind_160_001193.jpg,raw/tiger/ind_160_001193.jpg,Panthera tigris (Amur Tiger),tiger_160,ATRW_Zoo_Cam,ATRW_2019,,,,ATRW_CAM,,https://lila.science/datasets/amur-tiger-re-identification
613,ATRW_LILA_BC,ind_160_001301.jpg,raw/tiger/ind_160_001301.jpg,Panthera tigris (Amur Tiger),tiger_160,ATRW_Zoo_Cam,ATRW_2019,,,,ATRW_CAM,,https://lila.science/datasets/amur-tiger-re-identification
614,ATRW_LILA_BC,ind_160_001306.jpg,raw/tiger/ind_160_001306.jpg,Panthera tigris (Amur Tiger),tiger_160,ATRW_Zoo_Cam,ATRW_2019,,,,ATRW_CAM,,https://lila.science/datasets/amur-tiger-re-identification
615,ATRW_LILA_BC,ind_160_001358.jpg,raw/tiger/ind_160_001358.jpg,Panthera tigris (Amur Tiger),tiger_160,ATRW_Zoo_Cam,ATRW_2019,,,,ATRW_CAM,,https://lila.science/datasets/amur-tiger-re-identification
616,ATRW_LILA_BC,ind_160_001360.jpg,raw/tiger/ind_160_001360.jpg,Panthera tigris (Amur Tiger),tiger_160,ATRW_Zoo_Cam,ATRW_2019,,,,ATRW_CAM,,https://lila.science/datasets/amur-tiger-re-identification
617,ATRW_LILA_BC,ind_160_001389.jpg,raw/tiger/ind_160_001389.jpg,Panthera tigris (Amur Tiger),tiger_160,ATRW_Zoo_Cam,ATRW_2019,,,,ATRW_CAM,,https://lila.science/datasets/amur-tiger-re-identification
618,ATRW_LILA_BC,ind_160_001399.jpg,raw/tiger/ind_160_001399.jpg,Panthera tigris (Amur Tiger),tiger_160,ATRW_Zoo_Cam,ATRW_2019,,,,ATRW_CAM,,https://lila.science/datasets/amur-tiger-re-identification
619,ATRW_LILA_BC,ind_160_001454.jpg,raw/tiger/ind_160_001454.jpg,Panthera tigris (Amur Tiger),tiger_160,ATRW_Zoo_Cam,ATRW_2019,,,,ATRW_CAM,,https://lila.science/datasets/amur-tiger-re-identification
620,ATRW_LILA_BC,ind_160_001485.jpg,raw/tiger/ind_160_001485.jpg,Panthera tigris (Amur Tiger),tiger_160,ATRW_Zoo_Cam,ATRW_2019,,,,ATRW_CAM,,https://lila.science/datasets/amur-tiger-re-identification
621,ATRW_LILA_BC,ind_160_001539.jpg,raw/tiger/ind_160_001539.jpg,Panthera tigris (Amur Tiger),tiger_160,ATRW_Zoo_Cam,ATRW_2019,,,,ATRW_CAM,,https://lila.science/datasets/amur-tiger-re-identification
622,ATRW_LILA_BC,ind_160_001554.jpg,raw/tiger/ind_160_001554.jpg,Panthera tigris (Amur Tiger),tiger_160,ATRW_Zoo_Cam,ATRW_2019,,,,ATRW_CAM,,https://lila.science/datasets/amur-tiger-re-identification
623,ATRW_LILA_BC,ind_160_001560.jpg,raw/tiger/ind_160_001560.jpg,Panthera tigris (Amur Tiger),tiger_160,ATRW_Zoo_Cam,ATRW_2019,,,,ATRW_CAM,,https://lila.science/datasets/amur-tiger-re-identification
624,ATRW_LILA_BC,ind_160_001694.jpg,raw/tiger/ind_160_001694.jpg,Panthera tigris (Amur Tiger),tiger_160,ATRW_Zoo_Cam,ATRW_2019,,,,ATRW_CAM,,https://lila.science/datasets/amur-tiger-re-identification
625,ATRW_LILA_BC,ind_160_001699.jpg,raw/tiger/ind_160_001699.jpg,Panthera tigris (Amur Tiger),tiger_160,ATRW_Zoo_Cam,ATRW_2019,,,,ATRW_CAM,,https://lila.science/datasets/amur-tiger-re-identification
626,ATRW_LILA_BC,ind_160_001797.jpg,raw/tiger/ind_160_001797.jpg,Panthera tigris (Amur Tiger),tiger_160,ATRW_Zoo_Cam,ATRW_2019,,,,ATRW_CAM,,https://lila.science/datasets/amur-tiger-re-identification
627,ATRW_LILA_BC,ind_160_001860.jpg,raw/tiger/ind_160_001860.jpg,Panthera tigris (Amur Tiger),tiger_160,ATRW_Zoo_Cam,ATRW_2019,,,,ATRW_CAM,,https://lila.science/datasets/amur-tiger-re-identification
628,ATRW_LILA_BC,ind_160_001881.jpg,raw/tiger/ind_160_001881.jpg,Panthera tigris (Amur Tiger),tiger_160,ATRW_Zoo_Cam,ATRW_2019,,,,ATRW_CAM,,https://lila.science/datasets/amur-tiger-re-identification
629,ATRW_LILA_BC,ind_160_001973.jpg,raw/tiger/ind_160_001973.jpg,Panthera tigris (Amur Tiger),tiger_160,ATRW_Zoo_Cam,ATRW_2019,,,,ATRW_CAM,,https://lila.science/datasets/amur-tiger-re-identification
630,ATRW_LILA_BC,ind_160_001991.jpg,raw/tiger/ind_160_001991.jpg,Panthera tigris (Amur Tiger),tiger_160,ATRW_Zoo_Cam,ATRW_2019,,,,ATRW_CAM,,https://lila.science/datasets/amur-tiger-re-identification
631,ATRW_LILA_BC,ind_160_002002.jpg,raw/tiger/ind_160_002002.jpg,Panthera tigris (Amur Tiger),tiger_160,ATRW_Zoo_Cam,ATRW_2019,,,,ATRW_CAM,,https://lila.science/datasets/amur-tiger-re-identification
632,ATRW_LILA_BC,ind_160_002071.jpg,raw/tiger/ind_160_002071.jpg,Panthera tigris (Amur Tiger),tiger_160,ATRW_Zoo_Cam,ATRW_2019,,,,ATRW_CAM,,https://lila.science/datasets/amur-tiger-re-identification
633,ATRW_LILA_BC,ind_160_002119.jpg,raw/tiger/ind_160_002119.jpg,Panthera tigris (Amur Tiger),tiger_160,ATRW_Zoo_Cam,ATRW_2019,,,,ATRW_CAM,,https://lila.science/datasets/amur-tiger-re-identification
634,ATRW_LILA_BC,ind_160_002149.jpg,raw/tiger/ind_160_002149.jpg,Panthera tigris (Amur Tiger),tiger_160,ATRW_Zoo_Cam,ATRW_2019,,,,ATRW_CAM,,https://lila.science/datasets/amur-tiger-re-identification
635,ATRW_LILA_BC,ind_160_002182.jpg,raw/tiger/ind_160_002182.jpg,Panthera tigris (Amur Tiger),tiger_160,ATRW_Zoo_Cam,ATRW_2019,,,,ATRW_CAM,,https://lila.science/datasets/amur-tiger-re-identification
636,ATRW_LILA_BC,ind_160_002238.jpg,raw/tiger/ind_160_002238.jpg,Panthera tigris (Amur Tiger),tiger_160,ATRW_Zoo_Cam,ATRW_2019,,,,ATRW_CAM,,https://lila.science/datasets/amur-tiger-re-identification
637,ATRW_LILA_BC,ind_160_002257.jpg,raw/tiger/ind_160_002257.jpg,Panthera tigris (Amur Tiger),tiger_160,ATRW_Zoo_Cam,ATRW_2019,,,,ATRW_CAM,,https://lila.science/datasets/amur-tiger-re-identification
638,ATRW_LILA_BC,ind_160_002341.jpg,raw/tiger/ind_160_002341.jpg,Panthera tigris (Amur Tiger),tiger_160,ATRW_Zoo_Cam,ATRW_2019,,,,ATRW_CAM,,https://lila.science/datasets/amur-tiger-re-identification
639,ATRW_LILA_BC,ind_160_002425.jpg,raw/tiger/ind_160_002425.jpg,Panthera tigris (Amur Tiger),tiger_160,ATRW_Zoo_Cam,ATRW_2019,,,,ATRW_CAM,,https://lila.science/datasets/amur-tiger-re-identification
640,ATRW_LILA_BC,ind_160_002453.jpg,raw/tiger/ind_160_002453.jpg,Panthera tigris (Amur Tiger),tiger_160,ATRW_Zoo_Cam,ATRW_2019,,,,ATRW_CAM,,https://lila.science/datasets/amur-tiger-re-identification
641,ATRW_LILA_BC,ind_160_002475.jpg,raw/tiger/ind_160_002475.jpg,Panthera tigris (Amur Tiger),tiger_160,ATRW_Zoo_Cam,ATRW_2019,,,,ATRW_CAM,,https://lila.science/datasets/amur-tiger-re-identification
642,ATRW_LILA_BC,ind_160_002527.jpg,raw/tiger/ind_160_002527.jpg,Panthera tigris (Amur Tiger),tiger_160,ATRW_Zoo_Cam,ATRW_2019,,,,ATRW_CAM,,https://lila.science/datasets/amur-tiger-re-identification
643,ATRW_LILA_BC,ind_160_002578.jpg,raw/tiger/ind_160_002578.jpg,Panthera tigris (Amur Tiger),tiger_160,ATRW_Zoo_Cam,ATRW_2019,,,,ATRW_CAM,,https://lila.science/datasets/amur-tiger-re-identification
644,ATRW_LILA_BC,ind_160_002652.jpg,raw/tiger/ind_160_002652.jpg,Panthera tigris (Amur Tiger),tiger_160,ATRW_Zoo_Cam,ATRW_2019,,,,ATRW_CAM,,https://lila.science/datasets/amur-tiger-re-identification
645,ATRW_LILA_BC,ind_160_002729.jpg,raw/tiger/ind_160_002729.jpg,Panthera tigris (Amur Tiger),tiger_160,ATRW_Zoo_Cam,ATRW_2019,,,,ATRW_CAM,,https://lila.science/datasets/amur-tiger-re-identification
646,ATRW_LILA_BC,ind_160_002731.jpg,raw/tiger/ind_160_002731.jpg,Panthera tigris (Amur Tiger),tiger_160,ATRW_Zoo_Cam,ATRW_2019,,,,ATRW_CAM,,https://lila.science/datasets/amur-tiger-re-identification
647,ATRW_LILA_BC,ind_160_002769.jpg,raw/tiger/ind_160_002769.jpg,Panthera tigris (Amur Tiger),tiger_160,ATRW_Zoo_Cam,ATRW_2019,,,,ATRW_CAM,,https://lila.science/datasets/amur-tiger-re-identification
648,ATRW_LILA_BC,ind_160_002867.jpg,raw/tiger/ind_160_002867.jpg,Panthera tigris (Amur Tiger),tiger_160,ATRW_Zoo_Cam,ATRW_2019,,,,ATRW_CAM,,https://lila.science/datasets/amur-tiger-re-identification
649,ATRW_LILA_BC,ind_160_002986.jpg,raw/tiger/ind_160_002986.jpg,Panthera tigris (Amur Tiger),tiger_160,ATRW_Zoo_Cam,ATRW_2019,,,,ATRW_CAM,,https://lila.science/datasets/amur-tiger-re-identification
650,ATRW_LILA_BC,ind_160_003039.jpg,raw/tiger/ind_160_003039.jpg,Panthera tigris (Amur Tiger),tiger_160,ATRW_Zoo_Cam,ATRW_2019,,,,ATRW_CAM,,https://lila.science/datasets/amur-tiger-re-identification
651,ATRW_LILA_BC,ind_160_003042.jpg,raw/tiger/ind_160_003042.jpg,Panthera tigris (Amur Tiger),tiger_160,ATRW_Zoo_Cam,ATRW_2019,,,,ATRW_CAM,,https://lila.science/datasets/amur-tiger-re-identification
652,ATRW_LILA_BC,ind_160_003113.jpg,raw/tiger/ind_160_003113.jpg,Panthera tigris (Amur Tiger),tiger_160,ATRW_Zoo_Cam,ATRW_2019,,,,ATRW_CAM,,https://lila.science/datasets/amur-tiger-re-identification
653,ATRW_LILA_BC,ind_160_003120.jpg,raw/tiger/ind_160_003120.jpg,Panthera tigris (Amur Tiger),tiger_160,ATRW_Zoo_Cam,ATRW_2019,,,,ATRW_CAM,,https://lila.science/datasets/amur-tiger-re-identification
654,ATRW_LILA_BC,ind_160_003147.jpg,raw/tiger/ind_160_003147.jpg,Panthera tigris (Amur Tiger),tiger_160,ATRW_Zoo_Cam,ATRW_2019,,,,ATRW_CAM,,https://lila.science/datasets/amur-tiger-re-identification
655,ATRW_LILA_BC,ind_160_003176.jpg,raw/tiger/ind_160_003176.jpg,Panthera tigris (Amur Tiger),tiger_160,ATRW_Zoo_Cam,ATRW_2019,,,,ATRW_CAM,,https://lila.science/datasets/amur-tiger-re-identification
656,ATRW_LILA_BC,ind_160_003225.jpg,raw/tiger/ind_160_003225.jpg,Panthera tigris (Amur Tiger),tiger_160,ATRW_Zoo_Cam,ATRW_2019,,,,ATRW_CAM,,https://lila.science/datasets/amur-tiger-re-identification
657,ATRW_LILA_BC,ind_160_003358.jpg,raw/tiger/ind_160_003358.jpg,Panthera tigris (Amur Tiger),tiger_160,ATRW_Zoo_Cam,ATRW_2019,,,,ATRW_CAM,,https://lila.science/datasets/amur-tiger-re-identification
658,ATRW_LILA_BC,ind_160_003377.jpg,raw/tiger/ind_160_003377.jpg,Panthera tigris (Amur Tiger),tiger_160,ATRW_Zoo_Cam,ATRW_2019,,,,ATRW_CAM,,https://lila.science/datasets/amur-tiger-re-identification
659,ATRW_LILA_BC,ind_160_003417.jpg,raw/tiger/ind_160_003417.jpg,Panthera tigris (Amur Tiger),tiger_160,ATRW_Zoo_Cam,ATRW_2019,,,,ATRW_CAM,,https://lila.science/datasets/amur-tiger-re-identification
660,ATRW_LILA_BC,ind_160_003548.jpg,raw/tiger/ind_160_003548.jpg,Panthera tigris (Amur Tiger),tiger_160,ATRW_Zoo_Cam,ATRW_2019,,,,ATRW_CAM,,https://lila.science/datasets/amur-tiger-re-identification
661,ATRW_LILA_BC,ind_160_003557.jpg,raw/tiger/ind_160_003557.jpg,Panthera tigris (Amur Tiger),tiger_160,ATRW_Zoo_Cam,ATRW_2019,,,,ATRW_CAM,,https://lila.science/datasets/amur-tiger-re-identification
662,ATRW_LILA_BC,ind_160_003641.jpg,raw/tiger/ind_160_003641.jpg,Panthera tigris (Amur Tiger),tiger_160,ATRW_Zoo_Cam,ATRW_2019,,,,ATRW_CAM,,https://lila.science/datasets/amur-tiger-re-identification
663,ATRW_LILA_BC,ind_160_003674.jpg,raw/tiger/ind_160_003674.jpg,Panthera tigris (Amur Tiger),tiger_160,ATRW_Zoo_Cam,ATRW_2019,,,,ATRW_CAM,,https://lila.science/datasets/amur-tiger-re-identification
664,ATRW_LILA_BC,ind_160_003817.jpg,raw/tiger/ind_160_003817.jpg,Panthera tigris (Amur Tiger),tiger_160,ATRW_Zoo_Cam,ATRW_2019,,,,ATRW_CAM,,https://lila.science/datasets/amur-tiger-re-identification
665,ATRW_LILA_BC,ind_160_003826.jpg,raw/tiger/ind_160_003826.jpg,Panthera tigris (Amur Tiger),tiger_160,ATRW_Zoo_Cam,ATRW_2019,,,,ATRW_CAM,,https://lila.science/datasets/amur-tiger-re-identification
666,ATRW_LILA_BC,ind_160_003839.jpg,raw/tiger/ind_160_003839.jpg,Panthera tigris (Amur Tiger),tiger_160,ATRW_Zoo_Cam,ATRW_2019,,,,ATRW_CAM,,https://lila.science/datasets/amur-tiger-re-identification
667,ATRW_LILA_BC,ind_160_003855.jpg,raw/tiger/ind_160_003855.jpg,Panthera tigris (Amur Tiger),tiger_160,ATRW_Zoo_Cam,ATRW_2019,,,,ATRW_CAM,,https://lila.science/datasets/amur-tiger-re-identification
668,ATRW_LILA_BC,ind_160_003861.jpg,raw/tiger/ind_160_003861.jpg,Panthera tigris (Amur Tiger),tiger_160,ATRW_Zoo_Cam,ATRW_2019,,,,ATRW_CAM,,https://lila.science/datasets/amur-tiger-re-identification
669,ATRW_LILA_BC,ind_160_003918.jpg,raw/tiger/ind_160_003918.jpg,Panthera tigris (Amur Tiger),tiger_160,ATRW_Zoo_Cam,ATRW_2019,,,,ATRW_CAM,,https://lila.science/datasets/amur-tiger-re-identification
670,ATRW_LILA_BC,ind_160_003926.jpg,raw/tiger/ind_160_003926.jpg,Panthera tigris (Amur Tiger),tiger_160,ATRW_Zoo_Cam,ATRW_2019,,,,ATRW_CAM,,https://lila.science/datasets/amur-tiger-re-identification
671,ATRW_LILA_BC,ind_160_003933.jpg,raw/tiger/ind_160_003933.jpg,Panthera tigris (Amur Tiger),tiger_160,ATRW_Zoo_Cam,ATRW_2019,,,,ATRW_CAM,,https://lila.science/datasets/amur-tiger-re-identification
672,ATRW_LILA_BC,ind_160_003968.jpg,raw/tiger/ind_160_003968.jpg,Panthera tigris (Amur Tiger),tiger_160,ATRW_Zoo_Cam,ATRW_2019,,,,ATRW_CAM,,https://lila.science/datasets/amur-tiger-re-identification
673,ATRW_LILA_BC,ind_160_004151.jpg,raw/tiger/ind_160_004151.jpg,Panthera tigris (Amur Tiger),tiger_160,ATRW_Zoo_Cam,ATRW_2019,,,,ATRW_CAM,,https://lila.science/datasets/amur-tiger-re-identification
674,ATRW_LILA_BC,ind_160_004177.jpg,raw/tiger/ind_160_004177.jpg,Panthera tigris (Amur Tiger),tiger_160,ATRW_Zoo_Cam,ATRW_2019,,,,ATRW_CAM,,https://lila.science/datasets/amur-tiger-re-identification
675,ATRW_LILA_BC,ind_160_004195.jpg,raw/tiger/ind_160_004195.jpg,Panthera tigris (Amur Tiger),tiger_160,ATRW_Zoo_Cam,ATRW_2019,,,,ATRW_CAM,,https://lila.science/datasets/amur-tiger-re-identification
676,ATRW_LILA_BC,ind_160_004204.jpg,raw/tiger/ind_160_004204.jpg,Panthera tigris (Amur Tiger),tiger_160,ATRW_Zoo_Cam,ATRW_2019,,,,ATRW_CAM,,https://lila.science/datasets/amur-tiger-re-identification
677,ATRW_LILA_BC,ind_160_004294.jpg,raw/tiger/ind_160_004294.jpg,Panthera tigris (Amur Tiger),tiger_160,ATRW_Zoo_Cam,ATRW_2019,,,,ATRW_CAM,,https://lila.science/datasets/amur-tiger-re-identification
678,ATRW_LILA_BC,ind_160_004554.jpg,raw/tiger/ind_160_004554.jpg,Panthera tigris (Amur Tiger),tiger_160,ATRW_Zoo_Cam,ATRW_2019,,,,ATRW_CAM,,https://lila.science/datasets/amur-tiger-re-identification
679,ATRW_LILA_BC,ind_160_004761.jpg,raw/tiger/ind_160_004761.jpg,Panthera tigris (Amur Tiger),tiger_160,ATRW_Zoo_Cam,ATRW_2019,,,,ATRW_CAM,,https://lila.science/datasets/amur-tiger-re-identification
680,ATRW_LILA_BC,ind_160_004820.jpg,raw/tiger/ind_160_004820.jpg,Panthera tigris (Amur Tiger),tiger_160,ATRW_Zoo_Cam,ATRW_2019,,,,ATRW_CAM,,https://lila.science/datasets/amur-tiger-re-identification
681,ATRW_LILA_BC,ind_160_004822.jpg,raw/tiger/ind_160_004822.jpg,Panthera tigris (Amur Tiger),tiger_160,ATRW_Zoo_Cam,ATRW_2019,,,,ATRW_CAM,,https://lila.science/datasets/amur-tiger-re-identification
682,ATRW_LILA_BC,ind_160_004828.jpg,raw/tiger/ind_160_004828.jpg,Panthera tigris (Amur Tiger),tiger_160,ATRW_Zoo_Cam,ATRW_2019,,,,ATRW_CAM,,https://lila.science/datasets/amur-tiger-re-identification
683,ATRW_LILA_BC,ind_160_004917.jpg,raw/tiger/ind_160_004917.jpg,Panthera tigris (Amur Tiger),tiger_160,ATRW_Zoo_Cam,ATRW_2019,,,,ATRW_CAM,,https://lila.science/datasets/amur-tiger-re-identification
684,ATRW_LILA_BC,ind_160_005014.jpg,raw/tiger/ind_160_005014.jpg,Panthera tigris (Amur Tiger),tiger_160,ATRW_Zoo_Cam,ATRW_2019,,,,ATRW_CAM,,https://lila.science/datasets/amur-tiger-re-identification
685,ATRW_LILA_BC,ind_160_005048.jpg,raw/tiger/ind_160_005048.jpg,Panthera tigris (Amur Tiger),tiger_160,ATRW_Zoo_Cam,ATRW_2019,,,,ATRW_CAM,,https://lila.science/datasets/amur-tiger-re-identification
686,ATRW_LILA_BC,ind_160_005146.jpg,raw/tiger/ind_160_005146.jpg,Panthera tigris (Amur Tiger),tiger_160,ATRW_Zoo_Cam,ATRW_2019,,,,ATRW_CAM,,https://lila.science/datasets/amur-tiger-re-identification
687,ATRW_LILA_BC,ind_154_000014.jpg,raw/tiger/ind_154_000014.jpg,Panthera tigris (Amur Tiger),tiger_154,ATRW_Zoo_Cam,ATRW_2019,,,,ATRW_CAM,,https://lila.science/datasets/amur-tiger-re-identification
688,ATRW_LILA_BC,ind_154_000212.jpg,raw/tiger/ind_154_000212.jpg,Panthera tigris (Amur Tiger),tiger_154,ATRW_Zoo_Cam,ATRW_2019,,,,ATRW_CAM,,https://lila.science/datasets/amur-tiger-re-identification
689,ATRW_LILA_BC,ind_154_000283.jpg,raw/tiger/ind_154_000283.jpg,Panthera tigris (Amur Tiger),tiger_154,ATRW_Zoo_Cam,ATRW_2019,,,,ATRW_CAM,,https://lila.science/datasets/amur-tiger-re-identification
690,ATRW_LILA_BC,ind_154_000284.jpg,raw/tiger/ind_154_000284.jpg,Panthera tigris (Amur Tiger),tiger_154,ATRW_Zoo_Cam,ATRW_2019,,,,ATRW_CAM,,https://lila.science/datasets/amur-tiger-re-identification
691,ATRW_LILA_BC,ind_154_000423.jpg,raw/tiger/ind_154_000423.jpg,Panthera tigris (Amur Tiger),tiger_154,ATRW_Zoo_Cam,ATRW_2019,,,,ATRW_CAM,,https://lila.science/datasets/amur-tiger-re-identification
692,CCT20_LILA_BC,58a6e5f1-23d2-11e8-a6a3-ec086b02610b.jpg,raw/blank/58a6e5f1-23d2-11e8-a6a3-ec086b02610b.jpg,empty,,CCT_Loc_75,Caltech_2018,2011-11-26 16:59:24,34.0522,-118.2437,CAM_75,6efd64d7-5567-11e8-baa1-dca9047ef277,https://lila.science/datasets/caltech-camera-traps
693,CCT20_LILA_BC,58732e95-23d2-11e8-a6a3-ec086b02610b.jpg,raw/blank/58732e95-23d2-11e8-a6a3-ec086b02610b.jpg,empty,,CCT_Loc_75,Caltech_2018,2011-12-02 08:23:13,34.0522,-118.2437,CAM_75,6efd6b73-5567-11e8-90e7-dca9047ef277,https://lila.science/datasets/caltech-camera-traps
694,CCT20_LILA_BC,58ce3ebd-23d2-11e8-a6a3-ec086b02610b.jpg,raw/blank/58ce3ebd-23d2-11e8-a6a3-ec086b02610b.jpg,empty,,CCT_Loc_75,Caltech_2018,2011-11-26 16:59:25,34.0522,-118.2437,CAM_75,6efd64d7-5567-11e8-baa1-dca9047ef277,https://lila.science/datasets/caltech-camera-traps
695,CCT20_LILA_BC,5892b4a6-23d2-11e8-a6a3-ec086b02610b.jpg,raw/blank/5892b4a6-23d2-11e8-a6a3-ec086b02610b.jpg,empty,,CCT_Loc_75,Caltech_2018,2011-12-10 14:46:50,34.0522,-118.2437,CAM_75,6efd6de6-5567-11e8-b6dd-dca9047ef277,https://lila.science/datasets/caltech-camera-traps
696,CCT20_LILA_BC,58e40f52-23d2-11e8-a6a3-ec086b02610b.jpg,raw/blank/58e40f52-23d2-11e8-a6a3-ec086b02610b.jpg,empty,,CCT_Loc_75,Caltech_2018,2011-12-02 08:23:10,34.0522,-118.2437,CAM_75,6efd6b73-5567-11e8-90e7-dca9047ef277,https://lila.science/datasets/caltech-camera-traps
697,CCT20_LILA_BC,58af7807-23d2-11e8-a6a3-ec086b02610b.jpg,raw/blank/58af7807-23d2-11e8-a6a3-ec086b02610b.jpg,empty,,CCT_Loc_75,Caltech_2018,2011-11-02 11:33:06,34.0522,-118.2437,CAM_75,6efd58e3-5567-11e8-b36f-dca9047ef277,https://lila.science/datasets/caltech-camera-traps
698,CCT20_LILA_BC,58d47cfb-23d2-11e8-a6a3-ec086b02610b.jpg,raw/blank/58d47cfb-23d2-11e8-a6a3-ec086b02610b.jpg,empty,,CCT_Loc_75,Caltech_2018,2011-11-26 16:59:22,34.0522,-118.2437,CAM_75,6efd64d7-5567-11e8-baa1-dca9047ef277,https://lila.science/datasets/caltech-camera-traps
699,CCT20_LILA_BC,588f6816-23d2-11e8-a6a3-ec086b02610b.jpg,raw/blank/588f6816-23d2-11e8-a6a3-ec086b02610b.jpg,empty,,CCT_Loc_75,Caltech_2018,2011-12-10 14:46:52,34.0522,-118.2437,CAM_75,6efd6de6-5567-11e8-b6dd-dca9047ef277,https://lila.science/datasets/caltech-camera-traps
700,CCT20_LILA_BC,586aded6-23d2-11e8-a6a3-ec086b02610b.jpg,raw/blank/586aded6-23d2-11e8-a6a3-ec086b02610b.jpg,empty,,CCT_Loc_75,Caltech_2018,2011-12-10 14:46:51,34.0522,-118.2437,CAM_75,6efd6de6-5567-11e8-b6dd-dca9047ef277,https://lila.science/datasets/caltech-camera-traps
701,CCT20_LILA_BC,58d7a263-23d2-11e8-a6a3-ec086b02610b.jpg,raw/blank/58d7a263-23d2-11e8-a6a3-ec086b02610b.jpg,empty,,CCT_Loc_75,Caltech_2018,2011-12-16 12:44:52,34.0522,-118.2437,CAM_75,6efd71ee-5567-11e8-b92c-dca9047ef277,https://lila.science/datasets/caltech-camera-traps
702,CCT20_LILA_BC,59420f05-23d2-11e8-a6a3-ec086b02610b.jpg,raw/blank/59420f05-23d2-11e8-a6a3-ec086b02610b.jpg,empty,,CCT_Loc_75,Caltech_2018,2011-12-02 08:23:12,34.0522,-118.2437,CAM_75,6efd6b73-5567-11e8-90e7-dca9047ef277,https://lila.science/datasets/caltech-camera-traps
703,CCT20_LILA_BC,58e59789-23d2-11e8-a6a3-ec086b02610b.jpg,raw/blank/58e59789-23d2-11e8-a6a3-ec086b02610b.jpg,empty,,CCT_Loc_75,Caltech_2018,2011-07-26 11:27:28,34.0522,-118.2437,CAM_75,6efd42dc-5567-11e8-8d2d-dca9047ef277,https://lila.science/datasets/caltech-camera-traps
704,CCT20_LILA_BC,5930fe4c-23d2-11e8-a6a3-ec086b02610b.jpg,raw/blank/5930fe4c-23d2-11e8-a6a3-ec086b02610b.jpg,empty,,CCT_Loc_75,Caltech_2018,2011-06-21 11:12:37,34.0522,-118.2437,CAM_75,6efd3240-5567-11e8-8245-dca9047ef277,https://lila.science/datasets/caltech-camera-traps
705,CCT20_LILA_BC,58aa58bc-23d2-11e8-a6a3-ec086b02610b.jpg,raw/blank/58aa58bc-23d2-11e8-a6a3-ec086b02610b.jpg,empty,,CCT_Loc_75,Caltech_2018,2011-06-21 11:05:22,34.0522,-118.2437,CAM_75,6efd31d4-5567-11e8-ad89-dca9047ef277,https://lila.science/datasets/caltech-camera-traps
706,CCT20_LILA_BC,58960811-23d2-11e8-a6a3-ec086b02610b.jpg,raw/blank/58960811-23d2-11e8-a6a3-ec086b02610b.jpg,empty,,CCT_Loc_75,Caltech_2018,2011-05-31 13:59:06,34.0522,-118.2437,CAM_75,6efd2387-5567-11e8-8fa6-dca9047ef277,https://lila.science/datasets/caltech-camera-traps
707,CCT20_LILA_BC,5892b68c-23d2-11e8-a6a3-ec086b02610b.jpg,raw/blank/5892b68c-23d2-11e8-a6a3-ec086b02610b.jpg,empty,,CCT_Loc_75,Caltech_2018,2012-06-13 09:50:20,34.0522,-118.2437,CAM_75,6efe3a70-5567-11e8-9349-dca9047ef277,https://lila.science/datasets/caltech-camera-traps
708,CCT20_LILA_BC,587d427a-23d2-11e8-a6a3-ec086b02610b.jpg,raw/blank/587d427a-23d2-11e8-a6a3-ec086b02610b.jpg,empty,,CCT_Loc_75,Caltech_2018,2012-05-06 16:53:33,34.0522,-118.2437,CAM_75,6efe2ba1-5567-11e8-aa8a-dca9047ef277,https://lila.science/datasets/caltech-camera-traps
709,CCT20_LILA_BC,58c34eec-23d2-11e8-a6a3-ec086b02610b.jpg,raw/blank/58c34eec-23d2-11e8-a6a3-ec086b02610b.jpg,empty,,CCT_Loc_75,Caltech_2018,2012-05-04 12:04:22,34.0522,-118.2437,CAM_75,6efe2a1c-5567-11e8-a3f3-dca9047ef277,https://lila.science/datasets/caltech-camera-traps
710,CCT20_LILA_BC,5879d26a-23d2-11e8-a6a3-ec086b02610b.jpg,raw/blank/5879d26a-23d2-11e8-a6a3-ec086b02610b.jpg,empty,,CCT_Loc_75,Caltech_2018,2012-05-16 09:20:16,34.0522,-118.2437,CAM_75,6efe30fd-5567-11e8-a45f-dca9047ef277,https://lila.science/datasets/caltech-camera-traps
711,CCT20_LILA_BC,58d2ea10-23d2-11e8-a6a3-ec086b02610b.jpg,raw/blank/58d2ea10-23d2-11e8-a6a3-ec086b02610b.jpg,empty,,CCT_Loc_75,Caltech_2018,2012-05-16 09:20:15,34.0522,-118.2437,CAM_75,6efe30fd-5567-11e8-a45f-dca9047ef277,https://lila.science/datasets/caltech-camera-traps
712,CCT20_LILA_BC,59180910-23d2-11e8-a6a3-ec086b02610b.jpg,raw/blank/59180910-23d2-11e8-a6a3-ec086b02610b.jpg,empty,,CCT_Loc_75,Caltech_2018,2012-05-16 09:20:17,34.0522,-118.2437,CAM_75,6efe30fd-5567-11e8-a45f-dca9047ef277,https://lila.science/datasets/caltech-camera-traps
713,CCT20_LILA_BC,58cca8a0-23d2-11e8-a6a3-ec086b02610b.jpg,raw/blank/58cca8a0-23d2-11e8-a6a3-ec086b02610b.jpg,empty,,CCT_Loc_75,Caltech_2018,2012-05-06 16:53:34,34.0522,-118.2437,CAM_75,6efe2ba1-5567-11e8-aa8a-dca9047ef277,https://lila.science/datasets/caltech-camera-traps
714,CCT20_LILA_BC,58a5313d-23d2-11e8-a6a3-ec086b02610b.jpg,raw/blank/58a5313d-23d2-11e8-a6a3-ec086b02610b.jpg,empty,,CCT_Loc_75,Caltech_2018,2011-08-26 07:52:04,34.0522,-118.2437,CAM_75,6efd4e3a-5567-11e8-ae5a-dca9047ef277,https://lila.science/datasets/caltech-camera-traps
715,CCT20_LILA_BC,58fd7c60-23d2-11e8-a6a3-ec086b02610b.jpg,raw/blank/58fd7c60-23d2-11e8-a6a3-ec086b02610b.jpg,empty,,CCT_Loc_75,Caltech_2018,2011-09-15 07:21:54,34.0522,-118.2437,CAM_75,6efd5273-5567-11e8-b427-dca9047ef277,https://lila.science/datasets/caltech-camera-traps
716,CCT20_LILA_BC,58718631-23d2-11e8-a6a3-ec086b02610b.jpg,raw/blank/58718631-23d2-11e8-a6a3-ec086b02610b.jpg,empty,,CCT_Loc_75,Caltech_2018,2012-01-19 09:46:30,34.0522,-118.2437,CAM_75,6efe0882-5567-11e8-b85c-dca9047ef277,https://lila.science/datasets/caltech-camera-traps
717,CCT20_LILA_BC,58823e76-23d2-11e8-a6a3-ec086b02610b.jpg,raw/blank/58823e76-23d2-11e8-a6a3-ec086b02610b.jpg,empty,,CCT_Loc_75,Caltech_2018,2011-12-16 12:47:11,34.0522,-118.2437,CAM_75,6efd725c-5567-11e8-b523-dca9047ef277,https://lila.science/datasets/caltech-camera-traps
718,CCT20_LILA_BC,588c12b4-23d2-11e8-a6a3-ec086b02610b.jpg,raw/blank/588c12b4-23d2-11e8-a6a3-ec086b02610b.jpg,empty,,CCT_Loc_75,Caltech_2018,2011-07-26 11:31:22,34.0522,-118.2437,CAM_75,6efd435e-5567-11e8-9c44-dca9047ef277,https://lila.science/datasets/caltech-camera-traps
719,CCT20_LILA_BC,586437ef-23d2-11e8-a6a3-ec086b02610b.jpg,raw/blank/586437ef-23d2-11e8-a6a3-ec086b02610b.jpg,empty,,CCT_Loc_75,Caltech_2018,2011-08-26 07:37:17,34.0522,-118.2437,CAM_75,6efd4dc2-5567-11e8-b294-dca9047ef277,https://lila.science/datasets/caltech-camera-traps
720,CCT20_LILA_BC,591e3f74-23d2-11e8-a6a3-ec086b02610b.jpg,raw/blank/591e3f74-23d2-11e8-a6a3-ec086b02610b.jpg,empty,,CCT_Loc_75,Caltech_2018,2011-11-02 11:29:30,34.0522,-118.2437,CAM_75,6efd5880-5567-11e8-a1e0-dca9047ef277,https://lila.science/datasets/caltech-camera-traps
721,CCT20_LILA_BC,587183b8-23d2-11e8-a6a3-ec086b02610b.jpg,raw/blank/587183b8-23d2-11e8-a6a3-ec086b02610b.jpg,empty,,CCT_Loc_75,Caltech_2018,2011-09-15 07:24:28,34.0522,-118.2437,CAM_75,6efd52fd-5567-11e8-a114-dca9047ef277,https://lila.science/datasets/caltech-camera-traps
722,CCT20_LILA_BC,5862938a-23d2-11e8-a6a3-ec086b02610b.jpg,raw/blank/5862938a-23d2-11e8-a6a3-ec086b02610b.jpg,empty,,CCT_Loc_75,Caltech_2018,2012-03-29 13:00:55,34.0522,-118.2437,CAM_75,6efe19d1-5567-11e8-b5f5-dca9047ef277,https://lila.science/datasets/caltech-camera-traps
723,CCT20_LILA_BC,589e66f1-23d2-11e8-a6a3-ec086b02610b.jpg,raw/blank/589e66f1-23d2-11e8-a6a3-ec086b02610b.jpg,empty,,CCT_Loc_75,Caltech_2018,2012-02-22 12:03:32,34.0522,-118.2437,CAM_75,6efe1194-5567-11e8-822f-dca9047ef277,https://lila.science/datasets/caltech-camera-traps
724,CCT20_LILA_BC,5888bc3a-23d2-11e8-a6a3-ec086b02610b.jpg,raw/blank/5888bc3a-23d2-11e8-a6a3-ec086b02610b.jpg,empty,,CCT_Loc_75,Caltech_2018,2012-04-14 10:52:14,34.0522,-118.2437,CAM_75,6efe1dd7-5567-11e8-97c5-dca9047ef277,https://lila.science/datasets/caltech-camera-traps
725,CCT20_LILA_BC,592f734a-23d2-11e8-a6a3-ec086b02610b.jpg,raw/blank/592f734a-23d2-11e8-a6a3-ec086b02610b.jpg,empty,,CCT_Loc_75,Caltech_2018,2012-03-29 13:03:25,34.0522,-118.2437,CAM_75,6efe1a35-5567-11e8-ad7e-dca9047ef277,https://lila.science/datasets/caltech-camera-traps
726,CCT20_LILA_BC,58e40e39-23d2-11e8-a6a3-ec086b02610b.jpg,raw/blank/58e40e39-23d2-11e8-a6a3-ec086b02610b.jpg,empty,,CCT_Loc_75,Caltech_2018,2012-04-22 10:17:02,34.0522,-118.2437,CAM_75,6efe2114-5567-11e8-b669-dca9047ef277,https://lila.science/datasets/caltech-camera-traps
727,CCT20_LILA_BC,58643506-23d2-11e8-a6a3-ec086b02610b.jpg,raw/blank/58643506-23d2-11e8-a6a3-ec086b02610b.jpg,empty,,CCT_Loc_75,Caltech_2018,2012-04-26 12:35:52,34.0522,-118.2437,CAM_75,6efe2268-5567-11e8-b909-dca9047ef277,https://lila.science/datasets/caltech-camera-traps
728,CCT20_LILA_BC,58c34beb-23d2-11e8-a6a3-ec086b02610b.jpg,raw/blank/58c34beb-23d2-11e8-a6a3-ec086b02610b.jpg,empty,,CCT_Loc_75,Caltech_2018,2012-04-14 10:52:15,34.0522,-118.2437,CAM_75,6efe1dd7-5567-11e8-97c5-dca9047ef277,https://lila.science/datasets/caltech-camera-traps
729,CCT20_LILA_BC,58809400-23d2-11e8-a6a3-ec086b02610b.jpg,raw/blank/58809400-23d2-11e8-a6a3-ec086b02610b.jpg,empty,,CCT_Loc_75,Caltech_2018,2012-04-14 10:52:12,34.0522,-118.2437,CAM_75,6efe1dd7-5567-11e8-97c5-dca9047ef277,https://lila.science/datasets/caltech-camera-traps
730,CCT20_LILA_BC,5918087c-23d2-11e8-a6a3-ec086b02610b.jpg,raw/blank/5918087c-23d2-11e8-a6a3-ec086b02610b.jpg,empty,,CCT_Loc_75,Caltech_2018,2012-04-22 10:17:04,34.0522,-118.2437,CAM_75,6efe2114-5567-11e8-b669-dca9047ef277,https://lila.science/datasets/caltech-camera-traps
731,CCT20_LILA_BC,58ff0f5a-23d2-11e8-a6a3-ec086b02610b.jpg,raw/blank/58ff0f5a-23d2-11e8-a6a3-ec086b02610b.jpg,empty,,CCT_Loc_75,Caltech_2018,2012-04-26 12:35:51,34.0522,-118.2437,CAM_75,6efe2268-5567-11e8-b909-dca9047ef277,https://lila.science/datasets/caltech-camera-traps
732,CCT20_LILA_BC,58c97b2e-23d2-11e8-a6a3-ec086b02610b.jpg,raw/blank/58c97b2e-23d2-11e8-a6a3-ec086b02610b.jpg,empty,,CCT_Loc_75,Caltech_2018,2012-04-26 12:35:53,34.0522,-118.2437,CAM_75,6efe2268-5567-11e8-b909-dca9047ef277,https://lila.science/datasets/caltech-camera-traps
733,CCT20_LILA_BC,5946b7cf-23d2-11e8-a6a3-ec086b02610b.jpg,raw/blank/5946b7cf-23d2-11e8-a6a3-ec086b02610b.jpg,empty,,CCT_Loc_75,Caltech_2018,2012-05-04 12:01:40,34.0522,-118.2437,CAM_75,6efe2951-5567-11e8-90f7-dca9047ef277,https://lila.science/datasets/caltech-camera-traps
734,CCT20_LILA_BC,589e6830-23d2-11e8-a6a3-ec086b02610b.jpg,raw/blank/589e6830-23d2-11e8-a6a3-ec086b02610b.jpg,empty,,CCT_Loc_75,Caltech_2018,2012-02-21 14:41:46,34.0522,-118.2437,CAM_75,6efe112e-5567-11e8-a39b-dca9047ef277,https://lila.science/datasets/caltech-camera-traps
735,CCT20_LILA_BC,5938c364-23d2-11e8-a6a3-ec086b02610b.jpg,raw/blank/5938c364-23d2-11e8-a6a3-ec086b02610b.jpg,empty,,CCT_Loc_75,Caltech_2018,2012-01-19 09:49:24,34.0522,-118.2437,CAM_75,6efe0923-5567-11e8-8c5d-dca9047ef277,https://lila.science/datasets/caltech-camera-traps
736,CCT20_LILA_BC,59f94786-23d2-11e8-a6a3-ec086b02610b.jpg,raw/blank/59f94786-23d2-11e8-a6a3-ec086b02610b.jpg,empty,,CCT_Loc_38,Caltech_2018,2011-12-11 07:51:00,34.0522,-118.2437,CAM_38,6f016682-5567-11e8-9fc2-dca9047ef277,https://lila.science/datasets/caltech-camera-traps
737,CCT20_LILA_BC,59817950-23d2-11e8-a6a3-ec086b02610b.jpg,raw/blank/59817950-23d2-11e8-a6a3-ec086b02610b.jpg,empty,,CCT_Loc_38,Caltech_2018,2011-11-26 15:06:06,34.0522,-118.2437,CAM_38,6f01043a-5567-11e8-a566-dca9047ef277,https://lila.science/datasets/caltech-camera-traps
738,CCT20_LILA_BC,59f46365-23d2-11e8-a6a3-ec086b02610b.jpg,raw/blank/59f46365-23d2-11e8-a6a3-ec086b02610b.jpg,empty,,CCT_Loc_38,Caltech_2018,2011-11-19 11:49:59,34.0522,-118.2437,CAM_38,6f00e43d-5567-11e8-b9c5-dca9047ef277,https://lila.science/datasets/caltech-camera-traps
739,CCT20_LILA_BC,598625fd-23d2-11e8-a6a3-ec086b02610b.jpg,raw/blank/598625fd-23d2-11e8-a6a3-ec086b02610b.jpg,empty,,CCT_Loc_38,Caltech_2018,2011-11-21 23:49:55,34.0522,-118.2437,CAM_38,6f00ebd1-5567-11e8-b681-dca9047ef277,https://lila.science/datasets/caltech-camera-traps
740,CCT20_LILA_BC,5a02fb16-23d2-11e8-a6a3-ec086b02610b.jpg,raw/blank/5a02fb16-23d2-11e8-a6a3-ec086b02610b.jpg,empty,,CCT_Loc_38,Caltech_2018,2011-11-16 09:56:03,34.0522,-118.2437,CAM_38,6f00d8dc-5567-11e8-850c-dca9047ef277,https://lila.science/datasets/caltech-camera-traps
741,CCT20_LILA_BC,59b12ff7-23d2-11e8-a6a3-ec086b02610b.jpg,raw/blank/59b12ff7-23d2-11e8-a6a3-ec086b02610b.jpg,empty,,CCT_Loc_38,Caltech_2018,2011-11-04 09:51:55,34.0522,-118.2437,CAM_38,6f00a275-5567-11e8-8960-dca9047ef277,https://lila.science/datasets/caltech-camera-traps
742,CCT20_LILA_BC,59b2e8c7-23d2-11e8-a6a3-ec086b02610b.jpg,raw/blank/59b2e8c7-23d2-11e8-a6a3-ec086b02610b.jpg,empty,,CCT_Loc_38,Caltech_2018,2011-11-16 09:56:04,34.0522,-118.2437,CAM_38,6f00d8dc-5567-11e8-850c-dca9047ef277,https://lila.science/datasets/caltech-camera-traps
743,CCT20_LILA_BC,5991044d-23d2-11e8-a6a3-ec086b02610b.jpg,raw/blank/5991044d-23d2-11e8-a6a3-ec086b02610b.jpg,empty,,CCT_Loc_38,Caltech_2018,2011-11-27 04:25:42,34.0522,-118.2437,CAM_38,6f0105ca-5567-11e8-a77d-dca9047ef277,https://lila.science/datasets/caltech-camera-traps
744,CCT20_LILA_BC,5976a4c1-23d2-11e8-a6a3-ec086b02610b.jpg,raw/blank/5976a4c1-23d2-11e8-a6a3-ec086b02610b.jpg,empty,,CCT_Loc_38,Caltech_2018,2011-12-11 07:51:02,34.0522,-118.2437,CAM_38,6f016682-5567-11e8-9fc2-dca9047ef277,https://lila.science/datasets/caltech-camera-traps
745,CCT20_LILA_BC,59ac6b21-23d2-11e8-a6a3-ec086b02610b.jpg,raw/blank/59ac6b21-23d2-11e8-a6a3-ec086b02610b.jpg,empty,,CCT_Loc_38,Caltech_2018,2011-12-11 07:51:01,34.0522,-118.2437,CAM_38,6f016682-5567-11e8-9fc2-dca9047ef277,https://lila.science/datasets/caltech-camera-traps
746,CCT20_LILA_BC,5a1b140e-23d2-11e8-a6a3-ec086b02610b.jpg,raw/blank/5a1b140e-23d2-11e8-a6a3-ec086b02610b.jpg,empty,,CCT_Loc_38,Caltech_2018,2011-11-21 23:49:56,34.0522,-118.2437,CAM_38,6f00ebd1-5567-11e8-b681-dca9047ef277,https://lila.science/datasets/caltech-camera-traps
747,CCT20_LILA_BC,596a4ec2-23d2-11e8-a6a3-ec086b02610b.jpg,raw/blank/596a4ec2-23d2-11e8-a6a3-ec086b02610b.jpg,empty,,CCT_Loc_38,Caltech_2018,2011-11-04 09:51:53,34.0522,-118.2437,CAM_38,6f00a275-5567-11e8-8960-dca9047ef277,https://lila.science/datasets/caltech-camera-traps
748,CCT20_LILA_BC,5a1e504b-23d2-11e8-a6a3-ec086b02610b.jpg,raw/blank/5a1e504b-23d2-11e8-a6a3-ec086b02610b.jpg,empty,,CCT_Loc_38,Caltech_2018,2011-12-16 12:52:27,34.0522,-118.2437,CAM_38,6f017b4a-5567-11e8-9862-dca9047ef277,https://lila.science/datasets/caltech-camera-traps
749,CCT20_LILA_BC,598179cf-23d2-11e8-a6a3-ec086b02610b.jpg,raw/blank/598179cf-23d2-11e8-a6a3-ec086b02610b.jpg,empty,,CCT_Loc_38,Caltech_2018,2011-11-19 11:49:58,34.0522,-118.2437,CAM_38,6f00e43d-5567-11e8-b9c5-dca9047ef277,https://lila.science/datasets/caltech-camera-traps
750,CCT20_LILA_BC,59df5e80-23d2-11e8-a6a3-ec086b02610b.jpg,raw/blank/59df5e80-23d2-11e8-a6a3-ec086b02610b.jpg,empty,,CCT_Loc_38,Caltech_2018,2011-11-16 09:56:05,34.0522,-118.2437,CAM_38,6f00d8dc-5567-11e8-850c-dca9047ef277,https://lila.science/datasets/caltech-camera-traps
751,CCT20_LILA_BC,59b2e8a0-23d2-11e8-a6a3-ec086b02610b.jpg,raw/blank/59b2e8a0-23d2-11e8-a6a3-ec086b02610b.jpg,empty,,CCT_Loc_38,Caltech_2018,2011-11-02 11:19:18,34.0522,-118.2437,CAM_38,6f009b9e-5567-11e8-8a52-dca9047ef277,https://lila.science/datasets/caltech-camera-traps
752,CCT20_LILA_BC,5a27db77-23d2-11e8-a6a3-ec086b02610b.jpg,raw/blank/5a27db77-23d2-11e8-a6a3-ec086b02610b.jpg,empty,,CCT_Loc_38,Caltech_2018,2011-11-26 15:06:07,34.0522,-118.2437,CAM_38,6f01043a-5567-11e8-a566-dca9047ef277,https://lila.science/datasets/caltech-camera-traps
753,CCT20_LILA_BC,59ffbb8b-23d2-11e8-a6a3-ec086b02610b.jpg,raw/blank/59ffbb8b-23d2-11e8-a6a3-ec086b02610b.jpg,empty,,CCT_Loc_38,Caltech_2018,2011-11-27 04:25:41,34.0522,-118.2437,CAM_38,6f0105ca-5567-11e8-a77d-dca9047ef277,https://lila.science/datasets/caltech-camera-traps
754,CCT20_LILA_BC,599a59ff-23d2-11e8-a6a3-ec086b02610b.jpg,raw/blank/599a59ff-23d2-11e8-a6a3-ec086b02610b.jpg,empty,,CCT_Loc_38,Caltech_2018,2011-11-27 04:25:40,34.0522,-118.2437,CAM_38,6f0105ca-5567-11e8-a77d-dca9047ef277,https://lila.science/datasets/caltech-camera-traps
755,CCT20_LILA_BC,5998cf72-23d2-11e8-a6a3-ec086b02610b.jpg,raw/blank/5998cf72-23d2-11e8-a6a3-ec086b02610b.jpg,empty,,CCT_Loc_38,Caltech_2018,2011-11-25 07:33:22,34.0522,-118.2437,CAM_38,6f00fd45-5567-11e8-986a-dca9047ef277,https://lila.science/datasets/caltech-camera-traps
756,CCT20_LILA_BC,59c8034d-23d2-11e8-a6a3-ec086b02610b.jpg,raw/blank/59c8034d-23d2-11e8-a6a3-ec086b02610b.jpg,empty,,CCT_Loc_38,Caltech_2018,2011-11-21 23:49:54,34.0522,-118.2437,CAM_38,6f00ebd1-5567-11e8-b681-dca9047ef277,https://lila.science/datasets/caltech-camera-traps
757,CCT20_LILA_BC,59bca43b-23d2-11e8-a6a3-ec086b02610b.jpg,raw/blank/59bca43b-23d2-11e8-a6a3-ec086b02610b.jpg,empty,,CCT_Loc_38,Caltech_2018,2011-11-25 07:33:23,34.0522,-118.2437,CAM_38,6f00fd45-5567-11e8-986a-dca9047ef277,https://lila.science/datasets/caltech-camera-traps
758,CCT20_LILA_BC,5a197bc2-23d2-11e8-a6a3-ec086b02610b.jpg,raw/blank/5a197bc2-23d2-11e8-a6a3-ec086b02610b.jpg,empty,,CCT_Loc_38,Caltech_2018,2011-11-26 15:06:05,34.0522,-118.2437,CAM_38,6f01043a-5567-11e8-a566-dca9047ef277,https://lila.science/datasets/caltech-camera-traps
759,CCT20_LILA_BC,597cd5f2-23d2-11e8-a6a3-ec086b02610b.jpg,raw/blank/597cd5f2-23d2-11e8-a6a3-ec086b02610b.jpg,empty,,CCT_Loc_38,Caltech_2018,2011-11-04 09:51:56,34.0522,-118.2437,CAM_38,6f00a275-5567-11e8-8960-dca9047ef277,https://lila.science/datasets/caltech-camera-traps
760,CCT20_LILA_BC,5a14a53b-23d2-11e8-a6a3-ec086b02610b.jpg,raw/blank/5a14a53b-23d2-11e8-a6a3-ec086b02610b.jpg,empty,,CCT_Loc_38,Caltech_2018,2011-11-25 07:33:21,34.0522,-118.2437,CAM_38,6f00fd45-5567-11e8-986a-dca9047ef277,https://lila.science/datasets/caltech-camera-traps
761,CCT20_LILA_BC,5a2637f1-23d2-11e8-a6a3-ec086b02610b.jpg,raw/blank/5a2637f1-23d2-11e8-a6a3-ec086b02610b.jpg,empty,,CCT_Loc_38,Caltech_2018,2011-11-19 11:49:57,34.0522,-118.2437,CAM_38,6f00e43d-5567-11e8-b9c5-dca9047ef277,https://lila.science/datasets/caltech-camera-traps
762,CCT20_LILA_BC,5a263af8-23d2-11e8-a6a3-ec086b02610b.jpg,raw/blank/5a263af8-23d2-11e8-a6a3-ec086b02610b.jpg,empty,,CCT_Loc_38,Caltech_2018,2012-01-29 12:35:56,34.0522,-118.2437,CAM_38,6f026d3d-5567-11e8-960a-dca9047ef277,https://lila.science/datasets/caltech-camera-traps
763,CCT20_LILA_BC,5971faf4-23d2-11e8-a6a3-ec086b02610b.jpg,raw/blank/5971faf4-23d2-11e8-a6a3-ec086b02610b.jpg,empty,,CCT_Loc_38,Caltech_2018,2012-01-23 16:56:32,34.0522,-118.2437,CAM_38,6f025d61-5567-11e8-85d1-dca9047ef277,https://lila.science/datasets/caltech-camera-traps
764,CCT20_LILA_BC,599fbfe7-23d2-11e8-a6a3-ec086b02610b.jpg,raw/blank/599fbfe7-23d2-11e8-a6a3-ec086b02610b.jpg,empty,,CCT_Loc_38,Caltech_2018,2012-02-08 03:21:39,34.0522,-118.2437,CAM_38,6f028e68-5567-11e8-a478-dca9047ef277,https://lila.science/datasets/caltech-camera-traps
765,CCT20_LILA_BC,596bd7fb-23d2-11e8-a6a3-ec086b02610b.jpg,raw/blank/596bd7fb-23d2-11e8-a6a3-ec086b02610b.jpg,empty,,CCT_Loc_38,Caltech_2018,2012-02-21 13:29:59,34.0522,-118.2437,CAM_38,6f02c263-5567-11e8-a866-dca9047ef277,https://lila.science/datasets/caltech-camera-traps
766,CCT20_LILA_BC,5995af51-23d2-11e8-a6a3-ec086b02610b.jpg,raw/blank/5995af51-23d2-11e8-a6a3-ec086b02610b.jpg,empty,,CCT_Loc_38,Caltech_2018,2012-02-01 08:12:20,34.0522,-118.2437,CAM_38,6f027857-5567-11e8-8b98-dca9047ef277,https://lila.science/datasets/caltech-camera-traps
767,CCT20_LILA_BC,599a5af3-23d2-11e8-a6a3-ec086b02610b.jpg,raw/blank/599a5af3-23d2-11e8-a6a3-ec086b02610b.jpg,empty,,CCT_Loc_38,Caltech_2018,2012-01-29 12:35:57,34.0522,-118.2437,CAM_38,6f026d3d-5567-11e8-960a-dca9047ef277,https://lila.science/datasets/caltech-camera-traps
768,CCT20_LILA_BC,596a4f89-23d2-11e8-a6a3-ec086b02610b.jpg,raw/blank/596a4f89-23d2-11e8-a6a3-ec086b02610b.jpg,empty,,CCT_Loc_38,Caltech_2018,2012-02-01 08:12:18,34.0522,-118.2437,CAM_38,6f027857-5567-11e8-8b98-dca9047ef277,https://lila.science/datasets/caltech-camera-traps
769,CCT20_LILA_BC,597e6423-23d2-11e8-a6a3-ec086b02610b.jpg,raw/blank/597e6423-23d2-11e8-a6a3-ec086b02610b.jpg,empty,,CCT_Loc_38,Caltech_2018,2012-01-29 12:35:55,34.0522,-118.2437,CAM_38,6f026d3d-5567-11e8-960a-dca9047ef277,https://lila.science/datasets/caltech-camera-traps
770,CCT20_LILA_BC,59ddc15c-23d2-11e8-a6a3-ec086b02610b.jpg,raw/blank/59ddc15c-23d2-11e8-a6a3-ec086b02610b.jpg,empty,,CCT_Loc_38,Caltech_2018,2012-01-19 08:58:01,34.0522,-118.2437,CAM_38,6f0252c2-5567-11e8-b0a3-dca9047ef277,https://lila.science/datasets/caltech-camera-traps
771,CCT20_LILA_BC,599fc0a8-23d2-11e8-a6a3-ec086b02610b.jpg,raw/blank/599fc0a8-23d2-11e8-a6a3-ec086b02610b.jpg,empty,,CCT_Loc_38,Caltech_2018,2012-01-23 16:56:35,34.0522,-118.2437,CAM_38,6f025d61-5567-11e8-85d1-dca9047ef277,https://lila.science/datasets/caltech-camera-traps
772,CCT20_LILA_BC,59d418c5-23d2-11e8-a6a3-ec086b02610b.jpg,raw/blank/59d418c5-23d2-11e8-a6a3-ec086b02610b.jpg,empty,,CCT_Loc_38,Caltech_2018,2012-01-23 16:56:34,34.0522,-118.2437,CAM_38,6f025d61-5567-11e8-85d1-dca9047ef277,https://lila.science/datasets/caltech-camera-traps
773,CCT20_LILA_BC,59b9392a-23d2-11e8-a6a3-ec086b02610b.jpg,raw/blank/59b9392a-23d2-11e8-a6a3-ec086b02610b.jpg,empty,,CCT_Loc_38,Caltech_2018,2012-02-01 08:12:19,34.0522,-118.2437,CAM_38,6f027857-5567-11e8-8b98-dca9047ef277,https://lila.science/datasets/caltech-camera-traps
774,CCT20_LILA_BC,59be3f56-23d2-11e8-a6a3-ec086b02610b.jpg,raw/blank/59be3f56-23d2-11e8-a6a3-ec086b02610b.jpg,empty,,CCT_Loc_38,Caltech_2018,2012-02-08 03:21:40,34.0522,-118.2437,CAM_38,6f028e68-5567-11e8-a478-dca9047ef277,https://lila.science/datasets/caltech-camera-traps
775,CCT20_LILA_BC,597fee45-23d2-11e8-a6a3-ec086b02610b.jpg,raw/blank/597fee45-23d2-11e8-a6a3-ec086b02610b.jpg,empty,,CCT_Loc_38,Caltech_2018,2012-02-08 03:21:38,34.0522,-118.2437,CAM_38,6f028e68-5567-11e8-a478-dca9047ef277,https://lila.science/datasets/caltech-camera-traps
776,CCT20_LILA_BC,59849761-23d2-11e8-a6a3-ec086b02610b.jpg,raw/blank/59849761-23d2-11e8-a6a3-ec086b02610b.jpg,empty,,CCT_Loc_38,Caltech_2018,2011-06-20 09:36:46,34.0522,-118.2437,CAM_38,6efeb502-5567-11e8-977e-dca9047ef277,https://lila.science/datasets/caltech-camera-traps
777,CCT20_LILA_BC,5a02fae4-23d2-11e8-a6a3-ec086b02610b.jpg,raw/blank/5a02fae4-23d2-11e8-a6a3-ec086b02610b.jpg,empty,,CCT_Loc_38,Caltech_2018,2011-06-20 09:36:45,34.0522,-118.2437,CAM_38,6efeb502-5567-11e8-977e-dca9047ef277,https://lila.science/datasets/caltech-camera-traps
778,CCT20_LILA_BC,59b7a6d1-23d2-11e8-a6a3-ec086b02610b.jpg,raw/blank/59b7a6d1-23d2-11e8-a6a3-ec086b02610b.jpg,empty,,CCT_Loc_38,Caltech_2018,2011-06-21 11:19:06,34.0522,-118.2437,CAM_38,6efeb6b3-5567-11e8-8330-dca9047ef277,https://lila.science/datasets/caltech-camera-traps
779,CCT20_LILA_BC,59b7a87a-23d2-11e8-a6a3-ec086b02610b.jpg,raw/blank/59b7a87a-23d2-11e8-a6a3-ec086b02610b.jpg,empty,,CCT_Loc_38,Caltech_2018,2011-06-16 15:58:03,34.0522,-118.2437,CAM_38,6efe7ceb-5567-11e8-942c-dca9047ef277,https://lila.science/datasets/caltech-camera-traps
780,CCT20_LILA_BC,599bea90-23d2-11e8-a6a3-ec086b02610b.jpg,raw/blank/599bea90-23d2-11e8-a6a3-ec086b02610b.jpg,empty,,CCT_Loc_38,Caltech_2018,2011-06-16 15:58:04,34.0522,-118.2437,CAM_38,6efe7ceb-5567-11e8-942c-dca9047ef277,https://lila.science/datasets/caltech-camera-traps
781,CCT20_LILA_BC,59eab739-23d2-11e8-a6a3-ec086b02610b.jpg,raw/blank/59eab739-23d2-11e8-a6a3-ec086b02610b.jpg,empty,,CCT_Loc_38,Caltech_2018,2011-06-20 09:36:44,34.0522,-118.2437,CAM_38,6efeb502-5567-11e8-977e-dca9047ef277,https://lila.science/datasets/caltech-camera-traps
782,CCT20_LILA_BC,59ddc21a-23d2-11e8-a6a3-ec086b02610b.jpg,raw/blank/59ddc21a-23d2-11e8-a6a3-ec086b02610b.jpg,empty,,CCT_Loc_38,Caltech_2018,2011-06-09 16:21:17,34.0522,-118.2437,CAM_38,6efe3ade-5567-11e8-af87-dca9047ef277,https://lila.science/datasets/caltech-camera-traps
783,CCT20_LILA_BC,599be765-23d2-11e8-a6a3-ec086b02610b.jpg,raw/blank/599be765-23d2-11e8-a6a3-ec086b02610b.jpg,empty,,CCT_Loc_38,Caltech_2018,2011-06-16 15:58:02,34.0522,-118.2437,CAM_38,6efe7ceb-5567-11e8-942c-dca9047ef277,https://lila.science/datasets/caltech-camera-traps
784,CCT20_LILA_BC,598dea7b-23d2-11e8-a6a3-ec086b02610b.jpg,raw/blank/598dea7b-23d2-11e8-a6a3-ec086b02610b.jpg,empty,,CCT_Loc_38,Caltech_2018,2012-05-22 02:13:44,34.0522,-118.2437,CAM_38,6f04e0c7-5567-11e8-aa5f-dca9047ef277,https://lila.science/datasets/caltech-camera-traps
785,CCT20_LILA_BC,596735c2-23d2-11e8-a6a3-ec086b02610b.jpg,raw/blank/596735c2-23d2-11e8-a6a3-ec086b02610b.jpg,empty,,CCT_Loc_38,Caltech_2018,2012-05-22 02:13:42,34.0522,-118.2437,CAM_38,6f04e0c7-5567-11e8-aa5f-dca9047ef277,https://lila.science/datasets/caltech-camera-traps
786,CCT20_LILA_BC,598acd82-23d2-11e8-a6a3-ec086b02610b.jpg,raw/blank/598acd82-23d2-11e8-a6a3-ec086b02610b.jpg,empty,,CCT_Loc_38,Caltech_2018,2012-06-04 20:13:26,34.0522,-118.2437,CAM_38,6f05407a-5567-11e8-8aab-dca9047ef277,https://lila.science/datasets/caltech-camera-traps
787,CCT20_LILA_BC,5991053b-23d2-11e8-a6a3-ec086b02610b.jpg,raw/blank/5991053b-23d2-11e8-a6a3-ec086b02610b.jpg,empty,,CCT_Loc_38,Caltech_2018,2012-05-12 21:08:24,34.0522,-118.2437,CAM_38,6f049ec5-5567-11e8-ac55-dca9047ef277,https://lila.science/datasets/caltech-camera-traps
788,CCT20_LILA_BC,59fae406-23d2-11e8-a6a3-ec086b02610b.jpg,raw/blank/59fae406-23d2-11e8-a6a3-ec086b02610b.jpg,empty,,CCT_Loc_38,Caltech_2018,2012-05-22 02:13:43,34.0522,-118.2437,CAM_38,6f04e0c7-5567-11e8-aa5f-dca9047ef277,https://lila.science/datasets/caltech-camera-traps
789,CCT20_LILA_BC,5a1fe79a-23d2-11e8-a6a3-ec086b02610b.jpg,raw/blank/5a1fe79a-23d2-11e8-a6a3-ec086b02610b.jpg,empty,,CCT_Loc_38,Caltech_2018,2012-05-21 14:54:49,34.0522,-118.2437,CAM_38,6f04da2e-5567-11e8-aca2-dca9047ef277,https://lila.science/datasets/caltech-camera-traps
790,CCT20_LILA_BC,59ffb965-23d2-11e8-a6a3-ec086b02610b.jpg,raw/blank/59ffb965-23d2-11e8-a6a3-ec086b02610b.jpg,empty,,CCT_Loc_38,Caltech_2018,2012-05-12 21:08:22,34.0522,-118.2437,CAM_38,6f049ec5-5567-11e8-ac55-dca9047ef277,https://lila.science/datasets/caltech-camera-traps
791,CCT20_LILA_BC,59f12845-23d2-11e8-a6a3-ec086b02610b.jpg,raw/blank/59f12845-23d2-11e8-a6a3-ec086b02610b.jpg,empty,,CCT_Loc_38,Caltech_2018,2012-06-13 08:26:20,34.0522,-118.2437,CAM_38,6f057c99-5567-11e8-9531-dca9047ef277,https://lila.science/datasets/caltech-camera-traps
792,CCT20_LILA_BC,59b131fc-23d2-11e8-a6a3-ec086b02610b.jpg,raw/blank/59b131fc-23d2-11e8-a6a3-ec086b02610b.jpg,empty,,CCT_Loc_38,Caltech_2018,2012-05-25 22:05:02,34.0522,-118.2437,CAM_38,6f04fa99-5567-11e8-97bc-dca9047ef277,https://lila.science/datasets/caltech-camera-traps
793,CCT20_LILA_BC,597fefcf-23d2-11e8-a6a3-ec086b02610b.jpg,raw/blank/597fefcf-23d2-11e8-a6a3-ec086b02610b.jpg,empty,,CCT_Loc_38,Caltech_2018,2012-06-05 02:18:00,34.0522,-118.2437,CAM_38,6f054251-5567-11e8-8f0d-dca9047ef277,https://lila.science/datasets/caltech-camera-traps
794,CCT20_LILA_BC,5a14a406-23d2-11e8-a6a3-ec086b02610b.jpg,raw/blank/5a14a406-23d2-11e8-a6a3-ec086b02610b.jpg,empty,,CCT_Loc_38,Caltech_2018,2012-05-21 14:54:47,34.0522,-118.2437,CAM_38,6f04da2e-5567-11e8-aca2-dca9047ef277,https://lila.science/datasets/caltech-camera-traps
795,CCT20_LILA_BC,598dea80-23d2-11e8-a6a3-ec086b02610b.jpg,raw/blank/598dea80-23d2-11e8-a6a3-ec086b02610b.jpg,empty,,CCT_Loc_38,Caltech_2018,2012-06-04 20:13:28,34.0522,-118.2437,CAM_38,6f05407a-5567-11e8-8aab-dca9047ef277,https://lila.science/datasets/caltech-camera-traps
796,CCT20_LILA_BC,59bca488-23d2-11e8-a6a3-ec086b02610b.jpg,raw/blank/59bca488-23d2-11e8-a6a3-ec086b02610b.jpg,empty,,CCT_Loc_38,Caltech_2018,2012-05-04 08:50:08,34.0522,-118.2437,CAM_38,6f046a4c-5567-11e8-a090-dca9047ef277,https://lila.science/datasets/caltech-camera-traps
797,CCT20_LILA_BC,59baca16-23d2-11e8-a6a3-ec086b02610b.jpg,raw/blank/59baca16-23d2-11e8-a6a3-ec086b02610b.jpg,empty,,CCT_Loc_38,Caltech_2018,2012-05-08 21:47:11,34.0522,-118.2437,CAM_38,6f0487f3-5567-11e8-a2a5-dca9047ef277,https://lila.science/datasets/caltech-camera-traps
798,CCT20_LILA_BC,59a94c17-23d2-11e8-a6a3-ec086b02610b.jpg,raw/blank/59a94c17-23d2-11e8-a6a3-ec086b02610b.jpg,empty,,CCT_Loc_38,Caltech_2018,2012-05-21 14:54:48,34.0522,-118.2437,CAM_38,6f04da2e-5567-11e8-aca2-dca9047ef277,https://lila.science/datasets/caltech-camera-traps
799,CCT20_LILA_BC,59b93a7e-23d2-11e8-a6a3-ec086b02610b.jpg,raw/blank/59b93a7e-23d2-11e8-a6a3-ec086b02610b.jpg,empty,,CCT_Loc_38,Caltech_2018,2012-06-07 01:46:47,34.0522,-118.2437,CAM_38,6f054e78-5567-11e8-b318-dca9047ef277,https://lila.science/datasets/caltech-camera-traps
800,CCT20_LILA_BC,598c5be7-23d2-11e8-a6a3-ec086b02610b.jpg,raw/blank/598c5be7-23d2-11e8-a6a3-ec086b02610b.jpg,empty,,CCT_Loc_38,Caltech_2018,2012-05-08 02:34:58,34.0522,-118.2437,CAM_38,6f047f14-5567-11e8-8523-dca9047ef277,https://lila.science/datasets/caltech-camera-traps
801,CCT20_LILA_BC,598f75a8-23d2-11e8-a6a3-ec086b02610b.jpg,raw/blank/598f75a8-23d2-11e8-a6a3-ec086b02610b.jpg,empty,,CCT_Loc_38,Caltech_2018,2012-06-05 02:17:59,34.0522,-118.2437,CAM_38,6f054251-5567-11e8-8f0d-dca9047ef277,https://lila.science/datasets/caltech-camera-traps
802,CCT20_LILA_BC,5a2e12db-23d2-11e8-a6a3-ec086b02610b.jpg,raw/blank/5a2e12db-23d2-11e8-a6a3-ec086b02610b.jpg,empty,,CCT_Loc_38,Caltech_2018,2012-06-04 20:13:27,34.0522,-118.2437,CAM_38,6f05407a-5567-11e8-8aab-dca9047ef277,https://lila.science/datasets/caltech-camera-traps
803,CCT20_LILA_BC,5968c059-23d2-11e8-a6a3-ec086b02610b.jpg,raw/blank/5968c059-23d2-11e8-a6a3-ec086b02610b.jpg,empty,,CCT_Loc_38,Caltech_2018,2012-06-05 02:17:58,34.0522,-118.2437,CAM_38,6f054251-5567-11e8-8f0d-dca9047ef277,https://lila.science/datasets/caltech-camera-traps
804,CCT20_LILA_BC,59c4c048-23d2-11e8-a6a3-ec086b02610b.jpg,raw/blank/59c4c048-23d2-11e8-a6a3-ec086b02610b.jpg,empty,,CCT_Loc_38,Caltech_2018,2012-05-12 21:08:23,34.0522,-118.2437,CAM_38,6f049ec5-5567-11e8-ac55-dca9047ef277,https://lila.science/datasets/caltech-camera-traps
805,CCT20_LILA_BC,59783298-23d2-11e8-a6a3-ec086b02610b.jpg,raw/blank/59783298-23d2-11e8-a6a3-ec086b02610b.jpg,empty,,CCT_Loc_38,Caltech_2018,2012-06-07 01:46:46,34.0522,-118.2437,CAM_38,6f054e78-5567-11e8-b318-dca9047ef277,https://lila.science/datasets/caltech-camera-traps
806,CCT20_LILA_BC,599be9ec-23d2-11e8-a6a3-ec086b02610b.jpg,raw/blank/599be9ec-23d2-11e8-a6a3-ec086b02610b.jpg,empty,,CCT_Loc_38,Caltech_2018,2012-05-08 02:34:57,34.0522,-118.2437,CAM_38,6f047f14-5567-11e8-8523-dca9047ef277,https://lila.science/datasets/caltech-camera-traps
807,CCT20_LILA_BC,59e43fb6-23d2-11e8-a6a3-ec086b02610b.jpg,raw/blank/59e43fb6-23d2-11e8-a6a3-ec086b02610b.jpg,empty,,CCT_Loc_38,Caltech_2018,2012-05-25 22:05:01,34.0522,-118.2437,CAM_38,6f04fa99-5567-11e8-97bc-dca9047ef277,https://lila.science/datasets/caltech-camera-traps
808,CCT20_LILA_BC,59751601-23d2-11e8-a6a3-ec086b02610b.jpg,raw/blank/59751601-23d2-11e8-a6a3-ec086b02610b.jpg,empty,,CCT_Loc_38,Caltech_2018,2012-05-08 21:47:10,34.0522,-118.2437,CAM_38,6f0487f3-5567-11e8-a2a5-dca9047ef277,https://lila.science/datasets/caltech-camera-traps
809,CCT20_LILA_BC,59f5ff3b-23d2-11e8-a6a3-ec086b02610b.jpg,raw/blank/59f5ff3b-23d2-11e8-a6a3-ec086b02610b.jpg,empty,,CCT_Loc_38,Caltech_2018,2012-05-08 02:34:59,34.0522,-118.2437,CAM_38,6f047f14-5567-11e8-8523-dca9047ef277,https://lila.science/datasets/caltech-camera-traps
810,CCT20_LILA_BC,59b2ec31-23d2-11e8-a6a3-ec086b02610b.jpg,raw/blank/59b2ec31-23d2-11e8-a6a3-ec086b02610b.jpg,empty,,CCT_Loc_38,Caltech_2018,2012-06-07 01:46:45,34.0522,-118.2437,CAM_38,6f054e78-5567-11e8-b318-dca9047ef277,https://lila.science/datasets/caltech-camera-traps
811,CCT20_LILA_BC,59a7bce4-23d2-11e8-a6a3-ec086b02610b.jpg,raw/blank/59a7bce4-23d2-11e8-a6a3-ec086b02610b.jpg,empty,,CCT_Loc_38,Caltech_2018,2012-05-25 22:05:00,34.0522,-118.2437,CAM_38,6f04fa99-5567-11e8-97bc-dca9047ef277,https://lila.science/datasets/caltech-camera-traps
812,CCT20_LILA_BC,5967361b-23d2-11e8-a6a3-ec086b02610b.jpg,raw/blank/5967361b-23d2-11e8-a6a3-ec086b02610b.jpg,empty,,CCT_Loc_38,Caltech_2018,2012-05-08 21:47:09,34.0522,-118.2437,CAM_38,6f0487f3-5567-11e8-a2a5-dca9047ef277,https://lila.science/datasets/caltech-camera-traps
813,CCT20_LILA_BC,59ec5299-23d2-11e8-a6a3-ec086b02610b.jpg,raw/blank/59ec5299-23d2-11e8-a6a3-ec086b02610b.jpg,empty,,CCT_Loc_38,Caltech_2018,2012-01-09 01:37:48,34.0522,-118.2437,CAM_38,6f020b63-5567-11e8-87e0-dca9047ef277,https://lila.science/datasets/caltech-camera-traps
814,CCT20_LILA_BC,597fedc3-23d2-11e8-a6a3-ec086b02610b.jpg,raw/blank/597fedc3-23d2-11e8-a6a3-ec086b02610b.jpg,empty,,CCT_Loc_38,Caltech_2018,2011-12-22 06:59:12,34.0522,-118.2437,CAM_38,6f01b70f-5567-11e8-bd4e-dca9047ef277,https://lila.science/datasets/caltech-camera-traps
815,CCT20_LILA_BC,59b2e8ad-23d2-11e8-a6a3-ec086b02610b.jpg,raw/blank/59b2e8ad-23d2-11e8-a6a3-ec086b02610b.jpg,empty,,CCT_Loc_38,Caltech_2018,2011-12-25 12:50:32,34.0522,-118.2437,CAM_38,6f01c207-5567-11e8-8d5e-dca9047ef277,https://lila.science/datasets/caltech-camera-traps
816,CCT20_LILA_BC,59da8c8f-23d2-11e8-a6a3-ec086b02610b.jpg,raw/blank/59da8c8f-23d2-11e8-a6a3-ec086b02610b.jpg,empty,,CCT_Loc_38,Caltech_2018,2012-01-15 05:37:29,34.0522,-118.2437,CAM_38,6f0242d1-5567-11e8-8a43-dca9047ef277,https://lila.science/datasets/caltech-camera-traps
817,CCT20_LILA_BC,59c80699-23d2-11e8-a6a3-ec086b02610b.jpg,raw/blank/59c80699-23d2-11e8-a6a3-ec086b02610b.jpg,empty,,CCT_Loc_38,Caltech_2018,2011-12-25 12:50:33,34.0522,-118.2437,CAM_38,6f01c207-5567-11e8-8d5e-dca9047ef277,https://lila.science/datasets/caltech-camera-traps
818,CCT20_LILA_BC,59b131e5-23d2-11e8-a6a3-ec086b02610b.jpg,raw/blank/59b131e5-23d2-11e8-a6a3-ec086b02610b.jpg,empty,,CCT_Loc_38,Caltech_2018,2012-01-15 05:37:28,34.0522,-118.2437,CAM_38,6f0242d1-5567-11e8-8a43-dca9047ef277,https://lila.science/datasets/caltech-camera-traps
819,CCT20_LILA_BC,599be84d-23d2-11e8-a6a3-ec086b02610b.jpg,raw/blank/599be84d-23d2-11e8-a6a3-ec086b02610b.jpg,empty,,CCT_Loc_38,Caltech_2018,2011-12-22 06:59:11,34.0522,-118.2437,CAM_38,6f01b70f-5567-11e8-bd4e-dca9047ef277,https://lila.science/datasets/caltech-camera-traps
820,CCT20_LILA_BC,59c668f9-23d2-11e8-a6a3-ec086b02610b.jpg,raw/blank/59c668f9-23d2-11e8-a6a3-ec086b02610b.jpg,empty,,CCT_Loc_38,Caltech_2018,2012-01-09 01:37:47,34.0522,-118.2437,CAM_38,6f020b63-5567-11e8-87e0-dca9047ef277,https://lila.science/datasets/caltech-camera-traps
821,CCT20_LILA_BC,5965ab8e-23d2-11e8-a6a3-ec086b02610b.jpg,raw/blank/5965ab8e-23d2-11e8-a6a3-ec086b02610b.jpg,empty,,CCT_Loc_38,Caltech_2018,2012-01-15 05:37:30,34.0522,-118.2437,CAM_38,6f0242d1-5567-11e8-8a43-dca9047ef277,https://lila.science/datasets/caltech-camera-traps
822,CCT20_LILA_BC,59a94b76-23d2-11e8-a6a3-ec086b02610b.jpg,raw/blank/59a94b76-23d2-11e8-a6a3-ec086b02610b.jpg,empty,,CCT_Loc_38,Caltech_2018,2012-01-17 09:48:00,34.0522,-118.2437,CAM_38,6f024b91-5567-11e8-8952-dca9047ef277,https://lila.science/datasets/caltech-camera-traps
823,CCT20_LILA_BC,59aad9d0-23d2-11e8-a6a3-ec086b02610b.jpg,raw/blank/59aad9d0-23d2-11e8-a6a3-ec086b02610b.jpg,empty,,CCT_Loc_38,Caltech_2018,2012-01-06 20:03:19,34.0522,-118.2437,CAM_38,6f02032e-5567-11e8-891c-dca9047ef277,https://lila.science/datasets/caltech-camera-traps
824,CCT20_LILA_BC,598acefe-23d2-11e8-a6a3-ec086b02610b.jpg,raw/blank/598acefe-23d2-11e8-a6a3-ec086b02610b.jpg,empty,,CCT_Loc_38,Caltech_2018,2012-01-17 09:48:01,34.0522,-118.2437,CAM_38,6f024b91-5567-11e8-8952-dca9047ef277,https://lila.science/datasets/caltech-camera-traps
825,CCT20_LILA_BC,5a1b15c0-23d2-11e8-a6a3-ec086b02610b.jpg,raw/blank/5a1b15c0-23d2-11e8-a6a3-ec086b02610b.jpg,empty,,CCT_Loc_38,Caltech_2018,2011-12-30 21:48:43,34.0522,-118.2437,CAM_38,6f01da54-5567-11e8-991a-dca9047ef277,https://lila.science/datasets/caltech-camera-traps
826,CCT20_LILA_BC,597b46d6-23d2-11e8-a6a3-ec086b02610b.jpg,raw/blank/597b46d6-23d2-11e8-a6a3-ec086b02610b.jpg,empty,,CCT_Loc_38,Caltech_2018,2011-12-30 21:48:42,34.0522,-118.2437,CAM_38,6f01da54-5567-11e8-991a-dca9047ef277,https://lila.science/datasets/caltech-camera-traps
827,CCT20_LILA_BC,5a13095a-23d2-11e8-a6a3-ec086b02610b.jpg,raw/blank/5a13095a-23d2-11e8-a6a3-ec086b02610b.jpg,empty,,CCT_Loc_38,Caltech_2018,2011-12-30 21:48:44,34.0522,-118.2437,CAM_38,6f01da54-5567-11e8-991a-dca9047ef277,https://lila.science/datasets/caltech-camera-traps
828,CCT20_LILA_BC,5a0fcee0-23d2-11e8-a6a3-ec086b02610b.jpg,raw/blank/5a0fcee0-23d2-11e8-a6a3-ec086b02610b.jpg,empty,,CCT_Loc_38,Caltech_2018,2012-01-19 09:53:52,34.0522,-118.2437,CAM_38,6f025357-5567-11e8-add3-dca9047ef277,https://lila.science/datasets/caltech-camera-traps
829,CCT20_LILA_BC,59849846-23d2-11e8-a6a3-ec086b02610b.jpg,raw/blank/59849846-23d2-11e8-a6a3-ec086b02610b.jpg,empty,,CCT_Loc_38,Caltech_2018,2011-12-16 12:56:11,34.0522,-118.2437,CAM_38,6f017bc2-5567-11e8-a8f8-dca9047ef277,https://lila.science/datasets/caltech-camera-traps
830,CCT20_LILA_BC,5986260d-23d2-11e8-a6a3-ec086b02610b.jpg,raw/blank/5986260d-23d2-11e8-a6a3-ec086b02610b.jpg,empty,,CCT_Loc_38,Caltech_2018,2011-12-25 12:50:31,34.0522,-118.2437,CAM_38,6f01c207-5567-11e8-8d5e-dca9047ef277,https://lila.science/datasets/caltech-camera-traps
831,CCT20_LILA_BC,5a1b1475-23d2-11e8-a6a3-ec086b02610b.jpg,raw/blank/5a1b1475-23d2-11e8-a6a3-ec086b02610b.jpg,empty,,CCT_Loc_38,Caltech_2018,2012-01-06 20:03:20,34.0522,-118.2437,CAM_38,6f02032e-5567-11e8-891c-dca9047ef277,https://lila.science/datasets/caltech-camera-traps
832,CCT20_LILA_BC,5998ce4f-23d2-11e8-a6a3-ec086b02610b.jpg,raw/blank/5998ce4f-23d2-11e8-a6a3-ec086b02610b.jpg,empty,,CCT_Loc_38,Caltech_2018,2012-01-17 09:47:59,34.0522,-118.2437,CAM_38,6f024b91-5567-11e8-8952-dca9047ef277,https://lila.science/datasets/caltech-camera-traps
833,CCT20_LILA_BC,59e10466-23d2-11e8-a6a3-ec086b02610b.jpg,raw/blank/59e10466-23d2-11e8-a6a3-ec086b02610b.jpg,empty,,CCT_Loc_38,Caltech_2018,2011-12-22 06:59:13,34.0522,-118.2437,CAM_38,6f01b70f-5567-11e8-bd4e-dca9047ef277,https://lila.science/datasets/caltech-camera-traps
834,CCT20_LILA_BC,59e91c16-23d2-11e8-a6a3-ec086b02610b.jpg,raw/blank/59e91c16-23d2-11e8-a6a3-ec086b02610b.jpg,empty,,CCT_Loc_38,Caltech_2018,2012-01-06 20:03:21,34.0522,-118.2437,CAM_38,6f02032e-5567-11e8-891c-dca9047ef277,https://lila.science/datasets/caltech-camera-traps
835,CCT20_LILA_BC,5987b21b-23d2-11e8-a6a3-ec086b02610b.jpg,raw/blank/5987b21b-23d2-11e8-a6a3-ec086b02610b.jpg,empty,,CCT_Loc_38,Caltech_2018,2012-01-09 01:37:49,34.0522,-118.2437,CAM_38,6f020b63-5567-11e8-87e0-dca9047ef277,https://lila.science/datasets/caltech-camera-traps
836,CCT20_LILA_BC,59bac7c0-23d2-11e8-a6a3-ec086b02610b.jpg,raw/blank/59bac7c0-23d2-11e8-a6a3-ec086b02610b.jpg,empty,,CCT_Loc_38,Caltech_2018,2011-08-01 13:31:35,34.0522,-118.2437,CAM_38,6eff8fd9-5567-11e8-bded-dca9047ef277,https://lila.science/datasets/caltech-camera-traps
837,CCT20_LILA_BC,5a29649a-23d2-11e8-a6a3-ec086b02610b.jpg,raw/blank/5a29649a-23d2-11e8-a6a3-ec086b02610b.jpg,empty,,CCT_Loc_38,Caltech_2018,2011-07-20 19:39:07,34.0522,-118.2437,CAM_38,6eff4526-5567-11e8-8d10-dca9047ef277,https://lila.science/datasets/caltech-camera-traps
838,CCT20_LILA_BC,5a1fe86a-23d2-11e8-a6a3-ec086b02610b.jpg,raw/blank/5a1fe86a-23d2-11e8-a6a3-ec086b02610b.jpg,empty,,CCT_Loc_38,Caltech_2018,2011-07-14 23:36:23,34.0522,-118.2437,CAM_38,6eff2c97-5567-11e8-95e8-dca9047ef277,https://lila.science/datasets/caltech-camera-traps
839,CCT20_LILA_BC,59e77d41-23d2-11e8-a6a3-ec086b02610b.jpg,raw/blank/59e77d41-23d2-11e8-a6a3-ec086b02610b.jpg,empty,,CCT_Loc_38,Caltech_2018,2011-07-30 10:51:32,34.0522,-118.2437,CAM_38,6eff865c-5567-11e8-bd86-dca9047ef277,https://lila.science/datasets/caltech-camera-traps
840,CCT20_LILA_BC,59d751fc-23d2-11e8-a6a3-ec086b02610b.jpg,raw/blank/59d751fc-23d2-11e8-a6a3-ec086b02610b.jpg,empty,,CCT_Loc_38,Caltech_2018,2011-07-30 10:51:31,34.0522,-118.2437,CAM_38,6eff865c-5567-11e8-bd86-dca9047ef277,https://lila.science/datasets/caltech-camera-traps
841,CCT20_LILA_BC,5a17df5e-23d2-11e8-a6a3-ec086b02610b.jpg,raw/blank/5a17df5e-23d2-11e8-a6a3-ec086b02610b.jpg,empty,,CCT_Loc_38,Caltech_2018,2011-07-06 20:17:50,34.0522,-118.2437,CAM_38,6eff0e80-5567-11e8-a7cc-dca9047ef277,https://lila.science/datasets/caltech-camera-traps
842,CCT20_LILA_BC,59bac98f-23d2-11e8-a6a3-ec086b02610b.jpg,raw/blank/59bac98f-23d2-11e8-a6a3-ec086b02610b.jpg,empty,,CCT_Loc_38,Caltech_2018,2011-06-23 06:53:05,34.0522,-118.2437,CAM_38,6efebd23-5567-11e8-bc15-dca9047ef277,https://lila.science/datasets/caltech-camera-traps
843,CCT20_LILA_BC,599a5cf3-23d2-11e8-a6a3-ec086b02610b.jpg,raw/blank/599a5cf3-23d2-11e8-a6a3-ec086b02610b.jpg,empty,,CCT_Loc_38,Caltech_2018,2011-07-20 19:39:10,34.0522,-118.2437,CAM_38,6eff4526-5567-11e8-8d10-dca9047ef277,https://lila.science/datasets/caltech-camera-traps
844,CCT20_LILA_BC,59fe219b-23d2-11e8-a6a3-ec086b02610b.jpg,raw/blank/59fe219b-23d2-11e8-a6a3-ec086b02610b.jpg,empty,,CCT_Loc_38,Caltech_2018,2011-07-14 23:36:22,34.0522,-118.2437,CAM_38,6eff2c97-5567-11e8-95e8-dca9047ef277,https://lila.science/datasets/caltech-camera-traps
845,CCT20_LILA_BC,59a30b83-23d2-11e8-a6a3-ec086b02610b.jpg,raw/blank/59a30b83-23d2-11e8-a6a3-ec086b02610b.jpg,empty,,CCT_Loc_38,Caltech_2018,2011-07-14 23:36:21,34.0522,-118.2437,CAM_38,6eff2c97-5567-11e8-95e8-dca9047ef277,https://lila.science/datasets/caltech-camera-traps
846,CCT20_LILA_BC,59e5df2c-23d2-11e8-a6a3-ec086b02610b.jpg,raw/blank/59e5df2c-23d2-11e8-a6a3-ec086b02610b.jpg,empty,,CCT_Loc_38,Caltech_2018,2011-06-26 06:13:52,34.0522,-118.2437,CAM_38,6efed34a-5567-11e8-8d30-dca9047ef277,https://lila.science/datasets/caltech-camera-traps
847,CCT20_LILA_BC,59830754-23d2-11e8-a6a3-ec086b02610b.jpg,raw/blank/59830754-23d2-11e8-a6a3-ec086b02610b.jpg,empty,,CCT_Loc_38,Caltech_2018,2011-06-23 06:53:07,34.0522,-118.2437,CAM_38,6efebd23-5567-11e8-bc15-dca9047ef277,https://lila.science/datasets/caltech-camera-traps
848,CCT20_LILA_BC,5a27d982-23d2-11e8-a6a3-ec086b02610b.jpg,raw/blank/5a27d982-23d2-11e8-a6a3-ec086b02610b.jpg,empty,,CCT_Loc_38,Caltech_2018,2011-07-05 06:45:04,34.0522,-118.2437,CAM_38,6eff0a5e-5567-11e8-9a61-dca9047ef277,https://lila.science/datasets/caltech-camera-traps
849,CCT20_LILA_BC,598179aa-23d2-11e8-a6a3-ec086b02610b.jpg,raw/blank/598179aa-23d2-11e8-a6a3-ec086b02610b.jpg,empty,,CCT_Loc_38,Caltech_2018,2011-07-05 06:45:02,34.0522,-118.2437,CAM_38,6eff0a5e-5567-11e8-9a61-dca9047ef277,https://lila.science/datasets/caltech-camera-traps
850,CCT20_LILA_BC,5968c108-23d2-11e8-a6a3-ec086b02610b.jpg,raw/blank/5968c108-23d2-11e8-a6a3-ec086b02610b.jpg,empty,,CCT_Loc_38,Caltech_2018,2011-08-02 12:36:40,34.0522,-118.2437,CAM_38,6eff93ab-5567-11e8-9237-dca9047ef277,https://lila.science/datasets/caltech-camera-traps
851,CCT20_LILA_BC,5a130a2c-23d2-11e8-a6a3-ec086b02610b.jpg,raw/blank/5a130a2c-23d2-11e8-a6a3-ec086b02610b.jpg,empty,,CCT_Loc_38,Caltech_2018,2011-07-05 06:45:05,34.0522,-118.2437,CAM_38,6eff0a5e-5567-11e8-9a61-dca9047ef277,https://lila.science/datasets/caltech-camera-traps
852,CCT20_LILA_BC,59af96f6-23d2-11e8-a6a3-ec086b02610b.jpg,raw/blank/59af96f6-23d2-11e8-a6a3-ec086b02610b.jpg,empty,,CCT_Loc_38,Caltech_2018,2011-08-01 13:31:36,34.0522,-118.2437,CAM_38,6eff8fd9-5567-11e8-bded-dca9047ef277,https://lila.science/datasets/caltech-camera-traps
853,CCT20_LILA_BC,59f12824-23d2-11e8-a6a3-ec086b02610b.jpg,raw/blank/59f12824-23d2-11e8-a6a3-ec086b02610b.jpg,empty,,CCT_Loc_38,Caltech_2018,2011-06-26 06:13:53,34.0522,-118.2437,CAM_38,6efed34a-5567-11e8-8d30-dca9047ef277,https://lila.science/datasets/caltech-camera-traps
854,CCT20_LILA_BC,59ec5359-23d2-11e8-a6a3-ec086b02610b.jpg,raw/blank/59ec5359-23d2-11e8-a6a3-ec086b02610b.jpg,empty,,CCT_Loc_38,Caltech_2018,2011-06-26 06:13:51,34.0522,-118.2437,CAM_38,6efed34a-5567-11e8-8d30-dca9047ef277,https://lila.science/datasets/caltech-camera-traps
855,CCT20_LILA_BC,598f78bf-23d2-11e8-a6a3-ec086b02610b.jpg,raw/blank/598f78bf-23d2-11e8-a6a3-ec086b02610b.jpg,empty,,CCT_Loc_38,Caltech_2018,2011-06-21 11:22:53,34.0522,-118.2437,CAM_38,6efeb74a-5567-11e8-9c44-dca9047ef277,https://lila.science/datasets/caltech-camera-traps
856,CCT20_LILA_BC,597b4a0a-23d2-11e8-a6a3-ec086b02610b.jpg,raw/blank/597b4a0a-23d2-11e8-a6a3-ec086b02610b.jpg,empty,,CCT_Loc_38,Caltech_2018,2011-07-30 10:51:30,34.0522,-118.2437,CAM_38,6eff865c-5567-11e8-bd86-dca9047ef277,https://lila.science/datasets/caltech-camera-traps
857,CCT20_LILA_BC,5a1fe91c-23d2-11e8-a6a3-ec086b02610b.jpg,raw/blank/5a1fe91c-23d2-11e8-a6a3-ec086b02610b.jpg,empty,,CCT_Loc_38,Caltech_2018,2011-08-01 13:31:34,34.0522,-118.2437,CAM_38,6eff8fd9-5567-11e8-bded-dca9047ef277,https://lila.science/datasets/caltech-camera-traps
858,CCT20_LILA_BC,599fc094-23d2-11e8-a6a3-ec086b02610b.jpg,raw/blank/599fc094-23d2-11e8-a6a3-ec086b02610b.jpg,empty,,CCT_Loc_38,Caltech_2018,2011-07-26 19:18:30,34.0522,-118.2437,CAM_38,6eff5fde-5567-11e8-b9d4-dca9047ef277,https://lila.science/datasets/caltech-camera-traps
859,CCT20_LILA_BC,5995af61-23d2-11e8-a6a3-ec086b02610b.jpg,raw/blank/5995af61-23d2-11e8-a6a3-ec086b02610b.jpg,empty,,CCT_Loc_38,Caltech_2018,2011-06-23 06:53:06,34.0522,-118.2437,CAM_38,6efebd23-5567-11e8-bc15-dca9047ef277,https://lila.science/datasets/caltech-camera-traps
860,CCT20_LILA_BC,59849807-23d2-11e8-a6a3-ec086b02610b.jpg,raw/blank/59849807-23d2-11e8-a6a3-ec086b02610b.jpg,empty,,CCT_Loc_38,Caltech_2018,2011-07-20 19:39:09,34.0522,-118.2437,CAM_38,6eff4526-5567-11e8-8d10-dca9047ef277,https://lila.science/datasets/caltech-camera-traps
861,CCT20_LILA_BC,59e77d3f-23d2-11e8-a6a3-ec086b02610b.jpg,raw/blank/59e77d3f-23d2-11e8-a6a3-ec086b02610b.jpg,empty,,CCT_Loc_38,Caltech_2018,2011-07-06 20:17:48,34.0522,-118.2437,CAM_38,6eff0e80-5567-11e8-a7cc-dca9047ef277,https://lila.science/datasets/caltech-camera-traps
862,CCT20_LILA_BC,599104fb-23d2-11e8-a6a3-ec086b02610b.jpg,raw/blank/599104fb-23d2-11e8-a6a3-ec086b02610b.jpg,empty,,CCT_Loc_38,Caltech_2018,2011-07-26 19:18:28,34.0522,-118.2437,CAM_38,6eff5fde-5567-11e8-b9d4-dca9047ef277,https://lila.science/datasets/caltech-camera-traps
863,CCT20_LILA_BC,59b131bc-23d2-11e8-a6a3-ec086b02610b.jpg,raw/blank/59b131bc-23d2-11e8-a6a3-ec086b02610b.jpg,empty,,CCT_Loc_38,Caltech_2018,2011-07-06 20:17:51,34.0522,-118.2437,CAM_38,6eff0e80-5567-11e8-a7cc-dca9047ef277,https://lila.science/datasets/caltech-camera-traps
864,CCT20_LILA_BC,598f788e-23d2-11e8-a6a3-ec086b02610b.jpg,raw/blank/598f788e-23d2-11e8-a6a3-ec086b02610b.jpg,empty,,CCT_Loc_38,Caltech_2018,2011-07-26 19:18:29,34.0522,-118.2437,CAM_38,6eff5fde-5567-11e8-b9d4-dca9047ef277,https://lila.science/datasets/caltech-camera-traps
865,CCT20_LILA_BC,5a2e143b-23d2-11e8-a6a3-ec086b02610b.jpg,raw/blank/5a2e143b-23d2-11e8-a6a3-ec086b02610b.jpg,empty,,CCT_Loc_38,Caltech_2018,2011-09-21 12:21:19,34.0522,-118.2437,CAM_38,6f000fc5-5567-11e8-930f-dca9047ef277,https://lila.science/datasets/caltech-camera-traps
866,CCT20_LILA_BC,596734f1-23d2-11e8-a6a3-ec086b02610b.jpg,raw/blank/596734f1-23d2-11e8-a6a3-ec086b02610b.jpg,empty,,CCT_Loc_38,Caltech_2018,2011-10-12 07:45:40,34.0522,-118.2437,CAM_38,6f0053e6-5567-11e8-af40-dca9047ef277,https://lila.science/datasets/caltech-camera-traps
867,CCT20_LILA_BC,5a02fca0-23d2-11e8-a6a3-ec086b02610b.jpg,raw/blank/5a02fca0-23d2-11e8-a6a3-ec086b02610b.jpg,empty,,CCT_Loc_38,Caltech_2018,2011-11-02 11:16:26,34.0522,-118.2437,CAM_38,6f009b3a-5567-11e8-9cbf-dca9047ef277,https://lila.science/datasets/caltech-camera-traps
868,CCT20_LILA_BC,59fc7d8a-23d2-11e8-a6a3-ec086b02610b.jpg,raw/blank/59fc7d8a-23d2-11e8-a6a3-ec086b02610b.jpg,empty,,CCT_Loc_38,Caltech_2018,2011-10-18 08:35:28,34.0522,-118.2437,CAM_38,6f006926-5567-11e8-9a45-dca9047ef277,https://lila.science/datasets/caltech-camera-traps
869,CCT20_LILA_BC,59b61769-23d2-11e8-a6a3-ec086b02610b.jpg,raw/blank/59b61769-23d2-11e8-a6a3-ec086b02610b.jpg,empty,,CCT_Loc_38,Caltech_2018,2011-10-20 12:08:07,34.0522,-118.2437,CAM_38,6f007042-5567-11e8-b4eb-dca9047ef277,https://lila.science/datasets/caltech-camera-traps
870,CCT20_LILA_BC,59d5b54c-23d2-11e8-a6a3-ec086b02610b.jpg,raw/blank/59d5b54c-23d2-11e8-a6a3-ec086b02610b.jpg,empty,,CCT_Loc_38,Caltech_2018,2011-10-20 12:08:06,34.0522,-118.2437,CAM_38,6f007042-5567-11e8-b4eb-dca9047ef277,https://lila.science/datasets/caltech-camera-traps
871,CCT20_LILA_BC,5a1b142e-23d2-11e8-a6a3-ec086b02610b.jpg,raw/blank/5a1b142e-23d2-11e8-a6a3-ec086b02610b.jpg,empty,,CCT_Loc_38,Caltech_2018,2011-09-21 12:21:17,34.0522,-118.2437,CAM_38,6f000fc5-5567-11e8-930f-dca9047ef277,https://lila.science/datasets/caltech-camera-traps
872,CCT20_LILA_BC,59fe21f6-23d2-11e8-a6a3-ec086b02610b.jpg,raw/blank/59fe21f6-23d2-11e8-a6a3-ec086b02610b.jpg,empty,,CCT_Loc_38,Caltech_2018,2011-10-30 11:03:02,34.0522,-118.2437,CAM_38,6f009414-5567-11e8-8cef-dca9047ef277,https://lila.science/datasets/caltech-camera-traps
873,CCT20_LILA_BC,59b614fb-23d2-11e8-a6a3-ec086b02610b.jpg,raw/blank/59b614fb-23d2-11e8-a6a3-ec086b02610b.jpg,empty,,CCT_Loc_38,Caltech_2018,2011-10-12 07:45:39,34.0522,-118.2437,CAM_38,6f0053e6-5567-11e8-af40-dca9047ef277,https://lila.science/datasets/caltech-camera-traps
874,CCT20_LILA_BC,59817bd3-23d2-11e8-a6a3-ec086b02610b.jpg,raw/blank/59817bd3-23d2-11e8-a6a3-ec086b02610b.jpg,empty,,CCT_Loc_38,Caltech_2018,2011-10-18 12:43:26,34.0522,-118.2437,CAM_38,6f006b8a-5567-11e8-bbab-dca9047ef277,https://lila.science/datasets/caltech-camera-traps
875,CCT20_LILA_BC,598f7727-23d2-11e8-a6a3-ec086b02610b.jpg,raw/blank/598f7727-23d2-11e8-a6a3-ec086b02610b.jpg,empty,,CCT_Loc_38,Caltech_2018,2011-10-30 11:03:04,34.0522,-118.2437,CAM_38,6f009414-5567-11e8-8cef-dca9047ef277,https://lila.science/datasets/caltech-camera-traps
876,CCT20_LILA_BC,59738936-23d2-11e8-a6a3-ec086b02610b.jpg,raw/blank/59738936-23d2-11e8-a6a3-ec086b02610b.jpg,empty,,CCT_Loc_38,Caltech_2018,2011-10-18 08:35:27,34.0522,-118.2437,CAM_38,6f006926-5567-11e8-9a45-dca9047ef277,https://lila.science/datasets/caltech-camera-traps
877,CCT20_LILA_BC,5a063113-23d2-11e8-a6a3-ec086b02610b.jpg,raw/blank/5a063113-23d2-11e8-a6a3-ec086b02610b.jpg,empty,,CCT_Loc_38,Caltech_2018,2011-10-18 12:43:25,34.0522,-118.2437,CAM_38,6f006b8a-5567-11e8-bbab-dca9047ef277,https://lila.science/datasets/caltech-camera-traps
878,CCT20_LILA_BC,59a94bb7-23d2-11e8-a6a3-ec086b02610b.jpg,raw/blank/59a94bb7-23d2-11e8-a6a3-ec086b02610b.jpg,empty,,CCT_Loc_38,Caltech_2018,2011-10-19 22:43:30,34.0522,-118.2437,CAM_38,6f006e87-5567-11e8-9d3d-dca9047ef277,https://lila.science/datasets/caltech-camera-traps
879,CCT20_LILA_BC,59cf4478-23d2-11e8-a6a3-ec086b02610b.jpg,raw/blank/59cf4478-23d2-11e8-a6a3-ec086b02610b.jpg,empty,,CCT_Loc_38,Caltech_2018,2011-10-20 12:08:05,34.0522,-118.2437,CAM_38,6f007042-5567-11e8-b4eb-dca9047ef277,https://lila.science/datasets/caltech-camera-traps
880,CCT20_LILA_BC,59bfdc50-23d2-11e8-a6a3-ec086b02610b.jpg,raw/blank/59bfdc50-23d2-11e8-a6a3-ec086b02610b.jpg,empty,,CCT_Loc_38,Caltech_2018,2011-10-18 08:35:25,34.0522,-118.2437,CAM_38,6f006926-5567-11e8-9a45-dca9047ef277,https://lila.science/datasets/caltech-camera-traps
881,CCT20_LILA_BC,59b2e8a8-23d2-11e8-a6a3-ec086b02610b.jpg,raw/blank/59b2e8a8-23d2-11e8-a6a3-ec086b02610b.jpg,empty,,CCT_Loc_38,Caltech_2018,2011-10-19 22:43:29,34.0522,-118.2437,CAM_38,6f006e87-5567-11e8-9d3d-dca9047ef277,https://lila.science/datasets/caltech-camera-traps
882,CCT20_LILA_BC,59d752ae-23d2-11e8-a6a3-ec086b02610b.jpg,raw/blank/59d752ae-23d2-11e8-a6a3-ec086b02610b.jpg,empty,,CCT_Loc_38,Caltech_2018,2011-11-02 03:29:53,34.0522,-118.2437,CAM_38,6f009ac0-5567-11e8-9f81-dca9047ef277,https://lila.science/datasets/caltech-camera-traps
883,CCT20_LILA_BC,5a0c9ab8-23d2-11e8-a6a3-ec086b02610b.jpg,raw/blank/5a0c9ab8-23d2-11e8-a6a3-ec086b02610b.jpg,empty,,CCT_Loc_38,Caltech_2018,2011-10-18 12:43:24,34.0522,-118.2437,CAM_38,6f006b8a-5567-11e8-bbab-dca9047ef277,https://lila.science/datasets/caltech-camera-traps
884,CCT20_LILA_BC,59e1039b-23d2-11e8-a6a3-ec086b02610b.jpg,raw/blank/59e1039b-23d2-11e8-a6a3-ec086b02610b.jpg,empty,,CCT_Loc_38,Caltech_2018,2011-09-13 06:34:42,34.0522,-118.2437,CAM_38,6f00001c-5567-11e8-a35c-dca9047ef277,https://lila.science/datasets/caltech-camera-traps
885,CCT20_LILA_BC,598c5cc5-23d2-11e8-a6a3-ec086b02610b.jpg,raw/blank/598c5cc5-23d2-11e8-a6a3-ec086b02610b.jpg,empty,,CCT_Loc_38,Caltech_2018,2011-09-13 06:34:44,34.0522,-118.2437,CAM_38,6f00001c-5567-11e8-a35c-dca9047ef277,https://lila.science/datasets/caltech-camera-traps
886,CCT20_LILA_BC,59641e87-23d2-11e8-a6a3-ec086b02610b.jpg,raw/blank/59641e87-23d2-11e8-a6a3-ec086b02610b.jpg,empty,,CCT_Loc_38,Caltech_2018,2011-10-12 07:45:37,34.0522,-118.2437,CAM_38,6f0053e6-5567-11e8-af40-dca9047ef277,https://lila.science/datasets/caltech-camera-traps
887,CCT20_LILA_BC,59a499dd-23d2-11e8-a6a3-ec086b02610b.jpg,raw/blank/59a499dd-23d2-11e8-a6a3-ec086b02610b.jpg,empty,,CCT_Loc_38,Caltech_2018,2011-09-13 06:34:43,34.0522,-118.2437,CAM_38,6f00001c-5567-11e8-a35c-dca9047ef277,https://lila.science/datasets/caltech-camera-traps
888,CCT20_LILA_BC,59ac6a9c-23d2-11e8-a6a3-ec086b02610b.jpg,raw/blank/59ac6a9c-23d2-11e8-a6a3-ec086b02610b.jpg,empty,,CCT_Loc_38,Caltech_2018,2011-10-19 22:43:31,34.0522,-118.2437,CAM_38,6f006e87-5567-11e8-9d3d-dca9047ef277,https://lila.science/datasets/caltech-camera-traps
889,CCT20_LILA_BC,59a7be2d-23d2-11e8-a6a3-ec086b02610b.jpg,raw/blank/59a7be2d-23d2-11e8-a6a3-ec086b02610b.jpg,empty,,CCT_Loc_38,Caltech_2018,2011-09-21 12:21:18,34.0522,-118.2437,CAM_38,6f000fc5-5567-11e8-930f-dca9047ef277,https://lila.science/datasets/caltech-camera-traps
890,CCT20_LILA_BC,5a0fd093-23d2-11e8-a6a3-ec086b02610b.jpg,raw/blank/5a0fd093-23d2-11e8-a6a3-ec086b02610b.jpg,empty,,CCT_Loc_38,Caltech_2018,2011-11-02 03:29:54,34.0522,-118.2437,CAM_38,6f009ac0-5567-11e8-9f81-dca9047ef277,https://lila.science/datasets/caltech-camera-traps
891,CCT20_LILA_BC,597e635a-23d2-11e8-a6a3-ec086b02610b.jpg,raw/blank/597e635a-23d2-11e8-a6a3-ec086b02610b.jpg,empty,,CCT_Loc_38,Caltech_2018,2011-09-06 13:51:23,34.0522,-118.2437,CAM_38,6efff89c-5567-11e8-b33e-dca9047ef277,https://lila.science/datasets/caltech-camera-traps
892,CCT20_LILA_BC,59d5b76c-23d2-11e8-a6a3-ec086b02610b.jpg,raw/blank/59d5b76c-23d2-11e8-a6a3-ec086b02610b.jpg,empty,,CCT_Loc_38,Caltech_2018,2011-10-30 11:03:03,34.0522,-118.2437,CAM_38,6f009414-5567-11e8-8cef-dca9047ef277,https://lila.science/datasets/caltech-camera-traps
893,CCT20_LILA_BC,5a015c68-23d2-11e8-a6a3-ec086b02610b.jpg,raw/blank/5a015c68-23d2-11e8-a6a3-ec086b02610b.jpg,empty,,CCT_Loc_38,Caltech_2018,2011-11-02 03:29:52,34.0522,-118.2437,CAM_38,6f009ac0-5567-11e8-9f81-dca9047ef277,https://lila.science/datasets/caltech-camera-traps
894,CCT20_LILA_BC,59b4856b-23d2-11e8-a6a3-ec086b02610b.jpg,raw/blank/59b4856b-23d2-11e8-a6a3-ec086b02610b.jpg,empty,,CCT_Loc_38,Caltech_2018,2012-03-22 19:42:51,34.0522,-118.2437,CAM_38,6f03531e-5567-11e8-9e65-dca9047ef277,https://lila.science/datasets/caltech-camera-traps
895,CCT20_LILA_BC,59c31a13-23d2-11e8-a6a3-ec086b02610b.jpg,raw/blank/59c31a13-23d2-11e8-a6a3-ec086b02610b.jpg,empty,,CCT_Loc_38,Caltech_2018,2012-02-21 13:33:29,34.0522,-118.2437,CAM_38,6f02c2ca-5567-11e8-9539-dca9047ef277,https://lila.science/datasets/caltech-camera-traps
896,CCT20_LILA_BC,59cb3a23-23d2-11e8-a6a3-ec086b02610b.jpg,raw/blank/59cb3a23-23d2-11e8-a6a3-ec086b02610b.jpg,empty,,CCT_Loc_38,Caltech_2018,2012-03-29 12:16:58,34.0522,-118.2437,CAM_38,6f0388c2-5567-11e8-a883-dca9047ef277,https://lila.science/datasets/caltech-camera-traps
897,CCT20_LILA_BC,5a130ba5-23d2-11e8-a6a3-ec086b02610b.jpg,raw/blank/5a130ba5-23d2-11e8-a6a3-ec086b02610b.jpg,empty,,CCT_Loc_38,Caltech_2018,2012-03-22 19:42:49,34.0522,-118.2437,CAM_38,6f03531e-5567-11e8-9e65-dca9047ef277,https://lila.science/datasets/caltech-camera-traps
898,CCT20_LILA_BC,598306d6-23d2-11e8-a6a3-ec086b02610b.jpg,raw/blank/598306d6-23d2-11e8-a6a3-ec086b02610b.jpg,empty,,CCT_Loc_38,Caltech_2018,2012-03-22 19:42:50,34.0522,-118.2437,CAM_38,6f03531e-5567-11e8-9e65-dca9047ef277,https://lila.science/datasets/caltech-camera-traps
899,CCT20_LILA_BC,59a7bdbc-23d2-11e8-a6a3-ec086b02610b.jpg,raw/blank/59a7bdbc-23d2-11e8-a6a3-ec086b02610b.jpg,empty,,CCT_Loc_38,Caltech_2018,2012-04-01 02:44:57,34.0522,-118.2437,CAM_38,6f03a207-5567-11e8-88e7-dca9047ef277,https://lila.science/datasets/caltech-camera-traps
900,CCT20_LILA_BC,59d7513a-23d2-11e8-a6a3-ec086b02610b.jpg,raw/blank/59d7513a-23d2-11e8-a6a3-ec086b02610b.jpg,empty,,CCT_Loc_38,Caltech_2018,2012-04-29 21:51:30,34.0522,-118.2437,CAM_38,6f045523-5567-11e8-853e-dca9047ef277,https://lila.science/datasets/caltech-camera-traps
901,CCT20_LILA_BC,5998cc30-23d2-11e8-a6a3-ec086b02610b.jpg,raw/blank/5998cc30-23d2-11e8-a6a3-ec086b02610b.jpg,empty,,CCT_Loc_38,Caltech_2018,2012-04-29 21:51:31,34.0522,-118.2437,CAM_38,6f045523-5567-11e8-853e-dca9047ef277,https://lila.science/datasets/caltech-camera-traps
902,CCT20_LILA_BC,59d8ed01-23d2-11e8-a6a3-ec086b02610b.jpg,raw/blank/59d8ed01-23d2-11e8-a6a3-ec086b02610b.jpg,empty,,CCT_Loc_38,Caltech_2018,2012-04-07 10:00:28,34.0522,-118.2437,CAM_38,6f03f3e8-5567-11e8-b494-dca9047ef277,https://lila.science/datasets/caltech-camera-traps
903,CCT20_LILA_BC,59be4139-23d2-11e8-a6a3-ec086b02610b.jpg,raw/blank/59be4139-23d2-11e8-a6a3-ec086b02610b.jpg,empty,,CCT_Loc_38,Caltech_2018,2012-04-06 09:04:44,34.0522,-118.2437,CAM_38,6f03cde6-5567-11e8-bce6-dca9047ef277,https://lila.science/datasets/caltech-camera-traps
904,CCT20_LILA_BC,59a94d57-23d2-11e8-a6a3-ec086b02610b.jpg,raw/blank/59a94d57-23d2-11e8-a6a3-ec086b02610b.jpg,empty,,CCT_Loc_38,Caltech_2018,2012-04-07 10:00:30,34.0522,-118.2437,CAM_38,6f03f3e8-5567-11e8-b494-dca9047ef277,https://lila.science/datasets/caltech-camera-traps
905,CCT20_LILA_BC,5a1fe6da-23d2-11e8-a6a3-ec086b02610b.jpg,raw/blank/5a1fe6da-23d2-11e8-a6a3-ec086b02610b.jpg,empty,,CCT_Loc_38,Caltech_2018,2012-05-01 01:34:48,34.0522,-118.2437,CAM_38,6f04599e-5567-11e8-ad85-dca9047ef277,https://lila.science/datasets/caltech-camera-traps
906,CCT20_LILA_BC,59ec5494-23d2-11e8-a6a3-ec086b02610b.jpg,raw/blank/59ec5494-23d2-11e8-a6a3-ec086b02610b.jpg,empty,,CCT_Loc_38,Caltech_2018,2012-05-01 01:34:49,34.0522,-118.2437,CAM_38,6f04599e-5567-11e8-ad85-dca9047ef277,https://lila.science/datasets/caltech-camera-traps
907,CCT20_LILA_BC,5976a320-23d2-11e8-a6a3-ec086b02610b.jpg,raw/blank/5976a320-23d2-11e8-a6a3-ec086b02610b.jpg,empty,,CCT_Loc_38,Caltech_2018,2012-04-07 10:00:29,34.0522,-118.2437,CAM_38,6f03f3e8-5567-11e8-b494-dca9047ef277,https://lila.science/datasets/caltech-camera-traps
908,CCT20_LILA_BC,59d8ec1c-23d2-11e8-a6a3-ec086b02610b.jpg,raw/blank/59d8ec1c-23d2-11e8-a6a3-ec086b02610b.jpg,empty,,CCT_Loc_38,Caltech_2018,2012-04-30 21:33:06,34.0522,-118.2437,CAM_38,6f0458e1-5567-11e8-9bcd-dca9047ef277,https://lila.science/datasets/caltech-camera-traps
909,CCT20_LILA_BC,59830947-23d2-11e8-a6a3-ec086b02610b.jpg,raw/blank/59830947-23d2-11e8-a6a3-ec086b02610b.jpg,empty,,CCT_Loc_38,Caltech_2018,2012-04-06 09:04:45,34.0522,-118.2437,CAM_38,6f03cde6-5567-11e8-bce6-dca9047ef277,https://lila.science/datasets/caltech-camera-traps
910,CCT20_LILA_BC,59aadb04-23d2-11e8-a6a3-ec086b02610b.jpg,raw/blank/59aadb04-23d2-11e8-a6a3-ec086b02610b.jpg,empty,,CCT_Loc_38,Caltech_2018,2012-04-23 22:52:14,34.0522,-118.2437,CAM_38,6f0438b0-5567-11e8-a4ff-dca9047ef277,https://lila.science/datasets/caltech-camera-traps
911,CCT20_LILA_BC,5989431d-23d2-11e8-a6a3-ec086b02610b.jpg,raw/blank/5989431d-23d2-11e8-a6a3-ec086b02610b.jpg,empty,,CCT_Loc_38,Caltech_2018,2012-04-01 02:44:56,34.0522,-118.2437,CAM_38,6f03a207-5567-11e8-88e7-dca9047ef277,https://lila.science/datasets/caltech-camera-traps
912,CCT20_LILA_BC,59738651-23d2-11e8-a6a3-ec086b02610b.jpg,raw/blank/59738651-23d2-11e8-a6a3-ec086b02610b.jpg,empty,,CCT_Loc_38,Caltech_2018,2012-04-30 21:33:07,34.0522,-118.2437,CAM_38,6f0458e1-5567-11e8-9bcd-dca9047ef277,https://lila.science/datasets/caltech-camera-traps
913,CCT20_LILA_BC,59817cb1-23d2-11e8-a6a3-ec086b02610b.jpg,raw/blank/59817cb1-23d2-11e8-a6a3-ec086b02610b.jpg,empty,,CCT_Loc_38,Caltech_2018,2012-05-04 08:47:17,34.0522,-118.2437,CAM_38,6f0469ca-5567-11e8-86aa-dca9047ef277,https://lila.science/datasets/caltech-camera-traps
914,CCT20_LILA_BC,59d41979-23d2-11e8-a6a3-ec086b02610b.jpg,raw/blank/59d41979-23d2-11e8-a6a3-ec086b02610b.jpg,empty,,CCT_Loc_38,Caltech_2018,2012-04-30 21:33:05,34.0522,-118.2437,CAM_38,6f0458e1-5567-11e8-9bcd-dca9047ef277,https://lila.science/datasets/caltech-camera-traps
915,CCT20_LILA_BC,59ec555b-23d2-11e8-a6a3-ec086b02610b.jpg,raw/blank/59ec555b-23d2-11e8-a6a3-ec086b02610b.jpg,empty,,CCT_Loc_38,Caltech_2018,2012-04-06 09:04:43,34.0522,-118.2437,CAM_38,6f03cde6-5567-11e8-bce6-dca9047ef277,https://lila.science/datasets/caltech-camera-traps
916,CCT20_LILA_BC,5965aa0b-23d2-11e8-a6a3-ec086b02610b.jpg,raw/blank/5965aa0b-23d2-11e8-a6a3-ec086b02610b.jpg,empty,,CCT_Loc_38,Caltech_2018,2012-04-23 22:52:15,34.0522,-118.2437,CAM_38,6f0438b0-5567-11e8-a4ff-dca9047ef277,https://lila.science/datasets/caltech-camera-traps
917,CCT20_LILA_BC,59d7528a-23d2-11e8-a6a3-ec086b02610b.jpg,raw/blank/59d7528a-23d2-11e8-a6a3-ec086b02610b.jpg,empty,,CCT_Loc_38,Caltech_2018,2012-03-29 12:19:03,34.0522,-118.2437,CAM_38,6f038938-5567-11e8-9052-dca9047ef277,https://lila.science/datasets/caltech-camera-traps
918,CCT20_LILA_BC,59b2eab5-23d2-11e8-a6a3-ec086b02610b.jpg,raw/blank/59b2eab5-23d2-11e8-a6a3-ec086b02610b.jpg,empty,,CCT_Loc_38,Caltech_2018,2012-04-23 22:52:13,34.0522,-118.2437,CAM_38,6f0438b0-5567-11e8-a4ff-dca9047ef277,https://lila.science/datasets/caltech-camera-traps
919,CCT20_LILA_BC,5a231013-23d2-11e8-a6a3-ec086b02610b.jpg,raw/blank/5a231013-23d2-11e8-a6a3-ec086b02610b.jpg,empty,,CCT_Loc_38,Caltech_2018,2012-04-01 02:44:55,34.0522,-118.2437,CAM_38,6f03a207-5567-11e8-88e7-dca9047ef277,https://lila.science/datasets/caltech-camera-traps
920,CCT20_LILA_BC,59f2c268-23d2-11e8-a6a3-ec086b02610b.jpg,raw/blank/59f2c268-23d2-11e8-a6a3-ec086b02610b.jpg,empty,,CCT_Loc_38,Caltech_2018,2012-05-01 01:34:47,34.0522,-118.2437,CAM_38,6f04599e-5567-11e8-ad85-dca9047ef277,https://lila.science/datasets/caltech-camera-traps
921,CCT20_LILA_BC,59830866-23d2-11e8-a6a3-ec086b02610b.jpg,raw/blank/59830866-23d2-11e8-a6a3-ec086b02610b.jpg,empty,,CCT_Loc_38,Caltech_2018,2012-04-29 21:51:29,34.0522,-118.2437,CAM_38,6f045523-5567-11e8-853e-dca9047ef277,https://lila.science/datasets/caltech-camera-traps
922,CCT20_LILA_BC,5a217597-23d2-11e8-a6a3-ec086b02610b.jpg,raw/blank/5a217597-23d2-11e8-a6a3-ec086b02610b.jpg,empty,,CCT_Loc_38,Caltech_2018,2011-08-27 07:21:16,34.0522,-118.2437,CAM_38,6effe802-5567-11e8-9c0e-dca9047ef277,https://lila.science/datasets/caltech-camera-traps
923,CCT20_LILA_BC,5a116be8-23d2-11e8-a6a3-ec086b02610b.jpg,raw/blank/5a116be8-23d2-11e8-a6a3-ec086b02610b.jpg,empty,,CCT_Loc_38,Caltech_2018,2011-08-26 22:56:11,34.0522,-118.2437,CAM_38,6effe62b-5567-11e8-896d-dca9047ef277,https://lila.science/datasets/caltech-camera-traps
924,CCT20_LILA_BC,5a015cfe-23d2-11e8-a6a3-ec086b02610b.jpg,raw/blank/5a015cfe-23d2-11e8-a6a3-ec086b02610b.jpg,empty,,CCT_Loc_38,Caltech_2018,2011-08-26 22:56:10,34.0522,-118.2437,CAM_38,6effe62b-5567-11e8-896d-dca9047ef277,https://lila.science/datasets/caltech-camera-traps
925,CCT20_LILA_BC,59e44102-23d2-11e8-a6a3-ec086b02610b.jpg,raw/blank/59e44102-23d2-11e8-a6a3-ec086b02610b.jpg,empty,,CCT_Loc_38,Caltech_2018,2011-08-27 07:21:19,34.0522,-118.2437,CAM_38,6effe802-5567-11e8-9c0e-dca9047ef277,https://lila.science/datasets/caltech-camera-traps
926,CCT20_LILA_BC,59f79a1b-23d2-11e8-a6a3-ec086b02610b.jpg,raw/blank/59f79a1b-23d2-11e8-a6a3-ec086b02610b.jpg,empty,,CCT_Loc_38,Caltech_2018,2011-08-02 12:41:42,34.0522,-118.2437,CAM_38,6eff9491-5567-11e8-96b4-dca9047ef277,https://lila.science/datasets/caltech-camera-traps
927,CCT20_LILA_BC,5a1fe719-23d2-11e8-a6a3-ec086b02610b.jpg,raw/blank/5a1fe719-23d2-11e8-a6a3-ec086b02610b.jpg,empty,,CCT_Loc_38,Caltech_2018,2011-09-06 13:50:02,34.0522,-118.2437,CAM_38,6efff823-5567-11e8-a588-dca9047ef277,https://lila.science/datasets/caltech-camera-traps
928,CCT20_LILA_BC,59d0e1f0-23d2-11e8-a6a3-ec086b02610b.jpg,raw/blank/59d0e1f0-23d2-11e8-a6a3-ec086b02610b.jpg,empty,,CCT_Loc_38,Caltech_2018,2011-08-27 07:21:18,34.0522,-118.2437,CAM_38,6effe802-5567-11e8-9c0e-dca9047ef277,https://lila.science/datasets/caltech-camera-traps
929,CCT20_LILA_BC,59f5fc7f-23d2-11e8-a6a3-ec086b02610b.jpg,raw/blank/59f5fc7f-23d2-11e8-a6a3-ec086b02610b.jpg,empty,,CCT_Loc_38,Caltech_2018,2011-08-26 22:56:12,34.0522,-118.2437,CAM_38,6effe62b-5567-11e8-896d-dca9047ef277,https://lila.science/datasets/caltech-camera-traps
930,CCT20_LILA_BC,59f12a8e-23d2-11e8-a6a3-ec086b02610b.jpg,raw/blank/59f12a8e-23d2-11e8-a6a3-ec086b02610b.jpg,empty,,CCT_Loc_60,Caltech_2018,2012-01-07 20:11:39,34.0522,-118.2437,CAM_60,6f057df8-5567-11e8-9a85-dca9047ef277,https://lila.science/datasets/caltech-camera-traps
931,CCT20_LILA_BC,5979bbaf-23d2-11e8-a6a3-ec086b02610b.jpg,raw/blank/5979bbaf-23d2-11e8-a6a3-ec086b02610b.jpg,empty,,CCT_Loc_60,Caltech_2018,2012-01-07 20:11:37,34.0522,-118.2437,CAM_60,6f057df8-5567-11e8-9a85-dca9047ef277,https://lila.science/datasets/caltech-camera-traps
932,CCT20_LILA_BC,59df5e22-23d2-11e8-a6a3-ec086b02610b.jpg,raw/blank/59df5e22-23d2-11e8-a6a3-ec086b02610b.jpg,empty,,CCT_Loc_60,Caltech_2018,2012-01-07 20:11:36,34.0522,-118.2437,CAM_60,6f057df8-5567-11e8-9a85-dca9047ef277,https://lila.science/datasets/caltech-camera-traps
933,CCT20_LILA_BC,5a2c841d-23d2-11e8-a6a3-ec086b02610b.jpg,raw/blank/5a2c841d-23d2-11e8-a6a3-ec086b02610b.jpg,empty,,CCT_Loc_60,Caltech_2018,2012-01-07 20:11:38,34.0522,-118.2437,CAM_60,6f057df8-5567-11e8-9a85-dca9047ef277,https://lila.science/datasets/caltech-camera-traps
934,CCT20_LILA_BC,59a7be74-23d2-11e8-a6a3-ec086b02610b.jpg,raw/blank/59a7be74-23d2-11e8-a6a3-ec086b02610b.jpg,empty,,CCT_Loc_60,Caltech_2018,2011-12-21 23:07:53,34.0522,-118.2437,CAM_60,6f057d80-5567-11e8-b1d2-dca9047ef277,https://lila.science/datasets/caltech-camera-traps
935,CCT20_LILA_BC,5a24a9a9-23d2-11e8-a6a3-ec086b02610b.jpg,raw/blank/5a24a9a9-23d2-11e8-a6a3-ec086b02610b.jpg,empty,,CCT_Loc_60,Caltech_2018,2011-12-21 23:07:55,34.0522,-118.2437,CAM_60,6f057d80-5567-11e8-b1d2-dca9047ef277,https://lila.science/datasets/caltech-camera-traps
936,CCT20_LILA_BC,598624a6-23d2-11e8-a6a3-ec086b02610b.jpg,raw/blank/598624a6-23d2-11e8-a6a3-ec086b02610b.jpg,empty,,CCT_Loc_60,Caltech_2018,2011-12-19 12:10:37,34.0522,-118.2437,CAM_60,6f057d11-5567-11e8-900d-dca9047ef277,https://lila.science/datasets/caltech-camera-traps
937,CCT20_LILA_BC,59dc2456-23d2-11e8-a6a3-ec086b02610b.jpg,raw/blank/59dc2456-23d2-11e8-a6a3-ec086b02610b.jpg,empty,,CCT_Loc_60,Caltech_2018,2012-01-07 20:11:35,34.0522,-118.2437,CAM_60,6f057df8-5567-11e8-9a85-dca9047ef277,https://lila.science/datasets/caltech-camera-traps
938,CCT20_LILA_BC,59ddc19c-23d2-11e8-a6a3-ec086b02610b.jpg,raw/blank/59ddc19c-23d2-11e8-a6a3-ec086b02610b.jpg,empty,,CCT_Loc_60,Caltech_2018,2011-12-21 23:07:54,34.0522,-118.2437,CAM_60,6f057d80-5567-11e8-b1d2-dca9047ef277,https://lila.science/datasets/caltech-camera-traps
939,CCT20_LILA_BC,59ccd06a-23d2-11e8-a6a3-ec086b02610b.jpg,raw/blank/59ccd06a-23d2-11e8-a6a3-ec086b02610b.jpg,empty,,CCT_Loc_60,Caltech_2018,2012-01-18 13:14:14,34.0522,-118.2437,CAM_60,6f057ef0-5567-11e8-b649-dca9047ef277,https://lila.science/datasets/caltech-camera-traps
940,CCT20_LILA_BC,59cb387d-23d2-11e8-a6a3-ec086b02610b.jpg,raw/blank/59cb387d-23d2-11e8-a6a3-ec086b02610b.jpg,empty,,CCT_Loc_60,Caltech_2018,2011-12-21 23:07:54,34.0522,-118.2437,CAM_60,6f057d80-5567-11e8-b1d2-dca9047ef277,https://lila.science/datasets/caltech-camera-traps
941,CCT20_LILA_BC,59ac6981-23d2-11e8-a6a3-ec086b02610b.jpg,raw/blank/59ac6981-23d2-11e8-a6a3-ec086b02610b.jpg,empty,,CCT_Loc_60,Caltech_2018,2011-12-21 23:07:56,34.0522,-118.2437,CAM_60,6f057d80-5567-11e8-b1d2-dca9047ef277,https://lila.science/datasets/caltech-camera-traps
942,CCT20_LILA_BC,5a21788e-23d2-11e8-a6a3-ec086b02610b.jpg,raw/wildlife/5a21788e-23d2-11e8-a6a3-ec086b02610b.jpg,deer,,CCT_Loc_26,Caltech_2018,2014-07-14 15:36:05,34.0522,-118.2437,CAM_26,6f4ad1a8-5567-11e8-99da-dca9047ef277,https://lila.science/datasets/caltech-camera-traps
943,CCT20_LILA_BC,59e91b5c-23d2-11e8-a6a3-ec086b02610b.jpg,raw/wildlife/59e91b5c-23d2-11e8-a6a3-ec086b02610b.jpg,deer,,CCT_Loc_26,Caltech_2018,2013-11-04 18:37:19,34.0522,-118.2437,CAM_26,6f27eecf-5567-11e8-9c65-dca9047ef277,https://lila.science/datasets/caltech-camera-traps
944,CCT20_LILA_BC,5979bbfd-23d2-11e8-a6a3-ec086b02610b.jpg,raw/wildlife/5979bbfd-23d2-11e8-a6a3-ec086b02610b.jpg,deer,,CCT_Loc_26,Caltech_2018,2014-07-14 15:36:29,34.0522,-118.2437,CAM_26,6f4ad266-5567-11e8-b598-dca9047ef277,https://lila.science/datasets/caltech-camera-traps
945,CCT20_LILA_BC,59b7a886-23d2-11e8-a6a3-ec086b02610b.jpg,raw/wildlife/59b7a886-23d2-11e8-a6a3-ec086b02610b.jpg,deer,,CCT_Loc_26,Caltech_2018,2014-07-25 02:56:36,34.0522,-118.2437,CAM_26,6f4b6beb-5567-11e8-a46e-dca9047ef277,https://lila.science/datasets/caltech-camera-traps
946,CCT20_LILA_BC,59f5fd44-23d2-11e8-a6a3-ec086b02610b.jpg,raw/wildlife/59f5fd44-23d2-11e8-a6a3-ec086b02610b.jpg,deer,,CCT_Loc_26,Caltech_2018,2014-07-24 02:57:49,34.0522,-118.2437,CAM_26,6f4b5a91-5567-11e8-8cff-dca9047ef277,https://lila.science/datasets/caltech-camera-traps
947,CCT20_LILA_BC,59aadc9e-23d2-11e8-a6a3-ec086b02610b.jpg,raw/wildlife/59aadc9e-23d2-11e8-a6a3-ec086b02610b.jpg,deer,,CCT_Loc_26,Caltech_2018,2014-04-27 07:29:44,34.0522,-118.2437,CAM_26,6f371cd1-5567-11e8-a27c-dca9047ef277,https://lila.science/datasets/caltech-camera-traps
948,CCT20_LILA_BC,59a94d48-23d2-11e8-a6a3-ec086b02610b.jpg,raw/wildlife/59a94d48-23d2-11e8-a6a3-ec086b02610b.jpg,deer,,CCT_Loc_26,Caltech_2018,2014-08-29 19:48:12,34.0522,-118.2437,CAM_26,6f4d2e82-5567-11e8-9455-dca9047ef277,https://lila.science/datasets/caltech-camera-traps
949,CCT20_LILA_BC,5a0b016f-23d2-11e8-a6a3-ec086b02610b.jpg,raw/wildlife/5a0b016f-23d2-11e8-a6a3-ec086b02610b.jpg,deer,,CCT_Loc_26,Caltech_2018,2013-11-04 18:37:07,34.0522,-118.2437,CAM_26,6f27ed66-5567-11e8-9e92-dca9047ef277,https://lila.science/datasets/caltech-camera-traps
950,CCT20_LILA_BC,59a6295b-23d2-11e8-a6a3-ec086b02610b.jpg,raw/wildlife/59a6295b-23d2-11e8-a6a3-ec086b02610b.jpg,deer,,CCT_Loc_26,Caltech_2018,2014-08-29 19:48:09,34.0522,-118.2437,CAM_26,6f4d2da6-5567-11e8-8ee0-dca9047ef277,https://lila.science/datasets/caltech-camera-traps
951,CCT20_LILA_BC,5965a97b-23d2-11e8-a6a3-ec086b02610b.jpg,raw/wildlife/5965a97b-23d2-11e8-a6a3-ec086b02610b.jpg,deer,,CCT_Loc_26,Caltech_2018,2014-07-30 01:32:29,34.0522,-118.2437,CAM_26,6f4bb7d9-5567-11e8-9ea1-dca9047ef277,https://lila.science/datasets/caltech-camera-traps
952,CCT20_LILA_BC,597fefb0-23d2-11e8-a6a3-ec086b02610b.jpg,raw/wildlife/597fefb0-23d2-11e8-a6a3-ec086b02610b.jpg,deer,,CCT_Loc_26,Caltech_2018,2014-08-29 19:48:14,34.0522,-118.2437,CAM_26,6f4d2f4a-5567-11e8-9a9d-dca9047ef277,https://lila.science/datasets/caltech-camera-traps
953,CCT20_LILA_BC,5a02fbb8-23d2-11e8-a6a3-ec086b02610b.jpg,raw/wildlife/5a02fbb8-23d2-11e8-a6a3-ec086b02610b.jpg,deer,,CCT_Loc_26,Caltech_2018,2014-06-10 20:24:26,34.0522,-118.2437,CAM_26,6f46efc2-5567-11e8-acd6-dca9047ef277,https://lila.science/datasets/caltech-camera-traps
954,CCT20_LILA_BC,5987b497-23d2-11e8-a6a3-ec086b02610b.jpg,raw/wildlife/5987b497-23d2-11e8-a6a3-ec086b02610b.jpg,deer,,CCT_Loc_26,Caltech_2018,2014-06-27 01:54:00,34.0522,-118.2437,CAM_26,6f495ab3-5567-11e8-b8f4-dca9047ef277,https://lila.science/datasets/caltech-camera-traps
955,CCT20_LILA_BC,59d0e2a6-23d2-11e8-a6a3-ec086b02610b.jpg,raw/wildlife/59d0e2a6-23d2-11e8-a6a3-ec086b02610b.jpg,deer,,CCT_Loc_26,Caltech_2018,2014-07-24 15:58:12,34.0522,-118.2437,CAM_26,6f4b6457-5567-11e8-95ed-dca9047ef277,https://lila.science/datasets/caltech-camera-traps
956,CCT20_LILA_BC,596eef3b-23d2-11e8-a6a3-ec086b02610b.jpg,raw/wildlife/596eef3b-23d2-11e8-a6a3-ec086b02610b.jpg,deer,,CCT_Loc_26,Caltech_2018,2014-07-25 02:56:34,34.0522,-118.2437,CAM_26,6f4b6b9c-5567-11e8-810a-dca9047ef277,https://lila.science/datasets/caltech-camera-traps
957,CCT20_LILA_BC,5a1caf97-23d2-11e8-a6a3-ec086b02610b.jpg,raw/wildlife/5a1caf97-23d2-11e8-a6a3-ec086b02610b.jpg,deer,,CCT_Loc_26,Caltech_2018,2013-11-27 05:11:51,34.0522,-118.2437,CAM_26,6f28faba-5567-11e8-a936-dca9047ef277,https://lila.science/datasets/caltech-camera-traps
958,CCT20_LILA_BC,59edf0a6-23d2-11e8-a6a3-ec086b02610b.jpg,raw/wildlife/59edf0a6-23d2-11e8-a6a3-ec086b02610b.jpg,deer,,CCT_Loc_26,Caltech_2018,2013-10-03 19:38:21,34.0522,-118.2437,CAM_26,6f1f360a-5567-11e8-8330-dca9047ef277,https://lila.science/datasets/caltech-camera-traps
959,CCT20_LILA_BC,59fc7e05-23d2-11e8-a6a3-ec086b02610b.jpg,raw/wildlife/59fc7e05-23d2-11e8-a6a3-ec086b02610b.jpg,deer,,CCT_Loc_26,Caltech_2018,2014-07-24 02:57:09,34.0522,-118.2437,CAM_26,6f4b57b8-5567-11e8-93e3-dca9047ef277,https://lila.science/datasets/caltech-camera-traps
960,CCT20_LILA_BC,59738761-23d2-11e8-a6a3-ec086b02610b.jpg,raw/wildlife/59738761-23d2-11e8-a6a3-ec086b02610b.jpg,deer,,CCT_Loc_26,Caltech_2018,2014-07-02 04:03:54,34.0522,-118.2437,CAM_26,6f49ee66-5567-11e8-bd2b-dca9047ef277,https://lila.science/datasets/caltech-camera-traps
961,CCT20_LILA_BC,59e2a53b-23d2-11e8-a6a3-ec086b02610b.jpg,raw/wildlife/59e2a53b-23d2-11e8-a6a3-ec086b02610b.jpg,deer,,CCT_Loc_26,Caltech_2018,2014-08-10 14:09:28,34.0522,-118.2437,CAM_26,6f4c6efa-5567-11e8-972f-dca9047ef277,https://lila.science/datasets/caltech-camera-traps
962,CCT20_LILA_BC,59973ef9-23d2-11e8-a6a3-ec086b02610b.jpg,raw/wildlife/59973ef9-23d2-11e8-a6a3-ec086b02610b.jpg,deer,,CCT_Loc_26,Caltech_2018,2014-06-27 01:53:58,34.0522,-118.2437,CAM_26,6f495a00-5567-11e8-82e6-dca9047ef277,https://lila.science/datasets/caltech-camera-traps
963,CCT20_LILA_BC,5987b1e6-23d2-11e8-a6a3-ec086b02610b.jpg,raw/wildlife/5987b1e6-23d2-11e8-a6a3-ec086b02610b.jpg,deer,,CCT_Loc_26,Caltech_2018,2013-10-03 19:37:57,34.0522,-118.2437,CAM_26,6f1f35b8-5567-11e8-9d4a-dca9047ef277,https://lila.science/datasets/caltech-camera-traps
964,CCT20_LILA_BC,5a2af4bd-23d2-11e8-a6a3-ec086b02610b.jpg,raw/wildlife/5a2af4bd-23d2-11e8-a6a3-ec086b02610b.jpg,deer,,CCT_Loc_26,Caltech_2018,2014-07-14 15:43:37,34.0522,-118.2437,CAM_26,6f4ad359-5567-11e8-bac8-dca9047ef277,https://lila.science/datasets/caltech-camera-traps
965,CCT20_LILA_BC,599a5c54-23d2-11e8-a6a3-ec086b02610b.jpg,raw/wildlife/599a5c54-23d2-11e8-a6a3-ec086b02610b.jpg,deer,,CCT_Loc_26,Caltech_2018,2014-09-19 23:15:19,34.0522,-118.2437,CAM_26,6f4e1035-5567-11e8-b0ff-dca9047ef277,https://lila.science/datasets/caltech-camera-traps
966,CCT20_LILA_BC,5973871e-23d2-11e8-a6a3-ec086b02610b.jpg,raw/wildlife/5973871e-23d2-11e8-a6a3-ec086b02610b.jpg,deer,,CCT_Loc_26,Caltech_2018,2014-07-06 07:32:12,34.0522,-118.2437,CAM_26,6f4a4154-5567-11e8-9d94-dca9047ef277,https://lila.science/datasets/caltech-camera-traps
967,CCT20_LILA_BC,59b93819-23d2-11e8-a6a3-ec086b02610b.jpg,raw/wildlife/59b93819-23d2-11e8-a6a3-ec086b02610b.jpg,deer,,CCT_Loc_26,Caltech_2018,2014-04-27 07:29:27,34.0522,-118.2437,CAM_26,6f371a97-5567-11e8-9369-dca9047ef277,https://lila.science/datasets/caltech-camera-traps
968,CCT20_LILA_BC,599fbfd6-23d2-11e8-a6a3-ec086b02610b.jpg,raw/wildlife/599fbfd6-23d2-11e8-a6a3-ec086b02610b.jpg,deer,,CCT_Loc_26,Caltech_2018,2014-07-30 01:34:07,34.0522,-118.2437,CAM_26,6f4bb854-5567-11e8-9a2d-dca9047ef277,https://lila.science/datasets/caltech-camera-traps
969,CCT20_LILA_BC,59f2c3c7-23d2-11e8-a6a3-ec086b02610b.jpg,raw/wildlife/59f2c3c7-23d2-11e8-a6a3-ec086b02610b.jpg,deer,,CCT_Loc_26,Caltech_2018,2013-10-03 06:19:27,34.0522,-118.2437,CAM_26,6f1f2d66-5567-11e8-a20a-dca9047ef277,https://lila.science/datasets/caltech-camera-traps
970,CCT20_LILA_BC,59b61447-23d2-11e8-a6a3-ec086b02610b.jpg,raw/wildlife/59b61447-23d2-11e8-a6a3-ec086b02610b.jpg,deer,,CCT_Loc_26,Caltech_2018,2013-11-27 05:12:22,34.0522,-118.2437,CAM_26,6f28fd59-5567-11e8-99c4-dca9047ef277,https://lila.science/datasets/caltech-camera-traps
971,CCT20_LILA_BC,5a2178ef-23d2-11e8-a6a3-ec086b02610b.jpg,raw/wildlife/5a2178ef-23d2-11e8-a6a3-ec086b02610b.jpg,deer,,CCT_Loc_26,Caltech_2018,2014-08-02 12:58:32,34.0522,-118.2437,CAM_26,6f4c1505-5567-11e8-a6a2-dca9047ef277,https://lila.science/datasets/caltech-camera-traps
972,CCT20_LILA_BC,5a2c84f6-23d2-11e8-a6a3-ec086b02610b.jpg,raw/wildlife/5a2c84f6-23d2-11e8-a6a3-ec086b02610b.jpg,deer,,CCT_Loc_26,Caltech_2018,2014-04-27 07:29:38,34.0522,-118.2437,CAM_26,6f371c00-5567-11e8-8bee-dca9047ef277,https://lila.science/datasets/caltech-camera-traps
973,CCT20_LILA_BC,59849622-23d2-11e8-a6a3-ec086b02610b.jpg,raw/wildlife/59849622-23d2-11e8-a6a3-ec086b02610b.jpg,deer,,CCT_Loc_26,Caltech_2018,2013-10-03 06:19:28,34.0522,-118.2437,CAM_26,6f1f2dab-5567-11e8-a819-dca9047ef277,https://lila.science/datasets/caltech-camera-traps
974,CCT20_LILA_BC,5a16409b-23d2-11e8-a6a3-ec086b02610b.jpg,raw/wildlife/5a16409b-23d2-11e8-a6a3-ec086b02610b.jpg,deer,,CCT_Loc_26,Caltech_2018,2014-07-02 04:03:59,34.0522,-118.2437,CAM_26,6f49eeb8-5567-11e8-89ec-dca9047ef277,https://lila.science/datasets/caltech-camera-traps
975,CCT20_LILA_BC,5a1309c2-23d2-11e8-a6a3-ec086b02610b.jpg,raw/wildlife/5a1309c2-23d2-11e8-a6a3-ec086b02610b.jpg,deer,,CCT_Loc_26,Caltech_2018,2014-09-21 10:40:59,34.0522,-118.2437,CAM_26,6f4e210a-5567-11e8-b611-dca9047ef277,https://lila.science/datasets/caltech-camera-traps
976,CCT20_LILA_BC,59e918a3-23d2-11e8-a6a3-ec086b02610b.jpg,raw/wildlife/59e918a3-23d2-11e8-a6a3-ec086b02610b.jpg,deer,,CCT_Loc_26,Caltech_2018,2014-06-10 20:24:23,34.0522,-118.2437,CAM_26,6f46ef70-5567-11e8-b418-dca9047ef277,https://lila.science/datasets/caltech-camera-traps
977,CCT20_LILA_BC,596a4faa-23d2-11e8-a6a3-ec086b02610b.jpg,raw/wildlife/596a4faa-23d2-11e8-a6a3-ec086b02610b.jpg,deer,,CCT_Loc_26,Caltech_2018,2014-04-27 07:29:35,34.0522,-118.2437,CAM_26,6f371b68-5567-11e8-a83f-dca9047ef277,https://lila.science/datasets/caltech-camera-traps
978,CCT20_LILA_BC,59fae513-23d2-11e8-a6a3-ec086b02610b.jpg,raw/wildlife/59fae513-23d2-11e8-a6a3-ec086b02610b.jpg,deer,,CCT_Loc_26,Caltech_2018,2014-07-30 01:32:28,34.0522,-118.2437,CAM_26,6f4bb78c-5567-11e8-be37-dca9047ef277,https://lila.science/datasets/caltech-camera-traps
979,CCT20_LILA_BC,59ffbb73-23d2-11e8-a6a3-ec086b02610b.jpg,raw/wildlife/59ffbb73-23d2-11e8-a6a3-ec086b02610b.jpg,deer,,CCT_Loc_26,Caltech_2018,2014-08-29 19:48:17,34.0522,-118.2437,CAM_26,6f4d3007-5567-11e8-9518-dca9047ef277,https://lila.science/datasets/caltech-camera-traps
980,CCT20_LILA_BC,59a7bd7b-23d2-11e8-a6a3-ec086b02610b.jpg,raw/wildlife/59a7bd7b-23d2-11e8-a6a3-ec086b02610b.jpg,deer,,CCT_Loc_26,Caltech_2018,2014-08-02 01:09:04,34.0522,-118.2437,CAM_26,6f4c0ea6-5567-11e8-9627-dca9047ef277,https://lila.science/datasets/caltech-camera-traps
981,CCT20_LILA_BC,59e4418c-23d2-11e8-a6a3-ec086b02610b.jpg,raw/wildlife/59e4418c-23d2-11e8-a6a3-ec086b02610b.jpg,deer,,CCT_Loc_26,Caltech_2018,2014-08-10 14:08:48,34.0522,-118.2437,CAM_26,6f4c6db3-5567-11e8-ac94-dca9047ef277,https://lila.science/datasets/caltech-camera-traps
982,CCT20_LILA_BC,59f128c1-23d2-11e8-a6a3-ec086b02610b.jpg,raw/wildlife/59f128c1-23d2-11e8-a6a3-ec086b02610b.jpg,deer,,CCT_Loc_26,Caltech_2018,2014-09-21 10:41:14,34.0522,-118.2437,CAM_26,6f4e229c-5567-11e8-bf82-dca9047ef277,https://lila.science/datasets/caltech-camera-traps
983,CCT20_LILA_BC,599be8d1-23d2-11e8-a6a3-ec086b02610b.jpg,raw/wildlife/599be8d1-23d2-11e8-a6a3-ec086b02610b.jpg,deer,,CCT_Loc_26,Caltech_2018,2014-05-24 23:22:38,34.0522,-118.2437,CAM_26,6f42913d-5567-11e8-bf16-dca9047ef277,https://lila.science/datasets/caltech-camera-traps
984,CCT20_LILA_BC,59e77d81-23d2-11e8-a6a3-ec086b02610b.jpg,raw/wildlife/59e77d81-23d2-11e8-a6a3-ec086b02610b.jpg,deer,,CCT_Loc_26,Caltech_2018,2014-08-02 01:10:23,34.0522,-118.2437,CAM_26,6f4c0fab-5567-11e8-8d66-dca9047ef277,https://lila.science/datasets/caltech-camera-traps
985,CCT20_LILA_BC,59b13119-23d2-11e8-a6a3-ec086b02610b.jpg,raw/wildlife/59b13119-23d2-11e8-a6a3-ec086b02610b.jpg,deer,,CCT_Loc_26,Caltech_2018,2014-08-02 01:09:01,34.0522,-118.2437,CAM_26,6f4c0c9e-5567-11e8-af8e-dca9047ef277,https://lila.science/datasets/caltech-camera-traps
986,CCT20_LILA_BC,59ddc1ce-23d2-11e8-a6a3-ec086b02610b.jpg,raw/wildlife/59ddc1ce-23d2-11e8-a6a3-ec086b02610b.jpg,deer,,CCT_Loc_26,Caltech_2018,2014-07-24 15:59:18,34.0522,-118.2437,CAM_26,6f4b682b-5567-11e8-a910-dca9047ef277,https://lila.science/datasets/caltech-camera-traps
987,CCT20_LILA_BC,59a62b60-23d2-11e8-a6a3-ec086b02610b.jpg,raw/wildlife/59a62b60-23d2-11e8-a6a3-ec086b02610b.jpg,deer,,CCT_Loc_26,Caltech_2018,2013-11-27 05:12:11,34.0522,-118.2437,CAM_26,6f28fbf0-5567-11e8-9e8f-dca9047ef277,https://lila.science/datasets/caltech-camera-traps
988,CCT20_LILA_BC,597feea6-23d2-11e8-a6a3-ec086b02610b.jpg,raw/wildlife/597feea6-23d2-11e8-a6a3-ec086b02610b.jpg,deer,,CCT_Loc_26,Caltech_2018,2014-08-02 01:10:25,34.0522,-118.2437,CAM_26,6f4c102e-5567-11e8-b926-dca9047ef277,https://lila.science/datasets/caltech-camera-traps
989,CCT20_LILA_BC,59910557-23d2-11e8-a6a3-ec086b02610b.jpg,raw/wildlife/59910557-23d2-11e8-a6a3-ec086b02610b.jpg,deer,,CCT_Loc_26,Caltech_2018,2014-09-19 23:17:51,34.0522,-118.2437,CAM_26,6f4e1202-5567-11e8-904d-dca9047ef277,https://lila.science/datasets/caltech-camera-traps
990,CCT20_LILA_BC,59fc7e7b-23d2-11e8-a6a3-ec086b02610b.jpg,raw/wildlife/59fc7e7b-23d2-11e8-a6a3-ec086b02610b.jpg,deer,,CCT_Loc_26,Caltech_2018,2013-11-27 05:11:53,34.0522,-118.2437,CAM_26,6f28fb02-5567-11e8-b5b6-dca9047ef277,https://lila.science/datasets/caltech-camera-traps
991,CCT20_LILA_BC,5a27d804-23d2-11e8-a6a3-ec086b02610b.jpg,raw/wildlife/5a27d804-23d2-11e8-a6a3-ec086b02610b.jpg,deer,,CCT_Loc_26,Caltech_2018,2014-06-07 20:02:03,34.0522,-118.2437,CAM_26,6f45d0e3-5567-11e8-92e9-dca9047ef277,https://lila.science/datasets/caltech-camera-traps
992,CCT20_LILA_BC,59a17bd4-23d2-11e8-a6a3-ec086b02610b.jpg,raw/wildlife/59a17bd4-23d2-11e8-a6a3-ec086b02610b.jpg,deer,,CCT_Loc_26,Caltech_2018,2014-08-29 19:48:19,34.0522,-118.2437,CAM_26,6f4d3057-5567-11e8-8809-dca9047ef277,https://lila.science/datasets/caltech-camera-traps
993,CCT20_LILA_BC,597e63fb-23d2-11e8-a6a3-ec086b02610b.jpg,raw/wildlife/597e63fb-23d2-11e8-a6a3-ec086b02610b.jpg,deer,,CCT_Loc_26,Caltech_2018,2013-11-04 18:37:20,34.0522,-118.2437,CAM_26,6f27ef14-5567-11e8-8647-dca9047ef277,https://lila.science/datasets/caltech-camera-traps
994,CCT20_LILA_BC,59d8edc6-23d2-11e8-a6a3-ec086b02610b.jpg,raw/wildlife/59d8edc6-23d2-11e8-a6a3-ec086b02610b.jpg,deer,,CCT_Loc_26,Caltech_2018,2014-07-30 01:34:10,34.0522,-118.2437,CAM_26,6f4bb8fd-5567-11e8-b507-dca9047ef277,https://lila.science/datasets/caltech-camera-traps
995,CCT20_LILA_BC,59973d91-23d2-11e8-a6a3-ec086b02610b.jpg,raw/wildlife/59973d91-23d2-11e8-a6a3-ec086b02610b.jpg,deer,,CCT_Loc_26,Caltech_2018,2014-05-24 23:22:42,34.0522,-118.2437,CAM_26,6f429223-5567-11e8-a692-dca9047ef277,https://lila.science/datasets/caltech-camera-traps
996,CCT20_LILA_BC,59a7bd01-23d2-11e8-a6a3-ec086b02610b.jpg,raw/wildlife/59a7bd01-23d2-11e8-a6a3-ec086b02610b.jpg,deer,,CCT_Loc_26,Caltech_2018,2013-11-27 05:11:43,34.0522,-118.2437,CAM_26,6f28fa75-5567-11e8-a66f-dca9047ef277,https://lila.science/datasets/caltech-camera-traps
997,CCT20_LILA_BC,59d5b8ec-23d2-11e8-a6a3-ec086b02610b.jpg,raw/wildlife/59d5b8ec-23d2-11e8-a6a3-ec086b02610b.jpg,deer,,CCT_Loc_26,Caltech_2018,2014-08-31 19:44:00,34.0522,-118.2437,CAM_26,6f4d43a3-5567-11e8-a329-dca9047ef277,https://lila.science/datasets/caltech-camera-traps
998,CCT20_LILA_BC,59a49cf9-23d2-11e8-a6a3-ec086b02610b.jpg,raw/wildlife/59a49cf9-23d2-11e8-a6a3-ec086b02610b.jpg,deer,,CCT_Loc_26,Caltech_2018,2014-07-24 02:57:11,34.0522,-118.2437,CAM_26,6f4b580a-5567-11e8-8bdb-dca9047ef277,https://lila.science/datasets/caltech-camera-traps
999,CCT20_LILA_BC,599be7ed-23d2-11e8-a6a3-ec086b02610b.jpg,raw/wildlife/599be7ed-23d2-11e8-a6a3-ec086b02610b.jpg,deer,,CCT_Loc_26,Caltech_2018,2014-07-24 15:58:17,34.0522,-118.2437,CAM_26,6f4b6547-5567-11e8-ba0f-dca9047ef277,https://lila.science/datasets/caltech-camera-traps
1000,CCT20_LILA_BC,59be403a-23d2-11e8-a6a3-ec086b02610b.jpg,raw/wildlife/59be403a-23d2-11e8-a6a3-ec086b02610b.jpg,deer,,CCT_Loc_26,Caltech_2018,2014-07-02 04:03:33,34.0522,-118.2437,CAM_26,6f49edbd-5567-11e8-ad59-dca9047ef277,https://lila.science/datasets/caltech-camera-traps
1001,CCT20_LILA_BC,596ef0d7-23d2-11e8-a6a3-ec086b02610b.jpg,raw/wildlife/596ef0d7-23d2-11e8-a6a3-ec086b02610b.jpg,deer,,CCT_Loc_26,Caltech_2018,2014-06-27 01:53:40,34.0522,-118.2437,CAM_26,6f495847-5567-11e8-a4b4-dca9047ef277,https://lila.science/datasets/caltech-camera-traps
1002,CCT20_LILA_BC,598acf45-23d2-11e8-a6a3-ec086b02610b.jpg,raw/wildlife/598acf45-23d2-11e8-a6a3-ec086b02610b.jpg,deer,,CCT_Loc_26,Caltech_2018,2014-06-27 01:53:46,34.0522,-118.2437,CAM_26,6f495957-5567-11e8-9bd3-dca9047ef277,https://lila.science/datasets/caltech-camera-traps
1003,CCT20_LILA_BC,59a49a44-23d2-11e8-a6a3-ec086b02610b.jpg,raw/wildlife/59a49a44-23d2-11e8-a6a3-ec086b02610b.jpg,deer,,CCT_Loc_26,Caltech_2018,2013-11-04 17:25:46,34.0522,-118.2437,CAM_26,6f27ea0a-5567-11e8-8212-dca9047ef277,https://lila.science/datasets/caltech-camera-traps
1004,CCT20_LILA_BC,599be94a-23d2-11e8-a6a3-ec086b02610b.jpg,raw/wildlife/599be94a-23d2-11e8-a6a3-ec086b02610b.jpg,deer,,CCT_Loc_26,Caltech_2018,2014-04-27 07:29:29,34.0522,-118.2437,CAM_26,6f371ade-5567-11e8-a01d-dca9047ef277,https://lila.science/datasets/caltech-camera-traps
1005,CCT20_LILA_BC,59b7a961-23d2-11e8-a6a3-ec086b02610b.jpg,raw/wildlife/59b7a961-23d2-11e8-a6a3-ec086b02610b.jpg,deer,,CCT_Loc_26,Caltech_2018,2014-04-27 07:29:42,34.0522,-118.2437,CAM_26,6f371c8c-5567-11e8-b70e-dca9047ef277,https://lila.science/datasets/caltech-camera-traps
1006,CCT20_LILA_BC,59cb36be-23d2-11e8-a6a3-ec086b02610b.jpg,raw/wildlife/59cb36be-23d2-11e8-a6a3-ec086b02610b.jpg,deer,,CCT_Loc_26,Caltech_2018,2013-10-03 06:19:24,34.0522,-118.2437,CAM_26,6f1f2d1e-5567-11e8-9e71-dca9047ef277,https://lila.science/datasets/caltech-camera-traps
1007,CCT20_LILA_BC,5a2af40e-23d2-11e8-a6a3-ec086b02610b.jpg,raw/wildlife/5a2af40e-23d2-11e8-a6a3-ec086b02610b.jpg,deer,,CCT_Loc_26,Caltech_2018,2014-07-24 02:57:33,34.0522,-118.2437,CAM_26,6f4b59a3-5567-11e8-b79b-dca9047ef277,https://lila.science/datasets/caltech-camera-traps
1008,CCT20_LILA_BC,5a27d8fd-23d2-11e8-a6a3-ec086b02610b.jpg,raw/wildlife/5a27d8fd-23d2-11e8-a6a3-ec086b02610b.jpg,deer,,CCT_Loc_26,Caltech_2018,2014-06-27 01:25:37,34.0522,-118.2437,CAM_26,6f49579e-5567-11e8-a807-dca9047ef277,https://lila.science/datasets/caltech-camera-traps
1009,CCT20_LILA_BC,5968bf45-23d2-11e8-a6a3-ec086b02610b.jpg,raw/wildlife/5968bf45-23d2-11e8-a6a3-ec086b02610b.jpg,deer,,CCT_Loc_26,Caltech_2018,2014-06-07 20:01:48,34.0522,-118.2437,CAM_26,6f45d04c-5567-11e8-8504-dca9047ef277,https://lila.science/datasets/caltech-camera-traps
1010,CCT20_LILA_BC,59be40df-23d2-11e8-a6a3-ec086b02610b.jpg,raw/wildlife/59be40df-23d2-11e8-a6a3-ec086b02610b.jpg,deer,,CCT_Loc_26,Caltech_2018,2014-08-29 19:48:04,34.0522,-118.2437,CAM_26,6f4d2cb5-5567-11e8-812f-dca9047ef277,https://lila.science/datasets/caltech-camera-traps
1011,CCT20_LILA_BC,5a116c60-23d2-11e8-a6a3-ec086b02610b.jpg,raw/wildlife/5a116c60-23d2-11e8-a6a3-ec086b02610b.jpg,deer,,CCT_Loc_26,Caltech_2018,2014-08-29 19:48:06,34.0522,-118.2437,CAM_26,6f4d2d07-5567-11e8-91e6-dca9047ef277,https://lila.science/datasets/caltech-camera-traps
1012,CCT20_LILA_BC,5a14a50d-23d2-11e8-a6a3-ec086b02610b.jpg,raw/wildlife/5a14a50d-23d2-11e8-a6a3-ec086b02610b.jpg,deer,,CCT_Loc_26,Caltech_2018,2013-11-27 05:12:07,34.0522,-118.2437,CAM_26,6f28fb51-5567-11e8-b66b-dca9047ef277,https://lila.science/datasets/caltech-camera-traps
1013,CCT20_LILA_BC,59e2a54e-23d2-11e8-a6a3-ec086b02610b.jpg,raw/wildlife/59e2a54e-23d2-11e8-a6a3-ec086b02610b.jpg,deer,,CCT_Loc_26,Caltech_2018,2013-11-27 05:12:16,34.0522,-118.2437,CAM_26,6f28fcc5-5567-11e8-abd3-dca9047ef277,https://lila.science/datasets/caltech-camera-traps
1014,CCT20_LILA_BC,59dc26dd-23d2-11e8-a6a3-ec086b02610b.jpg,raw/wildlife/59dc26dd-23d2-11e8-a6a3-ec086b02610b.jpg,deer,,CCT_Loc_26,Caltech_2018,2014-06-27 01:53:41,34.0522,-118.2437,CAM_26,6f4958a1-5567-11e8-9570-dca9047ef277,https://lila.science/datasets/caltech-camera-traps
1015,CCT20_LILA_BC,59c80465-23d2-11e8-a6a3-ec086b02610b.jpg,raw/wildlife/59c80465-23d2-11e8-a6a3-ec086b02610b.jpg,deer,,CCT_Loc_26,Caltech_2018,2014-07-24 02:57:31,34.0522,-118.2437,CAM_26,6f4b5954-5567-11e8-85d9-dca9047ef277,https://lila.science/datasets/caltech-camera-traps
1016,CCT20_LILA_BC,59817c9c-23d2-11e8-a6a3-ec086b02610b.jpg,raw/wildlife/59817c9c-23d2-11e8-a6a3-ec086b02610b.jpg,deer,,CCT_Loc_26,Caltech_2018,2014-08-01 05:30:41,34.0522,-118.2437,CAM_26,6f4be52b-5567-11e8-8b86-dca9047ef277,https://lila.science/datasets/caltech-camera-traps
1017,CCT20_LILA_BC,59af98b2-23d2-11e8-a6a3-ec086b02610b.jpg,raw/wildlife/59af98b2-23d2-11e8-a6a3-ec086b02610b.jpg,deer,,CCT_Loc_26,Caltech_2018,2013-10-03 19:36:50,34.0522,-118.2437,CAM_26,6f1f31d9-5567-11e8-afcb-dca9047ef277,https://lila.science/datasets/caltech-camera-traps
1018,CCT20_LILA_BC,5971f834-23d2-11e8-a6a3-ec086b02610b.jpg,raw/wildlife/5971f834-23d2-11e8-a6a3-ec086b02610b.jpg,deer,,CCT_Loc_26,Caltech_2018,2014-09-21 10:41:05,34.0522,-118.2437,CAM_26,6f4e2242-5567-11e8-b07a-dca9047ef277,https://lila.science/datasets/caltech-camera-traps
1019,CCT20_LILA_BC,5a116e6d-23d2-11e8-a6a3-ec086b02610b.jpg,raw/wildlife/5a116e6d-23d2-11e8-a6a3-ec086b02610b.jpg,deer,,CCT_Loc_26,Caltech_2018,2014-07-02 04:04:45,34.0522,-118.2437,CAM_26,6f49f063-5567-11e8-bf22-dca9047ef277,https://lila.science/datasets/caltech-camera-traps
1020,CCT20_LILA_BC,59fae5e3-23d2-11e8-a6a3-ec086b02610b.jpg,raw/wildlife/59fae5e3-23d2-11e8-a6a3-ec086b02610b.jpg,deer,,CCT_Loc_26,Caltech_2018,2013-11-04 18:37:16,34.0522,-118.2437,CAM_26,6f27ee87-5567-11e8-98a3-dca9047ef277,https://lila.science/datasets/caltech-camera-traps
1021,CCT20_LILA_BC,5a1b1676-23d2-11e8-a6a3-ec086b02610b.jpg,raw/wildlife/5a1b1676-23d2-11e8-a6a3-ec086b02610b.jpg,deer,,CCT_Loc_26,Caltech_2018,2014-07-14 15:36:30,34.0522,-118.2437,CAM_26,6f4ad2b8-5567-11e8-bc05-dca9047ef277,https://lila.science/datasets/caltech-camera-traps
1022,CCT20_LILA_BC,598ace2a-23d2-11e8-a6a3-ec086b02610b.jpg,raw/wildlife/598ace2a-23d2-11e8-a6a3-ec086b02610b.jpg,deer,,CCT_Loc_26,Caltech_2018,2013-10-03 19:37:15,34.0522,-118.2437,CAM_26,6f1f3342-5567-11e8-ade2-dca9047ef277,https://lila.science/datasets/caltech-camera-traps
1023,CCT20_LILA_BC,5965aa86-23d2-11e8-a6a3-ec086b02610b.jpg,raw/wildlife/5965aa86-23d2-11e8-a6a3-ec086b02610b.jpg,deer,,CCT_Loc_26,Caltech_2018,2014-08-10 14:09:26,34.0522,-118.2437,CAM_26,6f4c6eab-5567-11e8-9a71-dca9047ef277,https://lila.science/datasets/caltech-camera-traps
1024,CCT20_LILA_BC,59da8cc0-23d2-11e8-a6a3-ec086b02610b.jpg,raw/wildlife/59da8cc0-23d2-11e8-a6a3-ec086b02610b.jpg,deer,,CCT_Loc_26,Caltech_2018,2013-11-04 17:26:03,34.0522,-118.2437,CAM_26,6f27ea4f-5567-11e8-a348-dca9047ef277,https://lila.science/datasets/caltech-camera-traps
1025,CCT20_LILA_BC,599be739-23d2-11e8-a6a3-ec086b02610b.jpg,raw/wildlife/599be739-23d2-11e8-a6a3-ec086b02610b.jpg,deer,,CCT_Loc_26,Caltech_2018,2014-09-21 10:41:00,34.0522,-118.2437,CAM_26,6f4e217a-5567-11e8-8322-dca9047ef277,https://lila.science/datasets/caltech-camera-traps
1026,CCT20_LILA_BC,59c803fe-23d2-11e8-a6a3-ec086b02610b.jpg,raw/wildlife/59c803fe-23d2-11e8-a6a3-ec086b02610b.jpg,deer,,CCT_Loc_26,Caltech_2018,2014-07-02 04:01:16,34.0522,-118.2437,CAM_26,6f49eceb-5567-11e8-94f1-dca9047ef277,https://lila.science/datasets/caltech-camera-traps
1027,CCT20_LILA_BC,597e6227-23d2-11e8-a6a3-ec086b02610b.jpg,raw/wildlife/597e6227-23d2-11e8-a6a3-ec086b02610b.jpg,deer,,CCT_Loc_26,Caltech_2018,2014-07-14 15:35:54,34.0522,-118.2437,CAM_26,6f4ad0b0-5567-11e8-bbca-dca9047ef277,https://lila.science/datasets/caltech-camera-traps
1028,CCT20_LILA_BC,5a0969d8-23d2-11e8-a6a3-ec086b02610b.jpg,raw/wildlife/5a0969d8-23d2-11e8-a6a3-ec086b02610b.jpg,deer,,CCT_Loc_26,Caltech_2018,2013-10-03 19:36:53,34.0522,-118.2437,CAM_26,6f1f3263-5567-11e8-9e87-dca9047ef277,https://lila.science/datasets/caltech-camera-traps
1029,CCT20_LILA_BC,59b2eb19-23d2-11e8-a6a3-ec086b02610b.jpg,raw/wildlife/59b2eb19-23d2-11e8-a6a3-ec086b02610b.jpg,deer,,CCT_Loc_26,Caltech_2018,2014-04-27 07:29:36,34.0522,-118.2437,CAM_26,6f371bba-5567-11e8-a485-dca9047ef277,https://lila.science/datasets/caltech-camera-traps
1030,CCT20_LILA_BC,596bd96b-23d2-11e8-a6a3-ec086b02610b.jpg,raw/wildlife/596bd96b-23d2-11e8-a6a3-ec086b02610b.jpg,deer,,CCT_Loc_26,Caltech_2018,2013-10-19 07:14:12,34.0522,-118.2437,CAM_26,6f27697d-5567-11e8-a79a-dca9047ef277,https://lila.science/datasets/caltech-camera-traps
1031,CCT20_LILA_BC,59c99d88-23d2-11e8-a6a3-ec086b02610b.jpg,raw/wildlife/59c99d88-23d2-11e8-a6a3-ec086b02610b.jpg,deer,,CCT_Loc_26,Caltech_2018,2014-08-29 19:48:08,34.0522,-118.2437,CAM_26,6f4d2d54-5567-11e8-b7b9-dca9047ef277,https://lila.science/datasets/caltech-camera-traps
1032,CCT20_LILA_BC,599d7b9c-23d2-11e8-a6a3-ec086b02610b.jpg,raw/wildlife/599d7b9c-23d2-11e8-a6a3-ec086b02610b.jpg,deer,,CCT_Loc_26,Caltech_2018,2014-08-29 19:48:16,34.0522,-118.2437,CAM_26,6f4d2fae-5567-11e8-91fb-dca9047ef277,https://lila.science/datasets/caltech-camera-traps
1033,CCT20_LILA_BC,59f5fd40-23d2-11e8-a6a3-ec086b02610b.jpg,raw/wildlife/59f5fd40-23d2-11e8-a6a3-ec086b02610b.jpg,deer,,CCT_Loc_26,Caltech_2018,2014-06-07 20:02:01,34.0522,-118.2437,CAM_26,6f45d09c-5567-11e8-bda0-dca9047ef277,https://lila.science/datasets/caltech-camera-traps
1034,CCT20_LILA_BC,5a0affc2-23d2-11e8-a6a3-ec086b02610b.jpg,raw/wildlife/5a0affc2-23d2-11e8-a6a3-ec086b02610b.jpg,deer,,CCT_Loc_26,Caltech_2018,2014-07-24 15:59:14,34.0522,-118.2437,CAM_26,6f4b678c-5567-11e8-8444-dca9047ef277,https://lila.science/datasets/caltech-camera-traps
1035,CCT20_LILA_BC,59fe2113-23d2-11e8-a6a3-ec086b02610b.jpg,raw/wildlife/59fe2113-23d2-11e8-a6a3-ec086b02610b.jpg,deer,,CCT_Loc_26,Caltech_2018,2014-08-28 12:15:40,34.0522,-118.2437,CAM_26,6f4d20f5-5567-11e8-8df2-dca9047ef277,https://lila.science/datasets/caltech-camera-traps
1036,CCT20_LILA_BC,5a0b02f4-23d2-11e8-a6a3-ec086b02610b.jpg,raw/wildlife/5a0b02f4-23d2-11e8-a6a3-ec086b02610b.jpg,deer,,CCT_Loc_26,Caltech_2018,2014-08-27 13:31:56,34.0522,-118.2437,CAM_26,6f4d1833-5567-11e8-a735-dca9047ef277,https://lila.science/datasets/caltech-camera-traps
1037,CCT20_LILA_BC,597831fa-23d2-11e8-a6a3-ec086b02610b.jpg,raw/wildlife/597831fa-23d2-11e8-a6a3-ec086b02610b.jpg,deer,,CCT_Loc_26,Caltech_2018,2014-09-21 10:41:02,34.0522,-118.2437,CAM_26,6f4e21de-5567-11e8-adbe-dca9047ef277,https://lila.science/datasets/caltech-camera-traps
1038,CCT20_LILA_BC,59d41bab-23d2-11e8-a6a3-ec086b02610b.jpg,raw/wildlife/59d41bab-23d2-11e8-a6a3-ec086b02610b.jpg,deer,,CCT_Loc_26,Caltech_2018,2014-07-24 15:58:05,34.0522,-118.2437,CAM_26,6f4b63b8-5567-11e8-920a-dca9047ef277,https://lila.science/datasets/caltech-camera-traps
1039,CCT20_LILA_BC,5a197ae8-23d2-11e8-a6a3-ec086b02610b.jpg,raw/wildlife/5a197ae8-23d2-11e8-a6a3-ec086b02610b.jpg,deer,,CCT_Loc_26,Caltech_2018,2013-11-04 18:37:42,34.0522,-118.2437,CAM_26,6f27f111-5567-11e8-88cc-dca9047ef277,https://lila.science/datasets/caltech-camera-traps
1040,CCT20_LILA_BC,5a0e37be-23d2-11e8-a6a3-ec086b02610b.jpg,raw/wildlife/5a0e37be-23d2-11e8-a6a3-ec086b02610b.jpg,deer,,CCT_Loc_26,Caltech_2018,2014-07-06 07:32:09,34.0522,-118.2437,CAM_26,6f4a40a8-5567-11e8-a2c2-dca9047ef277,https://lila.science/datasets/caltech-camera-traps
1041,CCT20_LILA_BC,5a0494e1-23d2-11e8-a6a3-ec086b02610b.jpg,raw/wildlife/5a0494e1-23d2-11e8-a6a3-ec086b02610b.jpg,deer,,CCT_Loc_26,Caltech_2018,2013-10-03 19:38:23,34.0522,-118.2437,CAM_26,6f1f364f-5567-11e8-834e-dca9047ef277,https://lila.science/datasets/caltech-camera-traps
1042,CCT20_LILA_BC,58ff0cef-23d2-11e8-a6a3-ec086b02610b.jpg,raw/wildlife/58ff0cef-23d2-11e8-a6a3-ec086b02610b.jpg,coyote,,CCT_Loc_75,Caltech_2018,2011-11-03 07:34:17,34.0522,-118.2437,CAM_75,6efd5a23-5567-11e8-9647-dca9047ef277,https://lila.science/datasets/caltech-camera-traps
1043,CCT20_LILA_BC,58ddd7d6-23d2-11e8-a6a3-ec086b02610b.jpg,raw/wildlife/58ddd7d6-23d2-11e8-a6a3-ec086b02610b.jpg,coyote,,CCT_Loc_75,Caltech_2018,2011-11-03 07:35:24,34.0522,-118.2437,CAM_75,6efd5aa3-5567-11e8-9b13-dca9047ef277,https://lila.science/datasets/caltech-camera-traps
1044,CCT20_LILA_BC,590b9bbe-23d2-11e8-a6a3-ec086b02610b.jpg,raw/wildlife/590b9bbe-23d2-11e8-a6a3-ec086b02610b.jpg,coyote,,CCT_Loc_75,Caltech_2018,2011-11-03 06:53:10,34.0522,-118.2437,CAM_75,6efd59c0-5567-11e8-ba8e-dca9047ef277,https://lila.science/datasets/caltech-camera-traps
1045,CCT20_LILA_BC,5911d78b-23d2-11e8-a6a3-ec086b02610b.jpg,raw/wildlife/5911d78b-23d2-11e8-a6a3-ec086b02610b.jpg,coyote,,CCT_Loc_75,Caltech_2018,2011-11-03 07:36:35,34.0522,-118.2437,CAM_75,6efd5c40-5567-11e8-84be-dca9047ef277,https://lila.science/datasets/caltech-camera-traps
1046,CCT20_LILA_BC,5858c111-23d2-11e8-a6a3-ec086b02610b.jpg,raw/wildlife/5858c111-23d2-11e8-a6a3-ec086b02610b.jpg,coyote,,CCT_Loc_75,Caltech_2018,2011-11-03 07:36:15,34.0522,-118.2437,CAM_75,6efd5b28-5567-11e8-930e-dca9047ef277,https://lila.science/datasets/caltech-camera-traps
1047,CCT20_LILA_BC,588096d8-23d2-11e8-a6a3-ec086b02610b.jpg,raw/wildlife/588096d8-23d2-11e8-a6a3-ec086b02610b.jpg,coyote,,CCT_Loc_75,Caltech_2018,2011-11-03 07:36:17,34.0522,-118.2437,CAM_75,6efd5b28-5567-11e8-930e-dca9047ef277,https://lila.science/datasets/caltech-camera-traps
1048,CCT20_LILA_BC,592c4caa-23d2-11e8-a6a3-ec086b02610b.jpg,raw/wildlife/592c4caa-23d2-11e8-a6a3-ec086b02610b.jpg,coyote,,CCT_Loc_75,Caltech_2018,2011-11-03 07:35:25,34.0522,-118.2437,CAM_75,6efd5aa3-5567-11e8-9b13-dca9047ef277,https://lila.science/datasets/caltech-camera-traps
1049,CCT20_LILA_BC,5949ceb1-23d2-11e8-a6a3-ec086b02610b.jpg,raw/wildlife/5949ceb1-23d2-11e8-a6a3-ec086b02610b.jpg,coyote,,CCT_Loc_75,Caltech_2018,2011-11-10 09:18:48,34.0522,-118.2437,CAM_75,6efd5e85-5567-11e8-9592-dca9047ef277,https://lila.science/datasets/caltech-camera-traps
1050,CCT20_LILA_BC,5911d7d2-23d2-11e8-a6a3-ec086b02610b.jpg,raw/wildlife/5911d7d2-23d2-11e8-a6a3-ec086b02610b.jpg,coyote,,CCT_Loc_75,Caltech_2018,2011-11-03 06:53:05,34.0522,-118.2437,CAM_75,6efd5951-5567-11e8-b90d-dca9047ef277,https://lila.science/datasets/caltech-camera-traps
1051,CCT20_LILA_BC,58e7253f-23d2-11e8-a6a3-ec086b02610b.jpg,raw/wildlife/58e7253f-23d2-11e8-a6a3-ec086b02610b.jpg,coyote,,CCT_Loc_75,Caltech_2018,2011-11-03 07:34:19,34.0522,-118.2437,CAM_75,6efd5a23-5567-11e8-9647-dca9047ef277,https://lila.science/datasets/caltech-camera-traps
1052,CCT20_LILA_BC,58f294c6-23d2-11e8-a6a3-ec086b02610b.jpg,raw/wildlife/58f294c6-23d2-11e8-a6a3-ec086b02610b.jpg,coyote,,CCT_Loc_75,Caltech_2018,2011-11-03 07:36:26,34.0522,-118.2437,CAM_75,6efd5bbd-5567-11e8-8fa7-dca9047ef277,https://lila.science/datasets/caltech-camera-traps
1053,CCT20_LILA_BC,5914f0d4-23d2-11e8-a6a3-ec086b02610b.jpg,raw/wildlife/5914f0d4-23d2-11e8-a6a3-ec086b02610b.jpg,coyote,,CCT_Loc_75,Caltech_2018,2011-11-10 09:18:46,34.0522,-118.2437,CAM_75,6efd5e21-5567-11e8-95ab-dca9047ef277,https://lila.science/datasets/caltech-camera-traps
1054,CCT20_LILA_BC,58693517-23d2-11e8-a6a3-ec086b02610b.jpg,raw/wildlife/58693517-23d2-11e8-a6a3-ec086b02610b.jpg,coyote,,CCT_Loc_75,Caltech_2018,2011-11-10 09:18:50,34.0522,-118.2437,CAM_75,6efd5e85-5567-11e8-9592-dca9047ef277,https://lila.science/datasets/caltech-camera-traps
1055,CCT20_LILA_BC,5906f235-23d2-11e8-a6a3-ec086b02610b.jpg,raw/wildlife/5906f235-23d2-11e8-a6a3-ec086b02610b.jpg,coyote,,CCT_Loc_75,Caltech_2018,2011-11-03 07:36:34,34.0522,-118.2437,CAM_75,6efd5c40-5567-11e8-84be-dca9047ef277,https://lila.science/datasets/caltech-camera-traps
1056,CCT20_LILA_BC,592ac0a0-23d2-11e8-a6a3-ec086b02610b.jpg,raw/wildlife/592ac0a0-23d2-11e8-a6a3-ec086b02610b.jpg,coyote,,CCT_Loc_75,Caltech_2018,2011-11-03 06:53:06,34.0522,-118.2437,CAM_75,6efd5951-5567-11e8-b90d-dca9047ef277,https://lila.science/datasets/caltech-camera-traps
1057,CCT20_LILA_BC,58ff0e45-23d2-11e8-a6a3-ec086b02610b.jpg,raw/wildlife/58ff0e45-23d2-11e8-a6a3-ec086b02610b.jpg,coyote,,CCT_Loc_75,Caltech_2018,2011-11-10 09:18:45,34.0522,-118.2437,CAM_75,6efd5e21-5567-11e8-95ab-dca9047ef277,https://lila.science/datasets/caltech-camera-traps
1058,CCT20_LILA_BC,5911d73e-23d2-11e8-a6a3-ec086b02610b.jpg,raw/wildlife/5911d73e-23d2-11e8-a6a3-ec086b02610b.jpg,coyote,,CCT_Loc_75,Caltech_2018,2011-11-10 09:18:47,34.0522,-118.2437,CAM_75,6efd5e21-5567-11e8-95ab-dca9047ef277,https://lila.science/datasets/caltech-camera-traps
1059,CCT20_LILA_BC,58ac0c16-23d2-11e8-a6a3-ec086b02610b.jpg,raw/wildlife/58ac0c16-23d2-11e8-a6a3-ec086b02610b.jpg,coyote,,CCT_Loc_75,Caltech_2018,2011-11-03 06:53:09,34.0522,-118.2437,CAM_75,6efd59c0-5567-11e8-ba8e-dca9047ef277,https://lila.science/datasets/caltech-camera-traps
1060,CCT20_LILA_BC,585f4f49-23d2-11e8-a6a3-ec086b02610b.jpg,raw/wildlife/585f4f49-23d2-11e8-a6a3-ec086b02610b.jpg,coyote,,CCT_Loc_75,Caltech_2018,2011-11-03 07:35:26,34.0522,-118.2437,CAM_75,6efd5aa3-5567-11e8-9b13-dca9047ef277,https://lila.science/datasets/caltech-camera-traps
1061,CCT20_LILA_BC,5946b854-23d2-11e8-a6a3-ec086b02610b.jpg,raw/wildlife/5946b854-23d2-11e8-a6a3-ec086b02610b.jpg,coyote,,CCT_Loc_75,Caltech_2018,2011-11-03 07:36:36,34.0522,-118.2437,CAM_75,6efd5c40-5567-11e8-84be-dca9047ef277,https://lila.science/datasets/caltech-camera-traps
1062,CCT20_LILA_BC,5949cee2-23d2-11e8-a6a3-ec086b02610b.jpg,raw/wildlife/5949cee2-23d2-11e8-a6a3-ec086b02610b.jpg,coyote,,CCT_Loc_75,Caltech_2018,2011-11-03 07:34:20,34.0522,-118.2437,CAM_75,6efd5a23-5567-11e8-9647-dca9047ef277,https://lila.science/datasets/caltech-camera-traps
1063,CCT20_LILA_BC,58c97c41-23d2-11e8-a6a3-ec086b02610b.jpg,raw/wildlife/58c97c41-23d2-11e8-a6a3-ec086b02610b.jpg,coyote,,CCT_Loc_75,Caltech_2018,2011-11-10 09:18:49,34.0522,-118.2437,CAM_75,6efd5e85-5567-11e8-9592-dca9047ef277,https://lila.science/datasets/caltech-camera-traps
1064,CCT20_LILA_BC,5860ed64-23d2-11e8-a6a3-ec086b02610b.jpg,raw/wildlife/5860ed64-23d2-11e8-a6a3-ec086b02610b.jpg,coyote,,CCT_Loc_75,Caltech_2018,2011-11-03 07:36:27,34.0522,-118.2437,CAM_75,6efd5bbd-5567-11e8-8fa7-dca9047ef277,https://lila.science/datasets/caltech-camera-traps
1065,CCT20_LILA_BC,590881e8-23d2-11e8-a6a3-ec086b02610b.jpg,raw/wildlife/590881e8-23d2-11e8-a6a3-ec086b02610b.jpg,coyote,,CCT_Loc_75,Caltech_2018,2011-11-03 07:36:16,34.0522,-118.2437,CAM_75,6efd5b28-5567-11e8-930e-dca9047ef277,https://lila.science/datasets/caltech-camera-traps
1066,CCT20_LILA_BC,589e6760-23d2-11e8-a6a3-ec086b02610b.jpg,raw/wildlife/589e6760-23d2-11e8-a6a3-ec086b02610b.jpg,coyote,,CCT_Loc_75,Caltech_2018,2011-11-03 06:53:07,34.0522,-118.2437,CAM_75,6efd5951-5567-11e8-b90d-dca9047ef277,https://lila.science/datasets/caltech-camera-traps
1067,CCT20_LILA_BC,592f6fd4-23d2-11e8-a6a3-ec086b02610b.jpg,raw/wildlife/592f6fd4-23d2-11e8-a6a3-ec086b02610b.jpg,coyote,,CCT_Loc_75,Caltech_2018,2011-11-03 06:53:08,34.0522,-118.2437,CAM_75,6efd59c0-5567-11e8-ba8e-dca9047ef277,https://lila.science/datasets/caltech-camera-traps
1068,CCT20_LILA_BC,5922ed16-23d2-11e8-a6a3-ec086b02610b.jpg,raw/wildlife/5922ed16-23d2-11e8-a6a3-ec086b02610b.jpg,coyote,,CCT_Loc_75,Caltech_2018,2011-11-03 07:36:25,34.0522,-118.2437,CAM_75,6efd5bbd-5567-11e8-8fa7-dca9047ef277,https://lila.science/datasets/caltech-camera-traps
1069,CCT20_LILA_BC,58a6e69e-23d2-11e8-a6a3-ec086b02610b.jpg,raw/wildlife/58a6e69e-23d2-11e8-a6a3-ec086b02610b.jpg,coyote,,CCT_Loc_75,Caltech_2018,2012-06-11 15:42:02,34.0522,-118.2437,CAM_75,6efe39e3-5567-11e8-90ff-dca9047ef277,https://lila.science/datasets/caltech-camera-traps
1070,CCT20_LILA_BC,58e0f64d-23d2-11e8-a6a3-ec086b02610b.jpg,raw/wildlife/58e0f64d-23d2-11e8-a6a3-ec086b02610b.jpg,coyote,,CCT_Loc_75,Caltech_2018,2012-06-11 15:42:01,34.0522,-118.2437,CAM_75,6efe39e3-5567-11e8-90ff-dca9047ef277,https://lila.science/datasets/caltech-camera-traps
1071,CCT20_LILA_BC,59180a86-23d2-11e8-a6a3-ec086b02610b.jpg,raw/wildlife/59180a86-23d2-11e8-a6a3-ec086b02610b.jpg,coyote,,CCT_Loc_75,Caltech_2018,2012-06-11 15:42:03,34.0522,-118.2437,CAM_75,6efe39e3-5567-11e8-90ff-dca9047ef277,https://lila.science/datasets/caltech-camera-traps
1072,CCT20_LILA_BC,5892b673-23d2-11e8-a6a3-ec086b02610b.jpg,raw/wildlife/5892b673-23d2-11e8-a6a3-ec086b02610b.jpg,coyote,,CCT_Loc_75,Caltech_2018,2012-01-03 21:01:21,34.0522,-118.2437,CAM_75,6efd7aeb-5567-11e8-a293-dca9047ef277,https://lila.science/datasets/caltech-camera-traps
1073,CCT20_LILA_BC,58d47f98-23d2-11e8-a6a3-ec086b02610b.jpg,raw/wildlife/58d47f98-23d2-11e8-a6a3-ec086b02610b.jpg,coyote,,CCT_Loc_75,Caltech_2018,2012-01-03 21:00:28,34.0522,-118.2437,CAM_75,6efd7a66-5567-11e8-bbf1-dca9047ef277,https://lila.science/datasets/caltech-camera-traps
1074,CCT20_LILA_BC,586438c5-23d2-11e8-a6a3-ec086b02610b.jpg,raw/wildlife/586438c5-23d2-11e8-a6a3-ec086b02610b.jpg,coyote,,CCT_Loc_75,Caltech_2018,2012-01-03 21:00:26,34.0522,-118.2437,CAM_75,6efd7a66-5567-11e8-bbf1-dca9047ef277,https://lila.science/datasets/caltech-camera-traps
1075,CCT20_LILA_BC,58fbedb4-23d2-11e8-a6a3-ec086b02610b.jpg,raw/wildlife/58fbedb4-23d2-11e8-a6a3-ec086b02610b.jpg,coyote,,CCT_Loc_75,Caltech_2018,2012-01-03 21:01:23,34.0522,-118.2437,CAM_75,6efd7aeb-5567-11e8-a293-dca9047ef277,https://lila.science/datasets/caltech-camera-traps
1076,CCT20_LILA_BC,58718698-23d2-11e8-a6a3-ec086b02610b.jpg,raw/wildlife/58718698-23d2-11e8-a6a3-ec086b02610b.jpg,coyote,,CCT_Loc_75,Caltech_2018,2012-01-03 21:01:22,34.0522,-118.2437,CAM_75,6efd7aeb-5567-11e8-a293-dca9047ef277,https://lila.science/datasets/caltech-camera-traps
1077,CCT20_LILA_BC,5931009f-23d2-11e8-a6a3-ec086b02610b.jpg,raw/wildlife/5931009f-23d2-11e8-a6a3-ec086b02610b.jpg,coyote,,CCT_Loc_75,Caltech_2018,2011-10-31 13:30:43,34.0522,-118.2437,CAM_75,6efd581c-5567-11e8-8250-dca9047ef277,https://lila.science/datasets/caltech-camera-traps
1078,CCT20_LILA_BC,58b8216b-23d2-11e8-a6a3-ec086b02610b.jpg,raw/wildlife/58b8216b-23d2-11e8-a6a3-ec086b02610b.jpg,coyote,,CCT_Loc_75,Caltech_2018,2011-10-31 13:30:41,34.0522,-118.2437,CAM_75,6efd581c-5567-11e8-8250-dca9047ef277,https://lila.science/datasets/caltech-camera-traps
1079,CCT20_LILA_BC,5892b3b9-23d2-11e8-a6a3-ec086b02610b.jpg,raw/wildlife/5892b3b9-23d2-11e8-a6a3-ec086b02610b.jpg,coyote,,CCT_Loc_75,Caltech_2018,2011-10-31 13:30:42,34.0522,-118.2437,CAM_75,6efd581c-5567-11e8-8250-dca9047ef277,https://lila.science/datasets/caltech-camera-traps
1080,CCT20_LILA_BC,59e441f4-23d2-11e8-a6a3-ec086b02610b.jpg,raw/wildlife/59e441f4-23d2-11e8-a6a3-ec086b02610b.jpg,coyote,,CCT_Loc_38,Caltech_2018,2011-12-01 07:16:44,34.0522,-118.2437,CAM_38,6f01175c-5567-11e8-989a-dca9047ef277,https://lila.science/datasets/caltech-camera-traps
1081,CCT20_LILA_BC,59e44165-23d2-11e8-a6a3-ec086b02610b.jpg,raw/wildlife/59e44165-23d2-11e8-a6a3-ec086b02610b.jpg,coyote,,CCT_Loc_38,Caltech_2018,2011-11-13 03:40:59,34.0522,-118.2437,CAM_38,6f00bd5e-5567-11e8-b6a3-dca9047ef277,https://lila.science/datasets/caltech-camera-traps
1082,CCT20_LILA_BC,5a14a4ec-23d2-11e8-a6a3-ec086b02610b.jpg,raw/wildlife/5a14a4ec-23d2-11e8-a6a3-ec086b02610b.jpg,coyote,,CCT_Loc_38,Caltech_2018,2011-11-13 03:40:57,34.0522,-118.2437,CAM_38,6f00bd5e-5567-11e8-b6a3-dca9047ef277,https://lila.science/datasets/caltech-camera-traps
1083,CCT20_LILA_BC,59c669d9-23d2-11e8-a6a3-ec086b02610b.jpg,raw/wildlife/59c669d9-23d2-11e8-a6a3-ec086b02610b.jpg,coyote,,CCT_Loc_38,Caltech_2018,2011-11-13 03:41:11,34.0522,-118.2437,CAM_38,6f00bdde-5567-11e8-b2a0-dca9047ef277,https://lila.science/datasets/caltech-camera-traps
1084,CCT20_LILA_BC,5a263b0d-23d2-11e8-a6a3-ec086b02610b.jpg,raw/wildlife/5a263b0d-23d2-11e8-a6a3-ec086b02610b.jpg,coyote,,CCT_Loc_38,Caltech_2018,2011-11-13 03:40:58,34.0522,-118.2437,CAM_38,6f00bd5e-5567-11e8-b6a3-dca9047ef277,https://lila.science/datasets/caltech-camera-traps
1085,CCT20_LILA_BC,5a27d942-23d2-11e8-a6a3-ec086b02610b.jpg,raw/wildlife/5a27d942-23d2-11e8-a6a3-ec086b02610b.jpg,coyote,,CCT_Loc_38,Caltech_2018,2011-11-30 23:20:13,34.0522,-118.2437,CAM_38,6f01147a-5567-11e8-a3c6-dca9047ef277,https://lila.science/datasets/caltech-camera-traps
1086,CCT20_LILA_BC,59b4840f-23d2-11e8-a6a3-ec086b02610b.jpg,raw/wildlife/59b4840f-23d2-11e8-a6a3-ec086b02610b.jpg,coyote,,CCT_Loc_38,Caltech_2018,2011-12-01 07:16:45,34.0522,-118.2437,CAM_38,6f01175c-5567-11e8-989a-dca9047ef277,https://lila.science/datasets/caltech-camera-traps
1087,CCT20_LILA_BC,59da8a10-23d2-11e8-a6a3-ec086b02610b.jpg,raw/wildlife/59da8a10-23d2-11e8-a6a3-ec086b02610b.jpg,coyote,,CCT_Loc_38,Caltech_2018,2011-11-30 23:20:12,34.0522,-118.2437,CAM_38,6f01147a-5567-11e8-a3c6-dca9047ef277,https://lila.science/datasets/caltech-camera-traps
1088,CCT20_LILA_BC,5998cd65-23d2-11e8-a6a3-ec086b02610b.jpg,raw/wildlife/5998cd65-23d2-11e8-a6a3-ec086b02610b.jpg,coyote,,CCT_Loc_38,Caltech_2018,2011-11-30 23:20:11,34.0522,-118.2437,CAM_38,6f01147a-5567-11e8-a3c6-dca9047ef277,https://lila.science/datasets/caltech-camera-traps
1089,CCT20_LILA_BC,599105a8-23d2-11e8-a6a3-ec086b02610b.jpg,raw/wildlife/599105a8-23d2-11e8-a6a3-ec086b02610b.jpg,coyote,,CCT_Loc_38,Caltech_2018,2011-11-13 03:41:10,34.0522,-118.2437,CAM_38,6f00bdde-5567-11e8-b2a0-dca9047ef277,https://lila.science/datasets/caltech-camera-traps
1090,CCT20_LILA_BC,59a30ba3-23d2-11e8-a6a3-ec086b02610b.jpg,raw/wildlife/59a30ba3-23d2-11e8-a6a3-ec086b02610b.jpg,coyote,,CCT_Loc_38,Caltech_2018,2011-12-01 07:16:46,34.0522,-118.2437,CAM_38,6f01175c-5567-11e8-989a-dca9047ef277,https://lila.science/datasets/caltech-camera-traps
1091,CCT20_LILA_BC,59e44044-23d2-11e8-a6a3-ec086b02610b.jpg,raw/wildlife/59e44044-23d2-11e8-a6a3-ec086b02610b.jpg,coyote,,CCT_Loc_38,Caltech_2018,2011-11-13 03:41:12,34.0522,-118.2437,CAM_38,6f00bdde-5567-11e8-b2a0-dca9047ef277,https://lila.science/datasets/caltech-camera-traps
1092,CCT20_LILA_BC,59c80534-23d2-11e8-a6a3-ec086b02610b.jpg,raw/wildlife/59c80534-23d2-11e8-a6a3-ec086b02610b.jpg,coyote,,CCT_Loc_38,Caltech_2018,2012-05-25 08:56:11,34.0522,-118.2437,CAM_38,6f04f8c5-5567-11e8-aa4f-dca9047ef277,https://lila.science/datasets/caltech-camera-traps
1093,CCT20_LILA_BC,5a1b1438-23d2-11e8-a6a3-ec086b02610b.jpg,raw/wildlife/5a1b1438-23d2-11e8-a6a3-ec086b02610b.jpg,coyote,,CCT_Loc_38,Caltech_2018,2012-06-05 12:56:53,34.0522,-118.2437,CAM_38,6f0543c5-5567-11e8-93f2-dca9047ef277,https://lila.science/datasets/caltech-camera-traps
1094,CCT20_LILA_BC,59a7bdee-23d2-11e8-a6a3-ec086b02610b.jpg,raw/wildlife/59a7bdee-23d2-11e8-a6a3-ec086b02610b.jpg,coyote,,CCT_Loc_38,Caltech_2018,2012-05-05 12:25:42,34.0522,-118.2437,CAM_38,6f047294-5567-11e8-adc1-dca9047ef277,https://lila.science/datasets/caltech-camera-traps
1095,CCT20_LILA_BC,59cf4488-23d2-11e8-a6a3-ec086b02610b.jpg,raw/wildlife/59cf4488-23d2-11e8-a6a3-ec086b02610b.jpg,coyote,,CCT_Loc_38,Caltech_2018,2012-05-05 12:25:22,34.0522,-118.2437,CAM_38,6f047021-5567-11e8-8b76-dca9047ef277,https://lila.science/datasets/caltech-camera-traps
1096,CCT20_LILA_BC,59b93978-23d2-11e8-a6a3-ec086b02610b.jpg,raw/wildlife/59b93978-23d2-11e8-a6a3-ec086b02610b.jpg,coyote,,CCT_Loc_38,Caltech_2018,2012-05-05 12:25:40,34.0522,-118.2437,CAM_38,6f047207-5567-11e8-8ee9-dca9047ef277,https://lila.science/datasets/caltech-camera-traps
1097,CCT20_LILA_BC,597387bc-23d2-11e8-a6a3-ec086b02610b.jpg,raw/wildlife/597387bc-23d2-11e8-a6a3-ec086b02610b.jpg,coyote,,CCT_Loc_38,Caltech_2018,2012-05-25 07:58:48,34.0522,-118.2437,CAM_38,6f04f854-5567-11e8-8db3-dca9047ef277,https://lila.science/datasets/caltech-camera-traps
1098,CCT20_LILA_BC,5998cd2a-23d2-11e8-a6a3-ec086b02610b.jpg,raw/wildlife/5998cd2a-23d2-11e8-a6a3-ec086b02610b.jpg,coyote,,CCT_Loc_38,Caltech_2018,2012-06-08 18:55:19,34.0522,-118.2437,CAM_38,6f05579c-5567-11e8-aaa4-dca9047ef277,https://lila.science/datasets/caltech-camera-traps
1099,CCT20_LILA_BC,59d75303-23d2-11e8-a6a3-ec086b02610b.jpg,raw/wildlife/59d75303-23d2-11e8-a6a3-ec086b02610b.jpg,coyote,,CCT_Loc_38,Caltech_2018,2012-05-05 12:25:32,34.0522,-118.2437,CAM_38,6f047119-5567-11e8-b631-dca9047ef277,https://lila.science/datasets/caltech-camera-traps
1100,CCT20_LILA_BC,59d5b872-23d2-11e8-a6a3-ec086b02610b.jpg,raw/wildlife/59d5b872-23d2-11e8-a6a3-ec086b02610b.jpg,coyote,,CCT_Loc_38,Caltech_2018,2012-05-05 12:25:43,34.0522,-118.2437,CAM_38,6f047294-5567-11e8-adc1-dca9047ef277,https://lila.science/datasets/caltech-camera-traps
1101,CCT20_LILA_BC,5a17dfe3-23d2-11e8-a6a3-ec086b02610b.jpg,raw/wildlife/5a17dfe3-23d2-11e8-a6a3-ec086b02610b.jpg,coyote,,CCT_Loc_38,Caltech_2018,2012-05-05 12:25:21,34.0522,-118.2437,CAM_38,6f047021-5567-11e8-8b76-dca9047ef277,https://lila.science/datasets/caltech-camera-traps
1102,CCT20_LILA_BC,5a0b00ca-23d2-11e8-a6a3-ec086b02610b.jpg,raw/wildlife/5a0b00ca-23d2-11e8-a6a3-ec086b02610b.jpg,coyote,,CCT_Loc_38,Caltech_2018,2012-05-05 12:25:36,34.0522,-118.2437,CAM_38,6f047191-5567-11e8-91d7-dca9047ef277,https://lila.science/datasets/caltech-camera-traps
1103,CCT20_LILA_BC,59be4089-23d2-11e8-a6a3-ec086b02610b.jpg,raw/wildlife/59be4089-23d2-11e8-a6a3-ec086b02610b.jpg,coyote,,CCT_Loc_38,Caltech_2018,2012-05-05 12:25:25,34.0522,-118.2437,CAM_38,6f0470a1-5567-11e8-9ba1-dca9047ef277,https://lila.science/datasets/caltech-camera-traps
1104,CCT20_LILA_BC,59d0e24d-23d2-11e8-a6a3-ec086b02610b.jpg,raw/wildlife/59d0e24d-23d2-11e8-a6a3-ec086b02610b.jpg,coyote,,CCT_Loc_38,Caltech_2018,2012-05-05 12:25:39,34.0522,-118.2437,CAM_38,6f047207-5567-11e8-8ee9-dca9047ef277,https://lila.science/datasets/caltech-camera-traps
1105,CCT20_LILA_BC,5a07ce5f-23d2-11e8-a6a3-ec086b02610b.jpg,raw/wildlife/5a07ce5f-23d2-11e8-a6a3-ec086b02610b.jpg,coyote,,CCT_Loc_38,Caltech_2018,2012-05-25 07:58:49,34.0522,-118.2437,CAM_38,6f04f854-5567-11e8-8db3-dca9047ef277,https://lila.science/datasets/caltech-camera-traps
1106,CCT20_LILA_BC,5a14a5fc-23d2-11e8-a6a3-ec086b02610b.jpg,raw/wildlife/5a14a5fc-23d2-11e8-a6a3-ec086b02610b.jpg,coyote,,CCT_Loc_38,Caltech_2018,2012-05-25 07:58:47,34.0522,-118.2437,CAM_38,6f04f854-5567-11e8-8db3-dca9047ef277,https://lila.science/datasets/caltech-camera-traps
1107,CCT20_LILA_BC,599d7e9c-23d2-11e8-a6a3-ec086b02610b.jpg,raw/wildlife/599d7e9c-23d2-11e8-a6a3-ec086b02610b.jpg,coyote,,CCT_Loc_38,Caltech_2018,2012-05-05 12:25:44,34.0522,-118.2437,CAM_38,6f047294-5567-11e8-adc1-dca9047ef277,https://lila.science/datasets/caltech-camera-traps
1108,CCT20_LILA_BC,59ffba84-23d2-11e8-a6a3-ec086b02610b.jpg,raw/wildlife/59ffba84-23d2-11e8-a6a3-ec086b02610b.jpg,coyote,,CCT_Loc_38,Caltech_2018,2012-05-05 12:25:31,34.0522,-118.2437,CAM_38,6f047119-5567-11e8-b631-dca9047ef277,https://lila.science/datasets/caltech-camera-traps
1109,CCT20_LILA_BC,598f760e-23d2-11e8-a6a3-ec086b02610b.jpg,raw/wildlife/598f760e-23d2-11e8-a6a3-ec086b02610b.jpg,coyote,,CCT_Loc_38,Caltech_2018,2012-05-05 12:25:26,34.0522,-118.2437,CAM_38,6f0470a1-5567-11e8-9ba1-dca9047ef277,https://lila.science/datasets/caltech-camera-traps
1110,CCT20_LILA_BC,5a02fa19-23d2-11e8-a6a3-ec086b02610b.jpg,raw/wildlife/5a02fa19-23d2-11e8-a6a3-ec086b02610b.jpg,coyote,,CCT_Loc_38,Caltech_2018,2012-05-25 08:56:12,34.0522,-118.2437,CAM_38,6f04f8c5-5567-11e8-aa4f-dca9047ef277,https://lila.science/datasets/caltech-camera-traps
1111,CCT20_LILA_BC,59ccd38e-23d2-11e8-a6a3-ec086b02610b.jpg,raw/wildlife/59ccd38e-23d2-11e8-a6a3-ec086b02610b.jpg,coyote,,CCT_Loc_38,Caltech_2018,2012-05-05 12:25:38,34.0522,-118.2437,CAM_38,6f047207-5567-11e8-8ee9-dca9047ef277,https://lila.science/datasets/caltech-camera-traps
1112,CCT20_LILA_BC,59ac696f-23d2-11e8-a6a3-ec086b02610b.jpg,raw/wildlife/59ac696f-23d2-11e8-a6a3-ec086b02610b.jpg,coyote,,CCT_Loc_38,Caltech_2018,2012-05-05 12:25:35,34.0522,-118.2437,CAM_38,6f047191-5567-11e8-91d7-dca9047ef277,https://lila.science/datasets/caltech-camera-traps
1113,CCT20_LILA_BC,59ef8cc8-23d2-11e8-a6a3-ec086b02610b.jpg,raw/wildlife/59ef8cc8-23d2-11e8-a6a3-ec086b02610b.jpg,coyote,,CCT_Loc_38,Caltech_2018,2012-05-05 12:25:37,34.0522,-118.2437,CAM_38,6f047191-5567-11e8-91d7-dca9047ef277,https://lila.science/datasets/caltech-camera-traps
1114,CCT20_LILA_BC,59f4614d-23d2-11e8-a6a3-ec086b02610b.jpg,raw/wildlife/59f4614d-23d2-11e8-a6a3-ec086b02610b.jpg,coyote,,CCT_Loc_38,Caltech_2018,2012-05-05 12:13:27,34.0522,-118.2437,CAM_38,6f046fa8-5567-11e8-b777-dca9047ef277,https://lila.science/datasets/caltech-camera-traps
1115,CCT20_LILA_BC,599a594e-23d2-11e8-a6a3-ec086b02610b.jpg,raw/wildlife/599a594e-23d2-11e8-a6a3-ec086b02610b.jpg,coyote,,CCT_Loc_38,Caltech_2018,2012-06-08 18:55:18,34.0522,-118.2437,CAM_38,6f05579c-5567-11e8-aaa4-dca9047ef277,https://lila.science/datasets/caltech-camera-traps
1116,CCT20_LILA_BC,59ffbc25-23d2-11e8-a6a3-ec086b02610b.jpg,raw/wildlife/59ffbc25-23d2-11e8-a6a3-ec086b02610b.jpg,coyote,,CCT_Loc_38,Caltech_2018,2012-06-08 18:55:17,34.0522,-118.2437,CAM_38,6f05579c-5567-11e8-aaa4-dca9047ef277,https://lila.science/datasets/caltech-camera-traps
1117,CCT20_LILA_BC,59ef8bb7-23d2-11e8-a6a3-ec086b02610b.jpg,raw/wildlife/59ef8bb7-23d2-11e8-a6a3-ec086b02610b.jpg,coyote,,CCT_Loc_38,Caltech_2018,2012-05-05 12:25:30,34.0522,-118.2437,CAM_38,6f047119-5567-11e8-b631-dca9047ef277,https://lila.science/datasets/caltech-camera-traps
1118,CCT20_LILA_BC,599a5d19-23d2-11e8-a6a3-ec086b02610b.jpg,raw/wildlife/599a5d19-23d2-11e8-a6a3-ec086b02610b.jpg,coyote,,CCT_Loc_38,Caltech_2018,2012-05-05 12:13:28,34.0522,-118.2437,CAM_38,6f046fa8-5567-11e8-b777-dca9047ef277,https://lila.science/datasets/caltech-camera-traps
1119,CCT20_LILA_BC,5a096c0f-23d2-11e8-a6a3-ec086b02610b.jpg,raw/wildlife/5a096c0f-23d2-11e8-a6a3-ec086b02610b.jpg,coyote,,CCT_Loc_38,Caltech_2018,2012-05-05 12:25:23,34.0522,-118.2437,CAM_38,6f047021-5567-11e8-8b76-dca9047ef277,https://lila.science/datasets/caltech-camera-traps
1120,CCT20_LILA_BC,59bca4a5-23d2-11e8-a6a3-ec086b02610b.jpg,raw/wildlife/59bca4a5-23d2-11e8-a6a3-ec086b02610b.jpg,coyote,,CCT_Loc_38,Caltech_2018,2012-06-05 12:56:52,34.0522,-118.2437,CAM_38,6f0543c5-5567-11e8-93f2-dca9047ef277,https://lila.science/datasets/caltech-camera-traps
1121,CCT20_LILA_BC,59e9197e-23d2-11e8-a6a3-ec086b02610b.jpg,raw/wildlife/59e9197e-23d2-11e8-a6a3-ec086b02610b.jpg,coyote,,CCT_Loc_38,Caltech_2018,2012-05-25 08:56:13,34.0522,-118.2437,CAM_38,6f04f8c5-5567-11e8-aa4f-dca9047ef277,https://lila.science/datasets/caltech-camera-traps
1122,CCT20_LILA_BC,59eab732-23d2-11e8-a6a3-ec086b02610b.jpg,raw/wildlife/59eab732-23d2-11e8-a6a3-ec086b02610b.jpg,coyote,,CCT_Loc_38,Caltech_2018,2012-06-05 12:56:54,34.0522,-118.2437,CAM_38,6f0543c5-5567-11e8-93f2-dca9047ef277,https://lila.science/datasets/caltech-camera-traps
1123,CCT20_LILA_BC,599d7d37-23d2-11e8-a6a3-ec086b02610b.jpg,raw/wildlife/599d7d37-23d2-11e8-a6a3-ec086b02610b.jpg,coyote,,CCT_Loc_38,Caltech_2018,2012-05-05 12:25:24,34.0522,-118.2437,CAM_38,6f0470a1-5567-11e8-9ba1-dca9047ef277,https://lila.science/datasets/caltech-camera-traps
1124,CCT20_LILA_BC,59af9643-23d2-11e8-a6a3-ec086b02610b.jpg,raw/wildlife/59af9643-23d2-11e8-a6a3-ec086b02610b.jpg,coyote,,CCT_Loc_38,Caltech_2018,2012-05-05 12:13:26,34.0522,-118.2437,CAM_38,6f046fa8-5567-11e8-b777-dca9047ef277,https://lila.science/datasets/caltech-camera-traps
1125,CCT20_LILA_BC,5a16409d-23d2-11e8-a6a3-ec086b02610b.jpg,raw/wildlife/5a16409d-23d2-11e8-a6a3-ec086b02610b.jpg,coyote,,CCT_Loc_38,Caltech_2018,2011-10-12 02:51:17,34.0522,-118.2437,CAM_38,6f005275-5567-11e8-8aa2-dca9047ef277,https://lila.science/datasets/caltech-camera-traps
1126,CCT20_LILA_BC,59641f09-23d2-11e8-a6a3-ec086b02610b.jpg,raw/wildlife/59641f09-23d2-11e8-a6a3-ec086b02610b.jpg,coyote,,CCT_Loc_38,Caltech_2018,2011-10-12 02:51:15,34.0522,-118.2437,CAM_38,6f005275-5567-11e8-8aa2-dca9047ef277,https://lila.science/datasets/caltech-camera-traps
1127,CCT20_LILA_BC,59c4bfa0-23d2-11e8-a6a3-ec086b02610b.jpg,raw/wildlife/59c4bfa0-23d2-11e8-a6a3-ec086b02610b.jpg,coyote,,CCT_Loc_38,Caltech_2018,2011-10-12 02:51:16,34.0522,-118.2437,CAM_38,6f005275-5567-11e8-8aa2-dca9047ef277,https://lila.science/datasets/caltech-camera-traps
1128,CCT20_LILA_BC,5965abab-23d2-11e8-a6a3-ec086b02610b.jpg,raw/wildlife/5965abab-23d2-11e8-a6a3-ec086b02610b.jpg,coyote,,CCT_Loc_40,Caltech_2018,2011-05-29 22:15:49,34.0522,-118.2437,CAM_40,6f05e323-5567-11e8-8227-dca9047ef277,https://lila.science/datasets/caltech-camera-traps
1129,CCT20_LILA_BC,5998cded-23d2-11e8-a6a3-ec086b02610b.jpg,raw/wildlife/5998cded-23d2-11e8-a6a3-ec086b02610b.jpg,coyote,,CCT_Loc_40,Caltech_2018,2011-05-29 22:15:51,34.0522,-118.2437,CAM_40,6f05e323-5567-11e8-8227-dca9047ef277,https://lila.science/datasets/caltech-camera-traps
1130,CCT20_LILA_BC,599fc054-23d2-11e8-a6a3-ec086b02610b.jpg,raw/wildlife/599fc054-23d2-11e8-a6a3-ec086b02610b.jpg,coyote,,CCT_Loc_40,Caltech_2018,2011-05-29 22:15:50,34.0522,-118.2437,CAM_40,6f05e323-5567-11e8-8227-dca9047ef277,https://lila.science/datasets/caltech-camera-traps
1131,CCT20_LILA_BC,5a2e13b9-23d2-11e8-a6a3-ec086b02610b.jpg,raw/wildlife/5a2e13b9-23d2-11e8-a6a3-ec086b02610b.jpg,coyote,,CCT_Loc_40,Caltech_2018,2011-05-14 04:16:52,34.0522,-118.2437,CAM_40,6f05c2ae-5567-11e8-a9a6-dca9047ef277,https://lila.science/datasets/caltech-camera-traps
1132,CCT20_LILA_BC,59cf4771-23d2-11e8-a6a3-ec086b02610b.jpg,raw/wildlife/59cf4771-23d2-11e8-a6a3-ec086b02610b.jpg,coyote,,CCT_Loc_40,Caltech_2018,2011-05-14 04:18:11,34.0522,-118.2437,CAM_40,6f05c39e-5567-11e8-8ba9-dca9047ef277,https://lila.science/datasets/caltech-camera-traps
1133,CCT20_LILA_BC,59941e4d-23d2-11e8-a6a3-ec086b02610b.jpg,raw/wildlife/59941e4d-23d2-11e8-a6a3-ec086b02610b.jpg,coyote,,CCT_Loc_40,Caltech_2018,2011-05-14 04:18:17,34.0522,-118.2437,CAM_40,6f05c41e-5567-11e8-9ee4-dca9047ef277,https://lila.science/datasets/caltech-camera-traps
1134,CCT20_LILA_BC,5a0c9a3f-23d2-11e8-a6a3-ec086b02610b.jpg,raw/wildlife/5a0c9a3f-23d2-11e8-a6a3-ec086b02610b.jpg,coyote,,CCT_Loc_40,Caltech_2018,2011-05-14 04:16:44,34.0522,-118.2437,CAM_40,6f05c22b-5567-11e8-928a-dca9047ef277,https://lila.science/datasets/caltech-camera-traps
1135,CCT20_LILA_BC,597b496b-23d2-11e8-a6a3-ec086b02610b.jpg,raw/wildlife/597b496b-23d2-11e8-a6a3-ec086b02610b.jpg,coyote,,CCT_Loc_40,Caltech_2018,2011-05-14 04:16:43,34.0522,-118.2437,CAM_40,6f05c22b-5567-11e8-928a-dca9047ef277,https://lila.science/datasets/caltech-camera-traps
1136,CCT20_LILA_BC,5965a8f5-23d2-11e8-a6a3-ec086b02610b.jpg,raw/wildlife/5965a8f5-23d2-11e8-a6a3-ec086b02610b.jpg,coyote,,CCT_Loc_40,Caltech_2018,2011-05-14 04:16:45,34.0522,-118.2437,CAM_40,6f05c22b-5567-11e8-928a-dca9047ef277,https://lila.science/datasets/caltech-camera-traps
1137,CCT20_LILA_BC,59751701-23d2-11e8-a6a3-ec086b02610b.jpg,raw/wildlife/59751701-23d2-11e8-a6a3-ec086b02610b.jpg,coyote,,CCT_Loc_40,Caltech_2018,2011-05-14 04:18:10,34.0522,-118.2437,CAM_40,6f05c39e-5567-11e8-8ba9-dca9047ef277,https://lila.science/datasets/caltech-camera-traps
1138,CCT20_LILA_BC,5987b40d-23d2-11e8-a6a3-ec086b02610b.jpg,raw/wildlife/5987b40d-23d2-11e8-a6a3-ec086b02610b.jpg,coyote,,CCT_Loc_40,Caltech_2018,2011-05-14 04:18:15,34.0522,-118.2437,CAM_40,6f05c41e-5567-11e8-9ee4-dca9047ef277,https://lila.science/datasets/caltech-camera-traps
1139,CCT20_LILA_BC,59e77b93-23d2-11e8-a6a3-ec086b02610b.jpg,raw/wildlife/59e77b93-23d2-11e8-a6a3-ec086b02610b.jpg,coyote,,CCT_Loc_40,Caltech_2018,2011-05-14 04:16:51,34.0522,-118.2437,CAM_40,6f05c2ae-5567-11e8-a9a6-dca9047ef277,https://lila.science/datasets/caltech-camera-traps
1140,CCT20_LILA_BC,59d8eabb-23d2-11e8-a6a3-ec086b02610b.jpg,raw/wildlife/59d8eabb-23d2-11e8-a6a3-ec086b02610b.jpg,coyote,,CCT_Loc_40,Caltech_2018,2011-05-14 04:18:16,34.0522,-118.2437,CAM_40,6f05c41e-5567-11e8-9ee4-dca9047ef277,https://lila.science/datasets/caltech-camera-traps
1141,CCT20_LILA_BC,5a1640e4-23d2-11e8-a6a3-ec086b02610b.jpg,raw/wildlife/5a1640e4-23d2-11e8-a6a3-ec086b02610b.jpg,coyote,,CCT_Loc_40,Caltech_2018,2011-05-14 04:16:58,34.0522,-118.2437,CAM_40,6f05c31c-5567-11e8-a8e9-dca9047ef277,https://lila.science/datasets/caltech-camera-traps
1142,CCT20_LILA_BC,588f67b8-23d2-11e8-a6a3-ec086b02610b.jpg,raw/wildlife/588f67b8-23d2-11e8-a6a3-ec086b02610b.jpg,raccoon,,CCT_Loc_75,Caltech_2018,2011-11-08 21:15:22,34.0522,-118.2437,CAM_75,6efd5db3-5567-11e8-8809-dca9047ef277,https://lila.science/datasets/caltech-camera-traps
1143,CCT20_LILA_BC,59328b52-23d2-11e8-a6a3-ec086b02610b.jpg,raw/wildlife/59328b52-23d2-11e8-a6a3-ec086b02610b.jpg,raccoon,,CCT_Loc_75,Caltech_2018,2011-11-11 22:39:31,34.0522,-118.2437,CAM_75,6efd5f61-5567-11e8-91f9-dca9047ef277,https://lila.science/datasets/caltech-camera-traps
1144,CCT20_LILA_BC,58df69fb-23d2-11e8-a6a3-ec086b02610b.jpg,raw/wildlife/58df69fb-23d2-11e8-a6a3-ec086b02610b.jpg,raccoon,,CCT_Loc_75,Caltech_2018,2011-11-28 02:45:30,34.0522,-118.2437,CAM_75,6efd65a8-5567-11e8-83ca-dca9047ef277,https://lila.science/datasets/caltech-camera-traps
1145,CCT20_LILA_BC,591cb0cd-23d2-11e8-a6a3-ec086b02610b.jpg,raw/wildlife/591cb0cd-23d2-11e8-a6a3-ec086b02610b.jpg,raccoon,,CCT_Loc_75,Caltech_2018,2011-12-12 22:09:04,34.0522,-118.2437,CAM_75,6efd6eb8-5567-11e8-ac26-dca9047ef277,https://lila.science/datasets/caltech-camera-traps
1146,CCT20_LILA_BC,586e2f7b-23d2-11e8-a6a3-ec086b02610b.jpg,raw/wildlife/586e2f7b-23d2-11e8-a6a3-ec086b02610b.jpg,raccoon,,CCT_Loc_75,Caltech_2018,2011-12-12 22:08:59,34.0522,-118.2437,CAM_75,6efd6e54-5567-11e8-80dc-dca9047ef277,https://lila.science/datasets/caltech-camera-traps
1147,CCT20_LILA_BC,58dc4d46-23d2-11e8-a6a3-ec086b02610b.jpg,raw/wildlife/58dc4d46-23d2-11e8-a6a3-ec086b02610b.jpg,raccoon,,CCT_Loc_75,Caltech_2018,2011-12-12 22:09:03,34.0522,-118.2437,CAM_75,6efd6eb8-5567-11e8-ac26-dca9047ef277,https://lila.science/datasets/caltech-camera-traps
1148,CCT20_LILA_BC,589e6687-23d2-11e8-a6a3-ec086b02610b.jpg,raw/wildlife/589e6687-23d2-11e8-a6a3-ec086b02610b.jpg,raccoon,,CCT_Loc_75,Caltech_2018,2011-12-12 22:09:05,34.0522,-118.2437,CAM_75,6efd6eb8-5567-11e8-ac26-dca9047ef277,https://lila.science/datasets/caltech-camera-traps
1149,CCT20_LILA_BC,5874d571-23d2-11e8-a6a3-ec086b02610b.jpg,raw/wildlife/5874d571-23d2-11e8-a6a3-ec086b02610b.jpg,raccoon,,CCT_Loc_75,Caltech_2018,2011-11-10 20:27:18,34.0522,-118.2437,CAM_75,6efd5ef3-5567-11e8-baaa-dca9047ef277,https://lila.science/datasets/caltech-camera-traps
1150,CCT20_LILA_BC,591b24a8-23d2-11e8-a6a3-ec086b02610b.jpg,raw/wildlife/591b24a8-23d2-11e8-a6a3-ec086b02610b.jpg,raccoon,,CCT_Loc_75,Caltech_2018,2011-12-12 22:09:00,34.0522,-118.2437,CAM_75,6efd6e54-5567-11e8-80dc-dca9047ef277,https://lila.science/datasets/caltech-camera-traps
1151,CCT20_LILA_BC,593a4d96-23d2-11e8-a6a3-ec086b02610b.jpg,raw/wildlife/593a4d96-23d2-11e8-a6a3-ec086b02610b.jpg,raccoon,,CCT_Loc_75,Caltech_2018,2011-11-28 02:45:17,34.0522,-118.2437,CAM_75,6efd653a-5567-11e8-a06d-dca9047ef277,https://lila.science/datasets/caltech-camera-traps
1152,CCT20_LILA_BC,58e28311-23d2-11e8-a6a3-ec086b02610b.jpg,raw/wildlife/58e28311-23d2-11e8-a6a3-ec086b02610b.jpg,raccoon,,CCT_Loc_75,Caltech_2018,2011-11-11 22:39:30,34.0522,-118.2437,CAM_75,6efd5f61-5567-11e8-91f9-dca9047ef277,https://lila.science/datasets/caltech-camera-traps
1153,CCT20_LILA_BC,58dabf78-23d2-11e8-a6a3-ec086b02610b.jpg,raw/wildlife/58dabf78-23d2-11e8-a6a3-ec086b02610b.jpg,raccoon,,CCT_Loc_75,Caltech_2018,2011-11-08 21:15:21,34.0522,-118.2437,CAM_75,6efd5db3-5567-11e8-8809-dca9047ef277,https://lila.science/datasets/caltech-camera-traps
1154,CCT20_LILA_BC,58c97a84-23d2-11e8-a6a3-ec086b02610b.jpg,raw/wildlife/58c97a84-23d2-11e8-a6a3-ec086b02610b.jpg,raccoon,,CCT_Loc_75,Caltech_2018,2011-11-28 02:45:29,34.0522,-118.2437,CAM_75,6efd65a8-5567-11e8-83ca-dca9047ef277,https://lila.science/datasets/caltech-camera-traps
1155,CCT20_LILA_BC,586c87e0-23d2-11e8-a6a3-ec086b02610b.jpg,raw/wildlife/586c87e0-23d2-11e8-a6a3-ec086b02610b.jpg,raccoon,,CCT_Loc_75,Caltech_2018,2011-11-28 02:45:19,34.0522,-118.2437,CAM_75,6efd653a-5567-11e8-a06d-dca9047ef277,https://lila.science/datasets/caltech-camera-traps
1156,CCT20_LILA_BC,590ebc14-23d2-11e8-a6a3-ec086b02610b.jpg,raw/wildlife/590ebc14-23d2-11e8-a6a3-ec086b02610b.jpg,raccoon,,CCT_Loc_75,Caltech_2018,2011-11-28 02:45:28,34.0522,-118.2437,CAM_75,6efd65a8-5567-11e8-83ca-dca9047ef277,https://lila.science/datasets/caltech-camera-traps
1157,CCT20_LILA_BC,58adc1b6-23d2-11e8-a6a3-ec086b02610b.jpg,raw/wildlife/58adc1b6-23d2-11e8-a6a3-ec086b02610b.jpg,raccoon,,CCT_Loc_75,Caltech_2018,2011-11-10 20:27:19,34.0522,-118.2437,CAM_75,6efd5ef3-5567-11e8-baaa-dca9047ef277,https://lila.science/datasets/caltech-camera-traps
1158,CCT20_LILA_BC,588094dd-23d2-11e8-a6a3-ec086b02610b.jpg,raw/wildlife/588094dd-23d2-11e8-a6a3-ec086b02610b.jpg,raccoon,,CCT_Loc_75,Caltech_2018,2011-11-28 02:45:18,34.0522,-118.2437,CAM_75,6efd653a-5567-11e8-a06d-dca9047ef277,https://lila.science/datasets/caltech-camera-traps
1159,CCT20_LILA_BC,592c4dbe-23d2-11e8-a6a3-ec086b02610b.jpg,raw/wildlife/592c4dbe-23d2-11e8-a6a3-ec086b02610b.jpg,raccoon,,CCT_Loc_75,Caltech_2018,2011-12-12 22:09:01,34.0522,-118.2437,CAM_75,6efd6e54-5567-11e8-80dc-dca9047ef277,https://lila.science/datasets/caltech-camera-traps
1160,CCT20_LILA_BC,58e9390a-23d2-11e8-a6a3-ec086b02610b.jpg,raw/wildlife/58e9390a-23d2-11e8-a6a3-ec086b02610b.jpg,raccoon,,CCT_Loc_75,Caltech_2018,2011-11-10 20:27:20,34.0522,-118.2437,CAM_75,6efd5ef3-5567-11e8-baaa-dca9047ef277,https://lila.science/datasets/caltech-camera-traps
1161,CCT20_LILA_BC,588f662a-23d2-11e8-a6a3-ec086b02610b.jpg,raw/wildlife/588f662a-23d2-11e8-a6a3-ec086b02610b.jpg,raccoon,,CCT_Loc_75,Caltech_2018,2011-11-11 22:39:29,34.0522,-118.2437,CAM_75,6efd5f61-5567-11e8-91f9-dca9047ef277,https://lila.science/datasets/caltech-camera-traps
1162,CCT20_LILA_BC,58fbedd7-23d2-11e8-a6a3-ec086b02610b.jpg,raw/wildlife/58fbedd7-23d2-11e8-a6a3-ec086b02610b.jpg,raccoon,,CCT_Loc_75,Caltech_2018,2011-07-15 01:57:39,34.0522,-118.2437,CAM_75,6efd3d97-5567-11e8-a7dd-dca9047ef277,https://lila.science/datasets/caltech-camera-traps
1163,CCT20_LILA_BC,585c0698-23d2-11e8-a6a3-ec086b02610b.jpg,raw/wildlife/585c0698-23d2-11e8-a6a3-ec086b02610b.jpg,raccoon,,CCT_Loc_75,Caltech_2018,2011-07-15 02:58:02,34.0522,-118.2437,CAM_75,6efd3e23-5567-11e8-91d3-dca9047ef277,https://lila.science/datasets/caltech-camera-traps
1164,CCT20_LILA_BC,58cb126b-23d2-11e8-a6a3-ec086b02610b.jpg,raw/wildlife/58cb126b-23d2-11e8-a6a3-ec086b02610b.jpg,raccoon,,CCT_Loc_75,Caltech_2018,2011-07-15 01:57:38,34.0522,-118.2437,CAM_75,6efd3d97-5567-11e8-a7dd-dca9047ef277,https://lila.science/datasets/caltech-camera-traps
1165,CCT20_LILA_BC,58c033ce-23d2-11e8-a6a3-ec086b02610b.jpg,raw/wildlife/58c033ce-23d2-11e8-a6a3-ec086b02610b.jpg,raccoon,,CCT_Loc_75,Caltech_2018,2011-07-15 01:57:40,34.0522,-118.2437,CAM_75,6efd3d97-5567-11e8-a7dd-dca9047ef277,https://lila.science/datasets/caltech-camera-traps
1166,CCT20_LILA_BC,59167bb3-23d2-11e8-a6a3-ec086b02610b.jpg,raw/wildlife/59167bb3-23d2-11e8-a6a3-ec086b02610b.jpg,raccoon,,CCT_Loc_75,Caltech_2018,2011-07-15 02:58:04,34.0522,-118.2437,CAM_75,6efd3eae-5567-11e8-82cc-dca9047ef277,https://lila.science/datasets/caltech-camera-traps
1167,CCT20_LILA_BC,588a660c-23d2-11e8-a6a3-ec086b02610b.jpg,raw/wildlife/588a660c-23d2-11e8-a6a3-ec086b02610b.jpg,raccoon,,CCT_Loc_75,Caltech_2018,2011-07-15 02:58:01,34.0522,-118.2437,CAM_75,6efd3e23-5567-11e8-91d3-dca9047ef277,https://lila.science/datasets/caltech-camera-traps
1168,CCT20_LILA_BC,58d2eca0-23d2-11e8-a6a3-ec086b02610b.jpg,raw/wildlife/58d2eca0-23d2-11e8-a6a3-ec086b02610b.jpg,raccoon,,CCT_Loc_75,Caltech_2018,2011-07-15 02:58:00,34.0522,-118.2437,CAM_75,6efd3e23-5567-11e8-91d3-dca9047ef277,https://lila.science/datasets/caltech-camera-traps
1169,CCT20_LILA_BC,58960ae0-23d2-11e8-a6a3-ec086b02610b.jpg,raw/wildlife/58960ae0-23d2-11e8-a6a3-ec086b02610b.jpg,raccoon,,CCT_Loc_75,Caltech_2018,2011-06-23 20:43:11,34.0522,-118.2437,CAM_75,6efd3507-5567-11e8-a992-dca9047ef277,https://lila.science/datasets/caltech-camera-traps
1170,CCT20_LILA_BC,588c12ce-23d2-11e8-a6a3-ec086b02610b.jpg,raw/wildlife/588c12ce-23d2-11e8-a6a3-ec086b02610b.jpg,raccoon,,CCT_Loc_75,Caltech_2018,2011-07-15 02:58:05,34.0522,-118.2437,CAM_75,6efd3eae-5567-11e8-82cc-dca9047ef277,https://lila.science/datasets/caltech-camera-traps
1171,CCT20_LILA_BC,58c03518-23d2-11e8-a6a3-ec086b02610b.jpg,raw/wildlife/58c03518-23d2-11e8-a6a3-ec086b02610b.jpg,raccoon,,CCT_Loc_75,Caltech_2018,2011-06-23 20:43:12,34.0522,-118.2437,CAM_75,6efd3507-5567-11e8-a992-dca9047ef277,https://lila.science/datasets/caltech-camera-traps
1172,CCT20_LILA_BC,587d42d2-23d2-11e8-a6a3-ec086b02610b.jpg,raw/wildlife/587d42d2-23d2-11e8-a6a3-ec086b02610b.jpg,raccoon,,CCT_Loc_75,Caltech_2018,2011-07-15 02:58:03,34.0522,-118.2437,CAM_75,6efd3eae-5567-11e8-82cc-dca9047ef277,https://lila.science/datasets/caltech-camera-traps
1173,CCT20_LILA_BC,586fddfe-23d2-11e8-a6a3-ec086b02610b.jpg,raw/wildlife/586fddfe-23d2-11e8-a6a3-ec086b02610b.jpg,raccoon,,CCT_Loc_75,Caltech_2018,2011-06-23 20:43:10,34.0522,-118.2437,CAM_75,6efd3507-5567-11e8-a992-dca9047ef277,https://lila.science/datasets/caltech-camera-traps
1174,CCT20_LILA_BC,59439d97-23d2-11e8-a6a3-ec086b02610b.jpg,raw/wildlife/59439d97-23d2-11e8-a6a3-ec086b02610b.jpg,raccoon,,CCT_Loc_75,Caltech_2018,2011-06-12 21:51:52,34.0522,-118.2437,CAM_75,6efd2e8c-5567-11e8-9fd8-dca9047ef277,https://lila.science/datasets/caltech-camera-traps
1175,CCT20_LILA_BC,58c7f0dd-23d2-11e8-a6a3-ec086b02610b.jpg,raw/wildlife/58c7f0dd-23d2-11e8-a6a3-ec086b02610b.jpg,raccoon,,CCT_Loc_75,Caltech_2018,2011-06-06 23:32:25,34.0522,-118.2437,CAM_75,6efd2807-5567-11e8-bf83-dca9047ef277,https://lila.science/datasets/caltech-camera-traps
1176,CCT20_LILA_BC,58bb8a12-23d2-11e8-a6a3-ec086b02610b.jpg,raw/wildlife/58bb8a12-23d2-11e8-a6a3-ec086b02610b.jpg,raccoon,,CCT_Loc_75,Caltech_2018,2011-06-06 23:32:26,34.0522,-118.2437,CAM_75,6efd2807-5567-11e8-bf83-dca9047ef277,https://lila.science/datasets/caltech-camera-traps
1177,CCT20_LILA_BC,58d1618b-23d2-11e8-a6a3-ec086b02610b.jpg,raw/wildlife/58d1618b-23d2-11e8-a6a3-ec086b02610b.jpg,raccoon,,CCT_Loc_75,Caltech_2018,2011-06-12 21:51:51,34.0522,-118.2437,CAM_75,6efd2e8c-5567-11e8-9fd8-dca9047ef277,https://lila.science/datasets/caltech-camera-traps
1178,CCT20_LILA_BC,591cb05a-23d2-11e8-a6a3-ec086b02610b.jpg,raw/wildlife/591cb05a-23d2-11e8-a6a3-ec086b02610b.jpg,raccoon,,CCT_Loc_75,Caltech_2018,2011-06-12 21:51:53,34.0522,-118.2437,CAM_75,6efd2e8c-5567-11e8-9fd8-dca9047ef277,https://lila.science/datasets/caltech-camera-traps
1179,CCT20_LILA_BC,5887185c-23d2-11e8-a6a3-ec086b02610b.jpg,raw/wildlife/5887185c-23d2-11e8-a6a3-ec086b02610b.jpg,raccoon,,CCT_Loc_75,Caltech_2018,2011-06-06 23:32:24,34.0522,-118.2437,CAM_75,6efd2807-5567-11e8-bf83-dca9047ef277,https://lila.science/datasets/caltech-camera-traps
1180,CCT20_LILA_BC,589cb492-23d2-11e8-a6a3-ec086b02610b.jpg,raw/wildlife/589cb492-23d2-11e8-a6a3-ec086b02610b.jpg,raccoon,,CCT_Loc_75,Caltech_2018,2012-06-07 06:00:15,34.0522,-118.2437,CAM_75,6efe3700-5567-11e8-8c4a-dca9047ef277,https://lila.science/datasets/caltech-camera-traps
1181,CCT20_LILA_BC,5935a747-23d2-11e8-a6a3-ec086b02610b.jpg,raw/wildlife/5935a747-23d2-11e8-a6a3-ec086b02610b.jpg,raccoon,,CCT_Loc_75,Caltech_2018,2012-05-14 01:01:56,34.0522,-118.2437,CAM_75,6efe3070-5567-11e8-8740-dca9047ef277,https://lila.science/datasets/caltech-camera-traps
1182,CCT20_LILA_BC,594081cb-23d2-11e8-a6a3-ec086b02610b.jpg,raw/wildlife/594081cb-23d2-11e8-a6a3-ec086b02610b.jpg,raccoon,,CCT_Loc_75,Caltech_2018,2012-05-08 01:34:11,34.0522,-118.2437,CAM_75,6efe2cb0-5567-11e8-93af-dca9047ef277,https://lila.science/datasets/caltech-camera-traps
1183,CCT20_LILA_BC,59279ea6-23d2-11e8-a6a3-ec086b02610b.jpg,raw/wildlife/59279ea6-23d2-11e8-a6a3-ec086b02610b.jpg,raccoon,,CCT_Loc_75,Caltech_2018,2012-05-08 01:34:13,34.0522,-118.2437,CAM_75,6efe2cb0-5567-11e8-93af-dca9047ef277,https://lila.science/datasets/caltech-camera-traps
1184,CCT20_LILA_BC,5921654e-23d2-11e8-a6a3-ec086b02610b.jpg,raw/wildlife/5921654e-23d2-11e8-a6a3-ec086b02610b.jpg,raccoon,,CCT_Loc_75,Caltech_2018,2012-05-25 05:22:31,34.0522,-118.2437,CAM_75,6efe320a-5567-11e8-a73f-dca9047ef277,https://lila.science/datasets/caltech-camera-traps
1185,CCT20_LILA_BC,5949d071-23d2-11e8-a6a3-ec086b02610b.jpg,raw/wildlife/5949d071-23d2-11e8-a6a3-ec086b02610b.jpg,raccoon,,CCT_Loc_75,Caltech_2018,2012-05-25 05:22:29,34.0522,-118.2437,CAM_75,6efe320a-5567-11e8-a73f-dca9047ef277,https://lila.science/datasets/caltech-camera-traps
1186,CCT20_LILA_BC,586fdd28-23d2-11e8-a6a3-ec086b02610b.jpg,raw/wildlife/586fdd28-23d2-11e8-a6a3-ec086b02610b.jpg,raccoon,,CCT_Loc_75,Caltech_2018,2012-06-07 06:00:16,34.0522,-118.2437,CAM_75,6efe3700-5567-11e8-8c4a-dca9047ef277,https://lila.science/datasets/caltech-camera-traps
1187,CCT20_LILA_BC,5935a5e1-23d2-11e8-a6a3-ec086b02610b.jpg,raw/wildlife/5935a5e1-23d2-11e8-a6a3-ec086b02610b.jpg,raccoon,,CCT_Loc_75,Caltech_2018,2012-06-05 05:26:59,34.0522,-118.2437,CAM_75,6efe3687-5567-11e8-9b3a-dca9047ef277,https://lila.science/datasets/caltech-camera-traps
1188,CCT20_LILA_BC,586c881a-23d2-11e8-a6a3-ec086b02610b.jpg,raw/wildlife/586c881a-23d2-11e8-a6a3-ec086b02610b.jpg,raccoon,,CCT_Loc_75,Caltech_2018,2012-05-14 01:01:57,34.0522,-118.2437,CAM_75,6efe3070-5567-11e8-8740-dca9047ef277,https://lila.science/datasets/caltech-camera-traps
1189,CCT20_LILA_BC,588a68d3-23d2-11e8-a6a3-ec086b02610b.jpg,raw/wildlife/588a68d3-23d2-11e8-a6a3-ec086b02610b.jpg,raccoon,,CCT_Loc_75,Caltech_2018,2012-05-14 01:01:53,34.0522,-118.2437,CAM_75,6efe2fe3-5567-11e8-a69a-dca9047ef277,https://lila.science/datasets/caltech-camera-traps
1190,CCT20_LILA_BC,5860ef49-23d2-11e8-a6a3-ec086b02610b.jpg,raw/wildlife/5860ef49-23d2-11e8-a6a3-ec086b02610b.jpg,raccoon,,CCT_Loc_75,Caltech_2018,2012-05-08 01:34:12,34.0522,-118.2437,CAM_75,6efe2cb0-5567-11e8-93af-dca9047ef277,https://lila.science/datasets/caltech-camera-traps
1191,CCT20_LILA_BC,58a6e828-23d2-11e8-a6a3-ec086b02610b.jpg,raw/wildlife/58a6e828-23d2-11e8-a6a3-ec086b02610b.jpg,raccoon,,CCT_Loc_75,Caltech_2018,2012-06-05 05:26:58,34.0522,-118.2437,CAM_75,6efe3687-5567-11e8-9b3a-dca9047ef277,https://lila.science/datasets/caltech-camera-traps
1192,CCT20_LILA_BC,5892b5bd-23d2-11e8-a6a3-ec086b02610b.jpg,raw/wildlife/5892b5bd-23d2-11e8-a6a3-ec086b02610b.jpg,raccoon,,CCT_Loc_75,Caltech_2018,2012-05-14 01:01:55,34.0522,-118.2437,CAM_75,6efe2fe3-5567-11e8-a69a-dca9047ef277,https://lila.science/datasets/caltech-camera-traps
1193,CCT20_LILA_BC,58e2832d-23d2-11e8-a6a3-ec086b02610b.jpg,raw/wildlife/58e2832d-23d2-11e8-a6a3-ec086b02610b.jpg,raccoon,,CCT_Loc_75,Caltech_2018,2012-05-14 01:01:58,34.0522,-118.2437,CAM_75,6efe3070-5567-11e8-8740-dca9047ef277,https://lila.science/datasets/caltech-camera-traps
1194,CCT20_LILA_BC,58d93261-23d2-11e8-a6a3-ec086b02610b.jpg,raw/wildlife/58d93261-23d2-11e8-a6a3-ec086b02610b.jpg,raccoon,,CCT_Loc_75,Caltech_2018,2012-05-25 05:22:30,34.0522,-118.2437,CAM_75,6efe320a-5567-11e8-a73f-dca9047ef277,https://lila.science/datasets/caltech-camera-traps
1195,CCT20_LILA_BC,589b00f8-23d2-11e8-a6a3-ec086b02610b.jpg,raw/wildlife/589b00f8-23d2-11e8-a6a3-ec086b02610b.jpg,raccoon,,CCT_Loc_75,Caltech_2018,2012-06-07 06:00:17,34.0522,-118.2437,CAM_75,6efe3700-5567-11e8-8c4a-dca9047ef277,https://lila.science/datasets/caltech-camera-traps
1196,CCT20_LILA_BC,585f4f96-23d2-11e8-a6a3-ec086b02610b.jpg,raw/wildlife/585f4f96-23d2-11e8-a6a3-ec086b02610b.jpg,raccoon,,CCT_Loc_75,Caltech_2018,2012-05-14 01:01:54,34.0522,-118.2437,CAM_75,6efe2fe3-5567-11e8-a69a-dca9047ef277,https://lila.science/datasets/caltech-camera-traps
1197,CCT20_LILA_BC,58d92fa9-23d2-11e8-a6a3-ec086b02610b.jpg,raw/wildlife/58d92fa9-23d2-11e8-a6a3-ec086b02610b.jpg,raccoon,,CCT_Loc_75,Caltech_2018,2011-09-05 03:39:16,34.0522,-118.2437,CAM_75,6efd505e-5567-11e8-afe2-dca9047ef277,https://lila.science/datasets/caltech-camera-traps
1198,CCT20_LILA_BC,591679d4-23d2-11e8-a6a3-ec086b02610b.jpg,raw/wildlife/591679d4-23d2-11e8-a6a3-ec086b02610b.jpg,raccoon,,CCT_Loc_75,Caltech_2018,2011-09-05 03:39:18,34.0522,-118.2437,CAM_75,6efd505e-5567-11e8-afe2-dca9047ef277,https://lila.science/datasets/caltech-camera-traps
1199,CCT20_LILA_BC,59023530-23d2-11e8-a6a3-ec086b02610b.jpg,raw/wildlife/59023530-23d2-11e8-a6a3-ec086b02610b.jpg,raccoon,,CCT_Loc_75,Caltech_2018,2011-09-05 03:42:02,34.0522,-118.2437,CAM_75,6efd516e-5567-11e8-988e-dca9047ef277,https://lila.science/datasets/caltech-camera-traps
1200,CCT20_LILA_BC,59104c1c-23d2-11e8-a6a3-ec086b02610b.jpg,raw/wildlife/59104c1c-23d2-11e8-a6a3-ec086b02610b.jpg,raccoon,,CCT_Loc_75,Caltech_2018,2011-09-05 03:41:06,34.0522,-118.2437,CAM_75,6efd50e1-5567-11e8-8c79-dca9047ef277,https://lila.science/datasets/caltech-camera-traps
1201,CCT20_LILA_BC,59452d8b-23d2-11e8-a6a3-ec086b02610b.jpg,raw/wildlife/59452d8b-23d2-11e8-a6a3-ec086b02610b.jpg,raccoon,,CCT_Loc_75,Caltech_2018,2011-09-05 03:41:07,34.0522,-118.2437,CAM_75,6efd50e1-5567-11e8-8c79-dca9047ef277,https://lila.science/datasets/caltech-camera-traps
1202,CCT20_LILA_BC,586e2d9f-23d2-11e8-a6a3-ec086b02610b.jpg,raw/wildlife/586e2d9f-23d2-11e8-a6a3-ec086b02610b.jpg,raccoon,,CCT_Loc_75,Caltech_2018,2011-09-05 03:42:03,34.0522,-118.2437,CAM_75,6efd516e-5567-11e8-988e-dca9047ef277,https://lila.science/datasets/caltech-camera-traps
1203,CCT20_LILA_BC,58b2ee1f-23d2-11e8-a6a3-ec086b02610b.jpg,raw/wildlife/58b2ee1f-23d2-11e8-a6a3-ec086b02610b.jpg,raccoon,,CCT_Loc_75,Caltech_2018,2011-09-05 03:39:17,34.0522,-118.2437,CAM_75,6efd505e-5567-11e8-afe2-dca9047ef277,https://lila.science/datasets/caltech-camera-traps
1204,CCT20_LILA_BC,5887179c-23d2-11e8-a6a3-ec086b02610b.jpg,raw/wildlife/5887179c-23d2-11e8-a6a3-ec086b02610b.jpg,raccoon,,CCT_Loc_75,Caltech_2018,2011-09-05 03:42:01,34.0522,-118.2437,CAM_75,6efd516e-5567-11e8-988e-dca9047ef277,https://lila.science/datasets/caltech-camera-traps
1205,CCT20_LILA_BC,5874d3b9-23d2-11e8-a6a3-ec086b02610b.jpg,raw/wildlife/5874d3b9-23d2-11e8-a6a3-ec086b02610b.jpg,raccoon,,CCT_Loc_75,Caltech_2018,2011-09-05 03:41:05,34.0522,-118.2437,CAM_75,6efd50e1-5567-11e8-8c79-dca9047ef277,https://lila.science/datasets/caltech-camera-traps
1206,CCT20_LILA_BC,58eacb16-23d2-11e8-a6a3-ec086b02610b.jpg,raw/wildlife/58eacb16-23d2-11e8-a6a3-ec086b02610b.jpg,raccoon,,CCT_Loc_75,Caltech_2018,2011-12-25 23:14:15,34.0522,-118.2437,CAM_75,6efd7694-5567-11e8-b3dd-dca9047ef277,https://lila.science/datasets/caltech-camera-traps
1207,CCT20_LILA_BC,589e681c-23d2-11e8-a6a3-ec086b02610b.jpg,raw/wildlife/589e681c-23d2-11e8-a6a3-ec086b02610b.jpg,raccoon,,CCT_Loc_75,Caltech_2018,2012-01-14 21:24:34,34.0522,-118.2437,CAM_75,6efd83bd-5567-11e8-a7a4-dca9047ef277,https://lila.science/datasets/caltech-camera-traps
1208,CCT20_LILA_BC,58bd1a83-23d2-11e8-a6a3-ec086b02610b.jpg,raw/wildlife/58bd1a83-23d2-11e8-a6a3-ec086b02610b.jpg,raccoon,,CCT_Loc_75,Caltech_2018,2011-12-25 23:14:07,34.0522,-118.2437,CAM_75,6efd7611-5567-11e8-8f0a-dca9047ef277,https://lila.science/datasets/caltech-camera-traps
1209,CCT20_LILA_BC,588f66a3-23d2-11e8-a6a3-ec086b02610b.jpg,raw/wildlife/588f66a3-23d2-11e8-a6a3-ec086b02610b.jpg,raccoon,,CCT_Loc_75,Caltech_2018,2012-01-14 21:24:36,34.0522,-118.2437,CAM_75,6efd83bd-5567-11e8-a7a4-dca9047ef277,https://lila.science/datasets/caltech-camera-traps
1210,CCT20_LILA_BC,593ef790-23d2-11e8-a6a3-ec086b02610b.jpg,raw/wildlife/593ef790-23d2-11e8-a6a3-ec086b02610b.jpg,raccoon,,CCT_Loc_75,Caltech_2018,2011-12-25 23:14:08,34.0522,-118.2437,CAM_75,6efd7611-5567-11e8-8f0a-dca9047ef277,https://lila.science/datasets/caltech-camera-traps
1211,CCT20_LILA_BC,58c97dc6-23d2-11e8-a6a3-ec086b02610b.jpg,raw/wildlife/58c97dc6-23d2-11e8-a6a3-ec086b02610b.jpg,raccoon,,CCT_Loc_75,Caltech_2018,2012-01-14 21:24:35,34.0522,-118.2437,CAM_75,6efd83bd-5567-11e8-a7a4-dca9047ef277,https://lila.science/datasets/caltech-camera-traps
1212,CCT20_LILA_BC,58d7a0ee-23d2-11e8-a6a3-ec086b02610b.jpg,raw/wildlife/58d7a0ee-23d2-11e8-a6a3-ec086b02610b.jpg,raccoon,,CCT_Loc_75,Caltech_2018,2011-12-25 23:14:14,34.0522,-118.2437,CAM_75,6efd7694-5567-11e8-b3dd-dca9047ef277,https://lila.science/datasets/caltech-camera-traps
1213,CCT20_LILA_BC,58b9d6d3-23d2-11e8-a6a3-ec086b02610b.jpg,raw/wildlife/58b9d6d3-23d2-11e8-a6a3-ec086b02610b.jpg,raccoon,,CCT_Loc_75,Caltech_2018,2011-12-25 23:14:09,34.0522,-118.2437,CAM_75,6efd7611-5567-11e8-8f0a-dca9047ef277,https://lila.science/datasets/caltech-camera-traps
1214,CCT20_LILA_BC,59452b2b-23d2-11e8-a6a3-ec086b02610b.jpg,raw/wildlife/59452b2b-23d2-11e8-a6a3-ec086b02610b.jpg,raccoon,,CCT_Loc_75,Caltech_2018,2011-12-25 23:14:13,34.0522,-118.2437,CAM_75,6efd7694-5567-11e8-b3dd-dca9047ef277,https://lila.science/datasets/caltech-camera-traps
1215,CCT20_LILA_BC,594846bb-23d2-11e8-a6a3-ec086b02610b.jpg,raw/wildlife/594846bb-23d2-11e8-a6a3-ec086b02610b.jpg,raccoon,,CCT_Loc_75,Caltech_2018,2011-08-12 12:23:40,34.0522,-118.2437,CAM_75,6efd4aa3-5567-11e8-a4b0-dca9047ef277,https://lila.science/datasets/caltech-camera-traps
1216,CCT20_LILA_BC,58c66224-23d2-11e8-a6a3-ec086b02610b.jpg,raw/wildlife/58c66224-23d2-11e8-a6a3-ec086b02610b.jpg,raccoon,,CCT_Loc_75,Caltech_2018,2011-08-06 01:21:06,34.0522,-118.2437,CAM_75,6efd489c-5567-11e8-8769-dca9047ef277,https://lila.science/datasets/caltech-camera-traps
1217,CCT20_LILA_BC,593bdc7c-23d2-11e8-a6a3-ec086b02610b.jpg,raw/wildlife/593bdc7c-23d2-11e8-a6a3-ec086b02610b.jpg,raccoon,,CCT_Loc_75,Caltech_2018,2011-08-06 01:21:05,34.0522,-118.2437,CAM_75,6efd489c-5567-11e8-8769-dca9047ef277,https://lila.science/datasets/caltech-camera-traps
1218,CCT20_LILA_BC,58c34d15-23d2-11e8-a6a3-ec086b02610b.jpg,raw/wildlife/58c34d15-23d2-11e8-a6a3-ec086b02610b.jpg,raccoon,,CCT_Loc_75,Caltech_2018,2011-08-06 01:21:04,34.0522,-118.2437,CAM_75,6efd489c-5567-11e8-8769-dca9047ef277,https://lila.science/datasets/caltech-camera-traps
1219,CCT20_LILA_BC,58cb130b-23d2-11e8-a6a3-ec086b02610b.jpg,raw/wildlife/58cb130b-23d2-11e8-a6a3-ec086b02610b.jpg,raccoon,,CCT_Loc_75,Caltech_2018,2011-08-12 12:23:42,34.0522,-118.2437,CAM_75,6efd4aa3-5567-11e8-a4b0-dca9047ef277,https://lila.science/datasets/caltech-camera-traps
1220,CCT20_LILA_BC,58df69d8-23d2-11e8-a6a3-ec086b02610b.jpg,raw/wildlife/58df69d8-23d2-11e8-a6a3-ec086b02610b.jpg,raccoon,,CCT_Loc_75,Caltech_2018,2011-08-12 12:23:41,34.0522,-118.2437,CAM_75,6efd4aa3-5567-11e8-a4b0-dca9047ef277,https://lila.science/datasets/caltech-camera-traps
1221,CCT20_LILA_BC,585da9a4-23d2-11e8-a6a3-ec086b02610b.jpg,raw/wildlife/585da9a4-23d2-11e8-a6a3-ec086b02610b.jpg,raccoon,,CCT_Loc_75,Caltech_2018,2011-09-24 04:20:55,34.0522,-118.2437,CAM_75,6efd5497-5567-11e8-b81b-dca9047ef277,https://lila.science/datasets/caltech-camera-traps
1222,CCT20_LILA_BC,585a6222-23d2-11e8-a6a3-ec086b02610b.jpg,raw/wildlife/585a6222-23d2-11e8-a6a3-ec086b02610b.jpg,raccoon,,CCT_Loc_75,Caltech_2018,2011-09-24 04:20:57,34.0522,-118.2437,CAM_75,6efd5497-5567-11e8-b81b-dca9047ef277,https://lila.science/datasets/caltech-camera-traps
1223,CCT20_LILA_BC,588dbcb1-23d2-11e8-a6a3-ec086b02610b.jpg,raw/wildlife/588dbcb1-23d2-11e8-a6a3-ec086b02610b.jpg,raccoon,,CCT_Loc_75,Caltech_2018,2011-09-24 04:20:56,34.0522,-118.2437,CAM_75,6efd5497-5567-11e8-b81b-dca9047ef277,https://lila.science/datasets/caltech-camera-traps
1224,CCT20_LILA_BC,58cfc98e-23d2-11e8-a6a3-ec086b02610b.jpg,raw/wildlife/58cfc98e-23d2-11e8-a6a3-ec086b02610b.jpg,raccoon,,CCT_Loc_75,Caltech_2018,2012-02-26 05:54:33,34.0522,-118.2437,CAM_75,6efe12ca-5567-11e8-8bd7-dca9047ef277,https://lila.science/datasets/caltech-camera-traps
1225,CCT20_LILA_BC,5935a6ad-23d2-11e8-a6a3-ec086b02610b.jpg,raw/wildlife/5935a6ad-23d2-11e8-a6a3-ec086b02610b.jpg,raccoon,,CCT_Loc_75,Caltech_2018,2012-02-26 05:54:34,34.0522,-118.2437,CAM_75,6efe12ca-5567-11e8-8bd7-dca9047ef277,https://lila.science/datasets/caltech-camera-traps
1226,CCT20_LILA_BC,5862928f-23d2-11e8-a6a3-ec086b02610b.jpg,raw/wildlife/5862928f-23d2-11e8-a6a3-ec086b02610b.jpg,raccoon,,CCT_Loc_75,Caltech_2018,2012-02-26 05:54:35,34.0522,-118.2437,CAM_75,6efe12ca-5567-11e8-8bd7-dca9047ef277,https://lila.science/datasets/caltech-camera-traps
1227,CCT20_LILA_BC,58dc4aad-23d2-11e8-a6a3-ec086b02610b.jpg,raw/wildlife/58dc4aad-23d2-11e8-a6a3-ec086b02610b.jpg,raccoon,,CCT_Loc_75,Caltech_2018,2012-04-17 05:24:43,34.0522,-118.2437,CAM_75,6efe1e75-5567-11e8-aaaf-dca9047ef277,https://lila.science/datasets/caltech-camera-traps
1228,CCT20_LILA_BC,588f6586-23d2-11e8-a6a3-ec086b02610b.jpg,raw/wildlife/588f6586-23d2-11e8-a6a3-ec086b02610b.jpg,raccoon,,CCT_Loc_75,Caltech_2018,2012-04-17 05:24:42,34.0522,-118.2437,CAM_75,6efe1e75-5567-11e8-aaaf-dca9047ef277,https://lila.science/datasets/caltech-camera-traps
1229,CCT20_LILA_BC,5879d32a-23d2-11e8-a6a3-ec086b02610b.jpg,raw/wildlife/5879d32a-23d2-11e8-a6a3-ec086b02610b.jpg,raccoon,,CCT_Loc_75,Caltech_2018,2012-04-17 05:24:41,34.0522,-118.2437,CAM_75,6efe1e75-5567-11e8-aaaf-dca9047ef277,https://lila.science/datasets/caltech-camera-traps
1230,CCT20_LILA_BC,58ec586a-23d2-11e8-a6a3-ec086b02610b.jpg,raw/wildlife/58ec586a-23d2-11e8-a6a3-ec086b02610b.jpg,raccoon,,CCT_Loc_75,Caltech_2018,2012-05-02 05:40:46,34.0522,-118.2437,CAM_75,6efe286e-5567-11e8-880c-dca9047ef277,https://lila.science/datasets/caltech-camera-traps
1231,CCT20_LILA_BC,590d2afa-23d2-11e8-a6a3-ec086b02610b.jpg,raw/wildlife/590d2afa-23d2-11e8-a6a3-ec086b02610b.jpg,raccoon,,CCT_Loc_75,Caltech_2018,2012-05-02 05:40:47,34.0522,-118.2437,CAM_75,6efe286e-5567-11e8-880c-dca9047ef277,https://lila.science/datasets/caltech-camera-traps
1232,CCT20_LILA_BC,590d2e33-23d2-11e8-a6a3-ec086b02610b.jpg,raw/wildlife/590d2e33-23d2-11e8-a6a3-ec086b02610b.jpg,raccoon,,CCT_Loc_75,Caltech_2018,2012-02-17 22:24:05,34.0522,-118.2437,CAM_75,6efe0f82-5567-11e8-b716-dca9047ef277,https://lila.science/datasets/caltech-camera-traps
1233,CCT20_LILA_BC,58c664ca-23d2-11e8-a6a3-ec086b02610b.jpg,raw/wildlife/58c664ca-23d2-11e8-a6a3-ec086b02610b.jpg,raccoon,,CCT_Loc_75,Caltech_2018,2012-02-17 22:24:03,34.0522,-118.2437,CAM_75,6efe0f82-5567-11e8-b716-dca9047ef277,https://lila.science/datasets/caltech-camera-traps
1234,CCT20_LILA_BC,589cb2f7-23d2-11e8-a6a3-ec086b02610b.jpg,raw/wildlife/589cb2f7-23d2-11e8-a6a3-ec086b02610b.jpg,raccoon,,CCT_Loc_75,Caltech_2018,2012-02-17 22:24:04,34.0522,-118.2437,CAM_75,6efe0f82-5567-11e8-b716-dca9047ef277,https://lila.science/datasets/caltech-camera-traps
1235,CCT20_LILA_BC,59f79860-23d2-11e8-a6a3-ec086b02610b.jpg,raw/wildlife/59f79860-23d2-11e8-a6a3-ec086b02610b.jpg,raccoon,,CCT_Loc_38,Caltech_2018,2011-12-11 03:12:19,34.0522,-118.2437,CAM_38,6f0164b5-5567-11e8-959e-dca9047ef277,https://lila.science/datasets/caltech-camera-traps
1236,CCT20_LILA_BC,59b616c6-23d2-11e8-a6a3-ec086b02610b.jpg,raw/wildlife/59b616c6-23d2-11e8-a6a3-ec086b02610b.jpg,raccoon,,CCT_Loc_38,Caltech_2018,2011-12-11 03:10:25,34.0522,-118.2437,CAM_38,6f015d05-5567-11e8-bb1d-dca9047ef277,https://lila.science/datasets/caltech-camera-traps
1237,CCT20_LILA_BC,59e1054b-23d2-11e8-a6a3-ec086b02610b.jpg,raw/wildlife/59e1054b-23d2-11e8-a6a3-ec086b02610b.jpg,raccoon,,CCT_Loc_38,Caltech_2018,2011-12-11 03:10:26,34.0522,-118.2437,CAM_38,6f015d05-5567-11e8-bb1d-dca9047ef277,https://lila.science/datasets/caltech-camera-traps
1238,CCT20_LILA_BC,5976a2e9-23d2-11e8-a6a3-ec086b02610b.jpg,raw/wildlife/5976a2e9-23d2-11e8-a6a3-ec086b02610b.jpg,raccoon,,CCT_Loc_38,Caltech_2018,2011-11-16 03:16:52,34.0522,-118.2437,CAM_38,6f00d6c2-5567-11e8-bc2c-dca9047ef277,https://lila.science/datasets/caltech-camera-traps
1239,CCT20_LILA_BC,5a02fc80-23d2-11e8-a6a3-ec086b02610b.jpg,raw/wildlife/5a02fc80-23d2-11e8-a6a3-ec086b02610b.jpg,raccoon,,CCT_Loc_38,Caltech_2018,2011-12-11 03:12:02,34.0522,-118.2437,CAM_38,6f0162b8-5567-11e8-afb5-dca9047ef277,https://lila.science/datasets/caltech-camera-traps
1240,CCT20_LILA_BC,5a231108-23d2-11e8-a6a3-ec086b02610b.jpg,raw/wildlife/5a231108-23d2-11e8-a6a3-ec086b02610b.jpg,raccoon,,CCT_Loc_38,Caltech_2018,2011-12-11 03:10:39,34.0522,-118.2437,CAM_38,6f015e11-5567-11e8-9415-dca9047ef277,https://lila.science/datasets/caltech-camera-traps
1241,CCT20_LILA_BC,59d4180f-23d2-11e8-a6a3-ec086b02610b.jpg,raw/wildlife/59d4180f-23d2-11e8-a6a3-ec086b02610b.jpg,raccoon,,CCT_Loc_38,Caltech_2018,2011-11-16 03:17:00,34.0522,-118.2437,CAM_38,6f00d7d9-5567-11e8-9700-dca9047ef277,https://lila.science/datasets/caltech-camera-traps
1242,CCT20_LILA_BC,58d61304-23d2-11e8-a6a3-ec086b02610b.jpg,raw/wildlife/58d61304-23d2-11e8-a6a3-ec086b02610b.jpg,bobcat,,CCT_Loc_75,Caltech_2018,2011-11-30 11:39:18,34.0522,-118.2437,CAM_75,6efd6759-5567-11e8-867c-dca9047ef277,https://lila.science/datasets/caltech-camera-traps
1243,CCT20_LILA_BC,591cb305-23d2-11e8-a6a3-ec086b02610b.jpg,raw/wildlife/591cb305-23d2-11e8-a6a3-ec086b02610b.jpg,bobcat,,CCT_Loc_75,Caltech_2018,2011-11-03 19:46:33,34.0522,-118.2437,CAM_75,6efd5d4f-5567-11e8-947b-dca9047ef277,https://lila.science/datasets/caltech-camera-traps
1244,CCT20_LILA_BC,593734f9-23d2-11e8-a6a3-ec086b02610b.jpg,raw/wildlife/593734f9-23d2-11e8-a6a3-ec086b02610b.jpg,bobcat,,CCT_Loc_75,Caltech_2018,2011-11-30 11:42:42,34.0522,-118.2437,CAM_75,6efd688f-5567-11e8-93ad-dca9047ef277,https://lila.science/datasets/caltech-camera-traps
1245,CCT20_LILA_BC,592de344-23d2-11e8-a6a3-ec086b02610b.jpg,raw/wildlife/592de344-23d2-11e8-a6a3-ec086b02610b.jpg,bobcat,,CCT_Loc_75,Caltech_2018,2011-12-13 21:14:55,34.0522,-118.2437,CAM_75,6efd7161-5567-11e8-9ee2-dca9047ef277,https://lila.science/datasets/caltech-camera-traps
1246,CCT20_LILA_BC,59328c3c-23d2-11e8-a6a3-ec086b02610b.jpg,raw/wildlife/59328c3c-23d2-11e8-a6a3-ec086b02610b.jpg,bobcat,,CCT_Loc_75,Caltech_2018,2011-12-13 14:07:21,34.0522,-118.2437,CAM_75,6efd6f3d-5567-11e8-8ef5-dca9047ef277,https://lila.science/datasets/caltech-camera-traps
1247,CCT20_LILA_BC,58e40c6e-23d2-11e8-a6a3-ec086b02610b.jpg,raw/wildlife/58e40c6e-23d2-11e8-a6a3-ec086b02610b.jpg,bobcat,,CCT_Loc_75,Caltech_2018,2011-12-06 13:04:36,34.0522,-118.2437,CAM_75,6efd6d17-5567-11e8-8785-dca9047ef277,https://lila.science/datasets/caltech-camera-traps
1248,CCT20_LILA_BC,58fa5c8a-23d2-11e8-a6a3-ec086b02610b.jpg,raw/wildlife/58fa5c8a-23d2-11e8-a6a3-ec086b02610b.jpg,bobcat,,CCT_Loc_75,Caltech_2018,2011-11-30 14:09:34,34.0522,-118.2437,CAM_75,6efd6961-5567-11e8-9f74-dca9047ef277,https://lila.science/datasets/caltech-camera-traps
1249,CCT20_LILA_BC,589b0202-23d2-11e8-a6a3-ec086b02610b.jpg,raw/wildlife/589b0202-23d2-11e8-a6a3-ec086b02610b.jpg,bobcat,,CCT_Loc_75,Caltech_2018,2011-12-02 04:54:57,34.0522,-118.2437,CAM_75,6efd6b0c-5567-11e8-bbf8-dca9047ef277,https://lila.science/datasets/caltech-camera-traps
1250,CCT20_LILA_BC,5883e86e-23d2-11e8-a6a3-ec086b02610b.jpg,raw/wildlife/5883e86e-23d2-11e8-a6a3-ec086b02610b.jpg,bobcat,,CCT_Loc_75,Caltech_2018,2011-12-05 05:29:29,34.0522,-118.2437,CAM_75,6efd6c45-5567-11e8-837f-dca9047ef277,https://lila.science/datasets/caltech-camera-traps
1251,CCT20_LILA_BC,58bb8bb2-23d2-11e8-a6a3-ec086b02610b.jpg,raw/wildlife/58bb8bb2-23d2-11e8-a6a3-ec086b02610b.jpg,bobcat,,CCT_Loc_75,Caltech_2018,2011-11-30 11:39:19,34.0522,-118.2437,CAM_75,6efd6759-5567-11e8-867c-dca9047ef277,https://lila.science/datasets/caltech-camera-traps
1252,CCT20_LILA_BC,58dac048-23d2-11e8-a6a3-ec086b02610b.jpg,raw/wildlife/58dac048-23d2-11e8-a6a3-ec086b02610b.jpg,bobcat,,CCT_Loc_75,Caltech_2018,2011-12-06 13:04:34,34.0522,-118.2437,CAM_75,6efd6d17-5567-11e8-8785-dca9047ef277,https://lila.science/datasets/caltech-camera-traps
1253,CCT20_LILA_BC,5922ecda-23d2-11e8-a6a3-ec086b02610b.jpg,raw/wildlife/5922ecda-23d2-11e8-a6a3-ec086b02610b.jpg,bobcat,,CCT_Loc_75,Caltech_2018,2011-12-13 14:07:26,34.0522,-118.2437,CAM_75,6efd6fc7-5567-11e8-85a0-dca9047ef277,https://lila.science/datasets/caltech-camera-traps
1254,CCT20_LILA_BC,58c661d2-23d2-11e8-a6a3-ec086b02610b.jpg,raw/wildlife/58c661d2-23d2-11e8-a6a3-ec086b02610b.jpg,bobcat,,CCT_Loc_75,Caltech_2018,2011-11-03 19:46:34,34.0522,-118.2437,CAM_75,6efd5d4f-5567-11e8-947b-dca9047ef277,https://lila.science/datasets/caltech-camera-traps
1255,CCT20_LILA_BC,59087f94-23d2-11e8-a6a3-ec086b02610b.jpg,raw/wildlife/59087f94-23d2-11e8-a6a3-ec086b02610b.jpg,bobcat,,CCT_Loc_75,Caltech_2018,2011-11-20 07:31:45,34.0522,-118.2437,CAM_75,6efd632b-5567-11e8-80ca-dca9047ef277,https://lila.science/datasets/caltech-camera-traps
1256,CCT20_LILA_BC,5906f06c-23d2-11e8-a6a3-ec086b02610b.jpg,raw/wildlife/5906f06c-23d2-11e8-a6a3-ec086b02610b.jpg,bobcat,,CCT_Loc_75,Caltech_2018,2011-12-10 07:18:46,34.0522,-118.2437,CAM_75,6efd6d82-5567-11e8-a94b-dca9047ef277,https://lila.science/datasets/caltech-camera-traps
1257,CCT20_LILA_BC,59310136-23d2-11e8-a6a3-ec086b02610b.jpg,raw/wildlife/59310136-23d2-11e8-a6a3-ec086b02610b.jpg,bobcat,,CCT_Loc_75,Caltech_2018,2011-12-13 14:07:23,34.0522,-118.2437,CAM_75,6efd6f3d-5567-11e8-8ef5-dca9047ef277,https://lila.science/datasets/caltech-camera-traps
1258,CCT20_LILA_BC,58732da0-23d2-11e8-a6a3-ec086b02610b.jpg,raw/wildlife/58732da0-23d2-11e8-a6a3-ec086b02610b.jpg,bobcat,,CCT_Loc_75,Caltech_2018,2011-11-30 14:09:35,34.0522,-118.2437,CAM_75,6efd6961-5567-11e8-9f74-dca9047ef277,https://lila.science/datasets/caltech-camera-traps
1259,CCT20_LILA_BC,5922ec25-23d2-11e8-a6a3-ec086b02610b.jpg,raw/wildlife/5922ec25-23d2-11e8-a6a3-ec086b02610b.jpg,bobcat,,CCT_Loc_75,Caltech_2018,2011-11-30 11:42:41,34.0522,-118.2437,CAM_75,6efd681e-5567-11e8-aaeb-dca9047ef277,https://lila.science/datasets/caltech-camera-traps
1260,CCT20_LILA_BC,58823dd7-23d2-11e8-a6a3-ec086b02610b.jpg,raw/wildlife/58823dd7-23d2-11e8-a6a3-ec086b02610b.jpg,bobcat,,CCT_Loc_75,Caltech_2018,2011-11-20 07:31:46,34.0522,-118.2437,CAM_75,6efd632b-5567-11e8-80ca-dca9047ef277,https://lila.science/datasets/caltech-camera-traps
1261,CCT20_LILA_BC,585a6501-23d2-11e8-a6a3-ec086b02610b.jpg,raw/wildlife/585a6501-23d2-11e8-a6a3-ec086b02610b.jpg,bobcat,,CCT_Loc_75,Caltech_2018,2011-11-30 14:09:41,34.0522,-118.2437,CAM_75,6efd69cf-5567-11e8-b208-dca9047ef277,https://lila.science/datasets/caltech-camera-traps
1262,CCT20_LILA_BC,58fbeca0-23d2-11e8-a6a3-ec086b02610b.jpg,raw/wildlife/58fbeca0-23d2-11e8-a6a3-ec086b02610b.jpg,bobcat,,CCT_Loc_75,Caltech_2018,2011-11-17 22:48:10,34.0522,-118.2437,CAM_75,6efd624c-5567-11e8-91ad-dca9047ef277,https://lila.science/datasets/caltech-camera-traps
1263,CCT20_LILA_BC,593ef7b2-23d2-11e8-a6a3-ec086b02610b.jpg,raw/wildlife/593ef7b2-23d2-11e8-a6a3-ec086b02610b.jpg,bobcat,,CCT_Loc_75,Caltech_2018,2011-11-30 11:42:47,34.0522,-118.2437,CAM_75,6efd68fd-5567-11e8-98f9-dca9047ef277,https://lila.science/datasets/caltech-camera-traps
1264,CCT20_LILA_BC,58c34dc9-23d2-11e8-a6a3-ec086b02610b.jpg,raw/wildlife/58c34dc9-23d2-11e8-a6a3-ec086b02610b.jpg,bobcat,,CCT_Loc_75,Caltech_2018,2011-12-02 04:54:59,34.0522,-118.2437,CAM_75,6efd6b0c-5567-11e8-bbf8-dca9047ef277,https://lila.science/datasets/caltech-camera-traps
1265,CCT20_LILA_BC,58ff0eec-23d2-11e8-a6a3-ec086b02610b.jpg,raw/wildlife/58ff0eec-23d2-11e8-a6a3-ec086b02610b.jpg,bobcat,,CCT_Loc_75,Caltech_2018,2011-11-30 11:37:11,34.0522,-118.2437,CAM_75,6efd66e8-5567-11e8-8e54-dca9047ef277,https://lila.science/datasets/caltech-camera-traps
1266,CCT20_LILA_BC,5922ec36-23d2-11e8-a6a3-ec086b02610b.jpg,raw/wildlife/5922ec36-23d2-11e8-a6a3-ec086b02610b.jpg,bobcat,,CCT_Loc_75,Caltech_2018,2011-12-13 21:14:54,34.0522,-118.2437,CAM_75,6efd7161-5567-11e8-9ee2-dca9047ef277,https://lila.science/datasets/caltech-camera-traps
1267,CCT20_LILA_BC,58cfcc31-23d2-11e8-a6a3-ec086b02610b.jpg,raw/wildlife/58cfcc31-23d2-11e8-a6a3-ec086b02610b.jpg,bobcat,,CCT_Loc_75,Caltech_2018,2011-11-17 08:39:37,34.0522,-118.2437,CAM_75,6efd617a-5567-11e8-99d3-dca9047ef277,https://lila.science/datasets/caltech-camera-traps
1268,CCT20_LILA_BC,59341976-23d2-11e8-a6a3-ec086b02610b.jpg,raw/wildlife/59341976-23d2-11e8-a6a3-ec086b02610b.jpg,bobcat,,CCT_Loc_75,Caltech_2018,2011-11-30 11:42:40,34.0522,-118.2437,CAM_75,6efd681e-5567-11e8-aaeb-dca9047ef277,https://lila.science/datasets/caltech-camera-traps
1269,CCT20_LILA_BC,590a1057-23d2-11e8-a6a3-ec086b02610b.jpg,raw/wildlife/590a1057-23d2-11e8-a6a3-ec086b02610b.jpg,bobcat,,CCT_Loc_75,Caltech_2018,2011-11-30 14:09:33,34.0522,-118.2437,CAM_75,6efd6961-5567-11e8-9f74-dca9047ef277,https://lila.science/datasets/caltech-camera-traps
1270,CCT20_LILA_BC,5865e538-23d2-11e8-a6a3-ec086b02610b.jpg,raw/wildlife/5865e538-23d2-11e8-a6a3-ec086b02610b.jpg,bobcat,,CCT_Loc_75,Caltech_2018,2011-12-10 07:18:44,34.0522,-118.2437,CAM_75,6efd6d82-5567-11e8-a94b-dca9047ef277,https://lila.science/datasets/caltech-camera-traps
1271,CCT20_LILA_BC,591cb272-23d2-11e8-a6a3-ec086b02610b.jpg,raw/wildlife/591cb272-23d2-11e8-a6a3-ec086b02610b.jpg,bobcat,,CCT_Loc_75,Caltech_2018,2011-11-17 08:39:41,34.0522,-118.2437,CAM_75,6efd61de-5567-11e8-a643-dca9047ef277,https://lila.science/datasets/caltech-camera-traps
1272,CCT20_LILA_BC,591e40b1-23d2-11e8-a6a3-ec086b02610b.jpg,raw/wildlife/591e40b1-23d2-11e8-a6a3-ec086b02610b.jpg,bobcat,,CCT_Loc_75,Caltech_2018,2011-11-30 11:37:06,34.0522,-118.2437,CAM_75,6efd667a-5567-11e8-8706-dca9047ef277,https://lila.science/datasets/caltech-camera-traps
1273,CCT20_LILA_BC,5930fe8d-23d2-11e8-a6a3-ec086b02610b.jpg,raw/wildlife/5930fe8d-23d2-11e8-a6a3-ec086b02610b.jpg,bobcat,,CCT_Loc_75,Caltech_2018,2011-11-17 22:48:13,34.0522,-118.2437,CAM_75,6efd62bd-5567-11e8-816a-dca9047ef277,https://lila.science/datasets/caltech-camera-traps
1274,CCT20_LILA_BC,591fd17b-23d2-11e8-a6a3-ec086b02610b.jpg,raw/wildlife/591fd17b-23d2-11e8-a6a3-ec086b02610b.jpg,bobcat,,CCT_Loc_75,Caltech_2018,2011-11-30 11:40:42,34.0522,-118.2437,CAM_75,6efd67ba-5567-11e8-93ab-dca9047ef277,https://lila.science/datasets/caltech-camera-traps
1275,CCT20_LILA_BC,58857e1e-23d2-11e8-a6a3-ec086b02610b.jpg,raw/wildlife/58857e1e-23d2-11e8-a6a3-ec086b02610b.jpg,bobcat,,CCT_Loc_75,Caltech_2018,2011-11-30 11:42:48,34.0522,-118.2437,CAM_75,6efd68fd-5567-11e8-98f9-dca9047ef277,https://lila.science/datasets/caltech-camera-traps
1276,CCT20_LILA_BC,58d931b9-23d2-11e8-a6a3-ec086b02610b.jpg,raw/wildlife/58d931b9-23d2-11e8-a6a3-ec086b02610b.jpg,bobcat,,CCT_Loc_75,Caltech_2018,2011-11-20 07:31:47,34.0522,-118.2437,CAM_75,6efd632b-5567-11e8-80ca-dca9047ef277,https://lila.science/datasets/caltech-camera-traps
1277,CCT20_LILA_BC,5897b05a-23d2-11e8-a6a3-ec086b02610b.jpg,raw/wildlife/5897b05a-23d2-11e8-a6a3-ec086b02610b.jpg,bobcat,,CCT_Loc_75,Caltech_2018,2011-12-01 18:21:11,34.0522,-118.2437,CAM_75,6efd6aa1-5567-11e8-8df7-dca9047ef277,https://lila.science/datasets/caltech-camera-traps
1278,CCT20_LILA_BC,58fa602b-23d2-11e8-a6a3-ec086b02610b.jpg,raw/wildlife/58fa602b-23d2-11e8-a6a3-ec086b02610b.jpg,bobcat,,CCT_Loc_75,Caltech_2018,2011-12-05 05:29:09,34.0522,-118.2437,CAM_75,6efd6bde-5567-11e8-b116-dca9047ef277,https://lila.science/datasets/caltech-camera-traps
1279,CCT20_LILA_BC,586c88f2-23d2-11e8-a6a3-ec086b02610b.jpg,raw/wildlife/586c88f2-23d2-11e8-a6a3-ec086b02610b.jpg,bobcat,,CCT_Loc_75,Caltech_2018,2011-11-22 17:40:49,34.0522,-118.2437,CAM_75,6efd63fd-5567-11e8-a193-dca9047ef277,https://lila.science/datasets/caltech-camera-traps
1280,CCT20_LILA_BC,592ac143-23d2-11e8-a6a3-ec086b02610b.jpg,raw/wildlife/592ac143-23d2-11e8-a6a3-ec086b02610b.jpg,bobcat,,CCT_Loc_75,Caltech_2018,2011-11-17 08:39:33,34.0522,-118.2437,CAM_75,6efd610c-5567-11e8-bb7a-dca9047ef277,https://lila.science/datasets/caltech-camera-traps
1281,CCT20_LILA_BC,588dbc62-23d2-11e8-a6a3-ec086b02610b.jpg,raw/wildlife/588dbc62-23d2-11e8-a6a3-ec086b02610b.jpg,bobcat,,CCT_Loc_75,Caltech_2018,2011-11-03 19:46:03,34.0522,-118.2437,CAM_75,6efd5cd4-5567-11e8-878e-dca9047ef277,https://lila.science/datasets/caltech-camera-traps
1282,CCT20_LILA_BC,5865e3d8-23d2-11e8-a6a3-ec086b02610b.jpg,raw/wildlife/5865e3d8-23d2-11e8-a6a3-ec086b02610b.jpg,bobcat,,CCT_Loc_75,Caltech_2018,2011-11-30 14:09:42,34.0522,-118.2437,CAM_75,6efd69cf-5567-11e8-b208-dca9047ef277,https://lila.science/datasets/caltech-camera-traps
1283,CCT20_LILA_BC,58946120-23d2-11e8-a6a3-ec086b02610b.jpg,raw/wildlife/58946120-23d2-11e8-a6a3-ec086b02610b.jpg,bobcat,,CCT_Loc_75,Caltech_2018,2011-12-01 18:21:12,34.0522,-118.2437,CAM_75,6efd6aa1-5567-11e8-8df7-dca9047ef277,https://lila.science/datasets/caltech-camera-traps
1284,CCT20_LILA_BC,58e40ec8-23d2-11e8-a6a3-ec086b02610b.jpg,raw/wildlife/58e40ec8-23d2-11e8-a6a3-ec086b02610b.jpg,bobcat,,CCT_Loc_75,Caltech_2018,2011-11-30 11:36:58,34.0522,-118.2437,CAM_75,6efd660c-5567-11e8-958e-dca9047ef277,https://lila.science/datasets/caltech-camera-traps
1285,CCT20_LILA_BC,58c7f029-23d2-11e8-a6a3-ec086b02610b.jpg,raw/wildlife/58c7f029-23d2-11e8-a6a3-ec086b02610b.jpg,bobcat,,CCT_Loc_75,Caltech_2018,2011-11-30 11:37:09,34.0522,-118.2437,CAM_75,6efd66e8-5567-11e8-8e54-dca9047ef277,https://lila.science/datasets/caltech-camera-traps
1286,CCT20_LILA_BC,58ede457-23d2-11e8-a6a3-ec086b02610b.jpg,raw/wildlife/58ede457-23d2-11e8-a6a3-ec086b02610b.jpg,bobcat,,CCT_Loc_75,Caltech_2018,2011-11-30 11:37:10,34.0522,-118.2437,CAM_75,6efd66e8-5567-11e8-8e54-dca9047ef277,https://lila.science/datasets/caltech-camera-traps
1287,CCT20_LILA_BC,59279bc3-23d2-11e8-a6a3-ec086b02610b.jpg,raw/wildlife/59279bc3-23d2-11e8-a6a3-ec086b02610b.jpg,bobcat,,CCT_Loc_75,Caltech_2018,2011-11-30 14:09:44,34.0522,-118.2437,CAM_75,6efd6a33-5567-11e8-a1e5-dca9047ef277,https://lila.science/datasets/caltech-camera-traps
1288,CCT20_LILA_BC,58ff0ff3-23d2-11e8-a6a3-ec086b02610b.jpg,raw/wildlife/58ff0ff3-23d2-11e8-a6a3-ec086b02610b.jpg,bobcat,,CCT_Loc_75,Caltech_2018,2011-11-30 11:42:46,34.0522,-118.2437,CAM_75,6efd68fd-5567-11e8-98f9-dca9047ef277,https://lila.science/datasets/caltech-camera-traps
1289,CCT20_LILA_BC,58e724f6-23d2-11e8-a6a3-ec086b02610b.jpg,raw/wildlife/58e724f6-23d2-11e8-a6a3-ec086b02610b.jpg,bobcat,,CCT_Loc_75,Caltech_2018,2011-11-22 17:40:50,34.0522,-118.2437,CAM_75,6efd63fd-5567-11e8-a193-dca9047ef277,https://lila.science/datasets/caltech-camera-traps
1290,CCT20_LILA_BC,58bea561-23d2-11e8-a6a3-ec086b02610b.jpg,raw/wildlife/58bea561-23d2-11e8-a6a3-ec086b02610b.jpg,bobcat,,CCT_Loc_75,Caltech_2018,2011-12-06 12:57:21,34.0522,-118.2437,CAM_75,6efd6ca8-5567-11e8-84e1-dca9047ef277,https://lila.science/datasets/caltech-camera-traps
1291,CCT20_LILA_BC,590a0f23-23d2-11e8-a6a3-ec086b02610b.jpg,raw/wildlife/590a0f23-23d2-11e8-a6a3-ec086b02610b.jpg,bobcat,,CCT_Loc_75,Caltech_2018,2011-12-06 12:57:23,34.0522,-118.2437,CAM_75,6efd6ca8-5567-11e8-84e1-dca9047ef277,https://lila.science/datasets/caltech-camera-traps
1292,CCT20_LILA_BC,5874d53f-23d2-11e8-a6a3-ec086b02610b.jpg,raw/wildlife/5874d53f-23d2-11e8-a6a3-ec086b02610b.jpg,bobcat,,CCT_Loc_75,Caltech_2018,2011-11-22 17:41:00,34.0522,-118.2437,CAM_75,6efd6468-5567-11e8-a42f-dca9047ef277,https://lila.science/datasets/caltech-camera-traps
1293,CCT20_LILA_BC,588f68f2-23d2-11e8-a6a3-ec086b02610b.jpg,raw/wildlife/588f68f2-23d2-11e8-a6a3-ec086b02610b.jpg,bobcat,,CCT_Loc_75,Caltech_2018,2011-11-03 19:46:35,34.0522,-118.2437,CAM_75,6efd5d4f-5567-11e8-947b-dca9047ef277,https://lila.science/datasets/caltech-camera-traps
1294,CCT20_LILA_BC,592abec0-23d2-11e8-a6a3-ec086b02610b.jpg,raw/wildlife/592abec0-23d2-11e8-a6a3-ec086b02610b.jpg,bobcat,,CCT_Loc_75,Caltech_2018,2011-11-17 22:48:08,34.0522,-118.2437,CAM_75,6efd624c-5567-11e8-91ad-dca9047ef277,https://lila.science/datasets/caltech-camera-traps
1295,CCT20_LILA_BC,58911044-23d2-11e8-a6a3-ec086b02610b.jpg,raw/wildlife/58911044-23d2-11e8-a6a3-ec086b02610b.jpg,bobcat,,CCT_Loc_75,Caltech_2018,2011-11-30 11:42:43,34.0522,-118.2437,CAM_75,6efd688f-5567-11e8-93ad-dca9047ef277,https://lila.science/datasets/caltech-camera-traps
1296,CCT20_LILA_BC,58e281e4-23d2-11e8-a6a3-ec086b02610b.jpg,raw/wildlife/58e281e4-23d2-11e8-a6a3-ec086b02610b.jpg,bobcat,,CCT_Loc_75,Caltech_2018,2011-12-13 21:14:51,34.0522,-118.2437,CAM_75,6efd70e1-5567-11e8-ac1c-dca9047ef277,https://lila.science/datasets/caltech-camera-traps
1297,CCT20_LILA_BC,5914ef53-23d2-11e8-a6a3-ec086b02610b.jpg,raw/wildlife/5914ef53-23d2-11e8-a6a3-ec086b02610b.jpg,bobcat,,CCT_Loc_75,Caltech_2018,2011-11-03 19:46:04,34.0522,-118.2437,CAM_75,6efd5cd4-5567-11e8-878e-dca9047ef277,https://lila.science/datasets/caltech-camera-traps
1298,CCT20_LILA_BC,59216640-23d2-11e8-a6a3-ec086b02610b.jpg,raw/wildlife/59216640-23d2-11e8-a6a3-ec086b02610b.jpg,bobcat,,CCT_Loc_75,Caltech_2018,2011-12-06 13:04:35,34.0522,-118.2437,CAM_75,6efd6d17-5567-11e8-8785-dca9047ef277,https://lila.science/datasets/caltech-camera-traps
1299,CCT20_LILA_BC,5876824f-23d2-11e8-a6a3-ec086b02610b.jpg,raw/wildlife/5876824f-23d2-11e8-a6a3-ec086b02610b.jpg,bobcat,,CCT_Loc_75,Caltech_2018,2011-11-30 14:09:46,34.0522,-118.2437,CAM_75,6efd6a33-5567-11e8-a1e5-dca9047ef277,https://lila.science/datasets/caltech-camera-traps
1300,CCT20_LILA_BC,5871835e-23d2-11e8-a6a3-ec086b02610b.jpg,raw/wildlife/5871835e-23d2-11e8-a6a3-ec086b02610b.jpg,bobcat,,CCT_Loc_75,Caltech_2018,2011-11-30 11:42:39,34.0522,-118.2437,CAM_75,6efd681e-5567-11e8-aaeb-dca9047ef277,https://lila.science/datasets/caltech-camera-traps
1301,CCT20_LILA_BC,59452dfd-23d2-11e8-a6a3-ec086b02610b.jpg,raw/wildlife/59452dfd-23d2-11e8-a6a3-ec086b02610b.jpg,bobcat,,CCT_Loc_75,Caltech_2018,2011-11-30 11:40:44,34.0522,-118.2437,CAM_75,6efd67ba-5567-11e8-93ab-dca9047ef277,https://lila.science/datasets/caltech-camera-traps
1302,CCT20_LILA_BC,59088151-23d2-11e8-a6a3-ec086b02610b.jpg,raw/wildlife/59088151-23d2-11e8-a6a3-ec086b02610b.jpg,bobcat,,CCT_Loc_75,Caltech_2018,2011-12-05 05:29:10,34.0522,-118.2437,CAM_75,6efd6bde-5567-11e8-b116-dca9047ef277,https://lila.science/datasets/caltech-camera-traps
1303,CCT20_LILA_BC,58871918-23d2-11e8-a6a3-ec086b02610b.jpg,raw/wildlife/58871918-23d2-11e8-a6a3-ec086b02610b.jpg,bobcat,,CCT_Loc_75,Caltech_2018,2011-11-30 11:36:57,34.0522,-118.2437,CAM_75,6efd660c-5567-11e8-958e-dca9047ef277,https://lila.science/datasets/caltech-camera-traps
1304,CCT20_LILA_BC,58f8ceb1-23d2-11e8-a6a3-ec086b02610b.jpg,raw/wildlife/58f8ceb1-23d2-11e8-a6a3-ec086b02610b.jpg,bobcat,,CCT_Loc_75,Caltech_2018,2011-11-17 08:39:38,34.0522,-118.2437,CAM_75,6efd617a-5567-11e8-99d3-dca9047ef277,https://lila.science/datasets/caltech-camera-traps
1305,CCT20_LILA_BC,58e93abf-23d2-11e8-a6a3-ec086b02610b.jpg,raw/wildlife/58e93abf-23d2-11e8-a6a3-ec086b02610b.jpg,bobcat,,CCT_Loc_75,Caltech_2018,2011-11-22 17:40:51,34.0522,-118.2437,CAM_75,6efd63fd-5567-11e8-a193-dca9047ef277,https://lila.science/datasets/caltech-camera-traps
1306,CCT20_LILA_BC,58d2ec3b-23d2-11e8-a6a3-ec086b02610b.jpg,raw/wildlife/58d2ec3b-23d2-11e8-a6a3-ec086b02610b.jpg,bobcat,,CCT_Loc_75,Caltech_2018,2011-11-17 08:39:39,34.0522,-118.2437,CAM_75,6efd617a-5567-11e8-99d3-dca9047ef277,https://lila.science/datasets/caltech-camera-traps
1307,CCT20_LILA_BC,590b9e00-23d2-11e8-a6a3-ec086b02610b.jpg,raw/wildlife/590b9e00-23d2-11e8-a6a3-ec086b02610b.jpg,bobcat,,CCT_Loc_75,Caltech_2018,2011-12-05 05:29:30,34.0522,-118.2437,CAM_75,6efd6c45-5567-11e8-837f-dca9047ef277,https://lila.science/datasets/caltech-camera-traps
1308,CCT20_LILA_BC,58a1ca24-23d2-11e8-a6a3-ec086b02610b.jpg,raw/wildlife/58a1ca24-23d2-11e8-a6a3-ec086b02610b.jpg,bobcat,,CCT_Loc_75,Caltech_2018,2011-12-13 21:14:53,34.0522,-118.2437,CAM_75,6efd7161-5567-11e8-9ee2-dca9047ef277,https://lila.science/datasets/caltech-camera-traps
1309,CCT20_LILA_BC,587829b3-23d2-11e8-a6a3-ec086b02610b.jpg,raw/wildlife/587829b3-23d2-11e8-a6a3-ec086b02610b.jpg,bobcat,,CCT_Loc_75,Caltech_2018,2011-12-13 21:14:49,34.0522,-118.2437,CAM_75,6efd70e1-5567-11e8-ac1c-dca9047ef277,https://lila.science/datasets/caltech-camera-traps
1310,CCT20_LILA_BC,586fde12-23d2-11e8-a6a3-ec086b02610b.jpg,raw/wildlife/586fde12-23d2-11e8-a6a3-ec086b02610b.jpg,bobcat,,CCT_Loc_75,Caltech_2018,2011-11-30 11:40:43,34.0522,-118.2437,CAM_75,6efd67ba-5567-11e8-93ab-dca9047ef277,https://lila.science/datasets/caltech-camera-traps
1311,CCT20_LILA_BC,58782a66-23d2-11e8-a6a3-ec086b02610b.jpg,raw/wildlife/58782a66-23d2-11e8-a6a3-ec086b02610b.jpg,bobcat,,CCT_Loc_75,Caltech_2018,2011-11-17 22:48:11,34.0522,-118.2437,CAM_75,6efd62bd-5567-11e8-816a-dca9047ef277,https://lila.science/datasets/caltech-camera-traps
1312,CCT20_LILA_BC,586ae011-23d2-11e8-a6a3-ec086b02610b.jpg,raw/wildlife/586ae011-23d2-11e8-a6a3-ec086b02610b.jpg,bobcat,,CCT_Loc_75,Caltech_2018,2011-11-30 11:37:04,34.0522,-118.2437,CAM_75,6efd667a-5567-11e8-8706-dca9047ef277,https://lila.science/datasets/caltech-camera-traps
1313,CCT20_LILA_BC,5922ed3c-23d2-11e8-a6a3-ec086b02610b.jpg,raw/wildlife/5922ed3c-23d2-11e8-a6a3-ec086b02610b.jpg,bobcat,,CCT_Loc_75,Caltech_2018,2011-11-17 08:39:31,34.0522,-118.2437,CAM_75,6efd610c-5567-11e8-bb7a-dca9047ef277,https://lila.science/datasets/caltech-camera-traps
1314,CCT20_LILA_BC,59484747-23d2-11e8-a6a3-ec086b02610b.jpg,raw/wildlife/59484747-23d2-11e8-a6a3-ec086b02610b.jpg,bobcat,,CCT_Loc_75,Caltech_2018,2011-12-13 14:07:25,34.0522,-118.2437,CAM_75,6efd6fc7-5567-11e8-85a0-dca9047ef277,https://lila.science/datasets/caltech-camera-traps
1315,CCT20_LILA_BC,59180991-23d2-11e8-a6a3-ec086b02610b.jpg,raw/wildlife/59180991-23d2-11e8-a6a3-ec086b02610b.jpg,bobcat,,CCT_Loc_75,Caltech_2018,2011-11-30 11:42:44,34.0522,-118.2437,CAM_75,6efd688f-5567-11e8-93ad-dca9047ef277,https://lila.science/datasets/caltech-camera-traps
1316,CCT20_LILA_BC,58d2ed6d-23d2-11e8-a6a3-ec086b02610b.jpg,raw/wildlife/58d2ed6d-23d2-11e8-a6a3-ec086b02610b.jpg,bobcat,,CCT_Loc_75,Caltech_2018,2011-11-17 08:39:32,34.0522,-118.2437,CAM_75,6efd610c-5567-11e8-bb7a-dca9047ef277,https://lila.science/datasets/caltech-camera-traps
1317,CCT20_LILA_BC,58a6e8f3-23d2-11e8-a6a3-ec086b02610b.jpg,raw/wildlife/58a6e8f3-23d2-11e8-a6a3-ec086b02610b.jpg,bobcat,,CCT_Loc_75,Caltech_2018,2011-11-30 14:09:40,34.0522,-118.2437,CAM_75,6efd69cf-5567-11e8-b208-dca9047ef277,https://lila.science/datasets/caltech-camera-traps
1318,CCT20_LILA_BC,5921638c-23d2-11e8-a6a3-ec086b02610b.jpg,raw/wildlife/5921638c-23d2-11e8-a6a3-ec086b02610b.jpg,bobcat,,CCT_Loc_75,Caltech_2018,2011-11-22 17:40:58,34.0522,-118.2437,CAM_75,6efd6468-5567-11e8-a42f-dca9047ef277,https://lila.science/datasets/caltech-camera-traps
1319,CCT20_LILA_BC,589cb275-23d2-11e8-a6a3-ec086b02610b.jpg,raw/wildlife/589cb275-23d2-11e8-a6a3-ec086b02610b.jpg,bobcat,,CCT_Loc_75,Caltech_2018,2011-11-30 11:39:20,34.0522,-118.2437,CAM_75,6efd6759-5567-11e8-867c-dca9047ef277,https://lila.science/datasets/caltech-camera-traps
1320,CCT20_LILA_BC,59341a66-23d2-11e8-a6a3-ec086b02610b.jpg,raw/wildlife/59341a66-23d2-11e8-a6a3-ec086b02610b.jpg,bobcat,,CCT_Loc_75,Caltech_2018,2011-12-13 14:07:24,34.0522,-118.2437,CAM_75,6efd6fc7-5567-11e8-85a0-dca9047ef277,https://lila.science/datasets/caltech-camera-traps
1321,CCT20_LILA_BC,592f72b1-23d2-11e8-a6a3-ec086b02610b.jpg,raw/wildlife/592f72b1-23d2-11e8-a6a3-ec086b02610b.jpg,bobcat,,CCT_Loc_75,Caltech_2018,2011-11-17 22:48:09,34.0522,-118.2437,CAM_75,6efd624c-5567-11e8-91ad-dca9047ef277,https://lila.science/datasets/caltech-camera-traps
1322,CCT20_LILA_BC,58d93099-23d2-11e8-a6a3-ec086b02610b.jpg,raw/wildlife/58d93099-23d2-11e8-a6a3-ec086b02610b.jpg,bobcat,,CCT_Loc_75,Caltech_2018,2011-12-05 05:29:11,34.0522,-118.2437,CAM_75,6efd6bde-5567-11e8-b116-dca9047ef277,https://lila.science/datasets/caltech-camera-traps
1323,CCT20_LILA_BC,58d47eb5-23d2-11e8-a6a3-ec086b02610b.jpg,raw/wildlife/58d47eb5-23d2-11e8-a6a3-ec086b02610b.jpg,bobcat,,CCT_Loc_75,Caltech_2018,2011-11-22 17:40:59,34.0522,-118.2437,CAM_75,6efd6468-5567-11e8-a42f-dca9047ef277,https://lila.science/datasets/caltech-camera-traps
1324,CCT20_LILA_BC,5903cb00-23d2-11e8-a6a3-ec086b02610b.jpg,raw/wildlife/5903cb00-23d2-11e8-a6a3-ec086b02610b.jpg,bobcat,,CCT_Loc_75,Caltech_2018,2011-12-13 14:07:22,34.0522,-118.2437,CAM_75,6efd6f3d-5567-11e8-8ef5-dca9047ef277,https://lila.science/datasets/caltech-camera-traps
1325,CCT20_LILA_BC,58aa59e6-23d2-11e8-a6a3-ec086b02610b.jpg,raw/wildlife/58aa59e6-23d2-11e8-a6a3-ec086b02610b.jpg,bobcat,,CCT_Loc_75,Caltech_2018,2011-11-17 22:48:12,34.0522,-118.2437,CAM_75,6efd62bd-5567-11e8-816a-dca9047ef277,https://lila.science/datasets/caltech-camera-traps
1326,CCT20_LILA_BC,58732d94-23d2-11e8-a6a3-ec086b02610b.jpg,raw/wildlife/58732d94-23d2-11e8-a6a3-ec086b02610b.jpg,bobcat,,CCT_Loc_75,Caltech_2018,2011-11-17 08:39:40,34.0522,-118.2437,CAM_75,6efd61de-5567-11e8-a643-dca9047ef277,https://lila.science/datasets/caltech-camera-traps
1327,CCT20_LILA_BC,58b82086-23d2-11e8-a6a3-ec086b02610b.jpg,raw/wildlife/58b82086-23d2-11e8-a6a3-ec086b02610b.jpg,bobcat,,CCT_Loc_75,Caltech_2018,2011-11-30 14:09:45,34.0522,-118.2437,CAM_75,6efd6a33-5567-11e8-a1e5-dca9047ef277,https://lila.science/datasets/caltech-camera-traps
1328,CCT20_LILA_BC,58823c1b-23d2-11e8-a6a3-ec086b02610b.jpg,raw/wildlife/58823c1b-23d2-11e8-a6a3-ec086b02610b.jpg,bobcat,,CCT_Loc_75,Caltech_2018,2011-12-01 18:21:10,34.0522,-118.2437,CAM_75,6efd6aa1-5567-11e8-8df7-dca9047ef277,https://lila.science/datasets/caltech-camera-traps
1329,CCT20_LILA_BC,59056029-23d2-11e8-a6a3-ec086b02610b.jpg,raw/wildlife/59056029-23d2-11e8-a6a3-ec086b02610b.jpg,bobcat,,CCT_Loc_75,Caltech_2018,2011-12-13 21:14:50,34.0522,-118.2437,CAM_75,6efd70e1-5567-11e8-ac1c-dca9047ef277,https://lila.science/datasets/caltech-camera-traps
1330,CCT20_LILA_BC,591998cf-23d2-11e8-a6a3-ec086b02610b.jpg,raw/wildlife/591998cf-23d2-11e8-a6a3-ec086b02610b.jpg,bobcat,,CCT_Loc_75,Caltech_2018,2011-12-02 04:54:58,34.0522,-118.2437,CAM_75,6efd6b0c-5567-11e8-bbf8-dca9047ef277,https://lila.science/datasets/caltech-camera-traps
1331,CCT20_LILA_BC,5949d01c-23d2-11e8-a6a3-ec086b02610b.jpg,raw/wildlife/5949d01c-23d2-11e8-a6a3-ec086b02610b.jpg,bobcat,,CCT_Loc_75,Caltech_2018,2011-11-17 08:39:42,34.0522,-118.2437,CAM_75,6efd61de-5567-11e8-a643-dca9047ef277,https://lila.science/datasets/caltech-camera-traps
1332,CCT20_LILA_BC,58782a65-23d2-11e8-a6a3-ec086b02610b.jpg,raw/wildlife/58782a65-23d2-11e8-a6a3-ec086b02610b.jpg,bobcat,,CCT_Loc_75,Caltech_2018,2011-07-09 07:33:43,34.0522,-118.2437,CAM_75,6efd3b02-5567-11e8-bc67-dca9047ef277,https://lila.science/datasets/caltech-camera-traps
1333,CCT20_LILA_BC,58d613b7-23d2-11e8-a6a3-ec086b02610b.jpg,raw/wildlife/58d613b7-23d2-11e8-a6a3-ec086b02610b.jpg,bobcat,,CCT_Loc_75,Caltech_2018,2011-06-28 02:41:51,34.0522,-118.2437,CAM_75,6efd3a80-5567-11e8-9973-dca9047ef277,https://lila.science/datasets/caltech-camera-traps
1334,CCT20_LILA_BC,59420e7e-23d2-11e8-a6a3-ec086b02610b.jpg,raw/wildlife/59420e7e-23d2-11e8-a6a3-ec086b02610b.jpg,bobcat,,CCT_Loc_75,Caltech_2018,2011-06-25 19:57:07,34.0522,-118.2437,CAM_75,6efd362b-5567-11e8-a5ac-dca9047ef277,https://lila.science/datasets/caltech-camera-traps
1335,CCT20_LILA_BC,58e40dc9-23d2-11e8-a6a3-ec086b02610b.jpg,raw/wildlife/58e40dc9-23d2-11e8-a6a3-ec086b02610b.jpg,bobcat,,CCT_Loc_75,Caltech_2018,2011-07-10 16:23:44,34.0522,-118.2437,CAM_75,6efd3c0f-5567-11e8-8bf0-dca9047ef277,https://lila.science/datasets/caltech-camera-traps
1336,CCT20_LILA_BC,58c34f2f-23d2-11e8-a6a3-ec086b02610b.jpg,raw/wildlife/58c34f2f-23d2-11e8-a6a3-ec086b02610b.jpg,bobcat,,CCT_Loc_75,Caltech_2018,2011-06-23 04:03:28,34.0522,-118.2437,CAM_75,6efd333a-5567-11e8-b96f-dca9047ef277,https://lila.science/datasets/caltech-camera-traps
1337,CCT20_LILA_BC,59439e5d-23d2-11e8-a6a3-ec086b02610b.jpg,raw/wildlife/59439e5d-23d2-11e8-a6a3-ec086b02610b.jpg,bobcat,,CCT_Loc_75,Caltech_2018,2011-06-28 02:41:53,34.0522,-118.2437,CAM_75,6efd3a80-5567-11e8-9973-dca9047ef277,https://lila.science/datasets/caltech-camera-traps
1338,CCT20_LILA_BC,59260f07-23d2-11e8-a6a3-ec086b02610b.jpg,raw/wildlife/59260f07-23d2-11e8-a6a3-ec086b02610b.jpg,bobcat,,CCT_Loc_75,Caltech_2018,2011-06-26 06:56:36,34.0522,-118.2437,CAM_75,6efd37cc-5567-11e8-b3cf-dca9047ef277,https://lila.science/datasets/caltech-camera-traps
1339,CCT20_LILA_BC,587eea1a-23d2-11e8-a6a3-ec086b02610b.jpg,raw/wildlife/587eea1a-23d2-11e8-a6a3-ec086b02610b.jpg,bobcat,,CCT_Loc_75,Caltech_2018,2011-06-23 09:17:06,34.0522,-118.2437,CAM_75,6efd33bd-5567-11e8-bb4c-dca9047ef277,https://lila.science/datasets/caltech-camera-traps
1340,CCT20_LILA_BC,593732ad-23d2-11e8-a6a3-ec086b02610b.jpg,raw/wildlife/593732ad-23d2-11e8-a6a3-ec086b02610b.jpg,bobcat,,CCT_Loc_75,Caltech_2018,2011-06-26 08:00:37,34.0522,-118.2437,CAM_75,6efd3851-5567-11e8-80d2-dca9047ef277,https://lila.science/datasets/caltech-camera-traps
1341,CCT20_LILA_BC,58857d43-23d2-11e8-a6a3-ec086b02610b.jpg,raw/wildlife/58857d43-23d2-11e8-a6a3-ec086b02610b.jpg,bobcat,,CCT_Loc_75,Caltech_2018,2011-06-26 06:56:37,34.0522,-118.2437,CAM_75,6efd37cc-5567-11e8-b3cf-dca9047ef277,https://lila.science/datasets/caltech-camera-traps
1342,CCT20_LILA_BC,593bdc52-23d2-11e8-a6a3-ec086b02610b.jpg,raw/wildlife/593bdc52-23d2-11e8-a6a3-ec086b02610b.jpg,bird,,CCT_Loc_75,Caltech_2018,2011-11-15 14:43:05,34.0522,-118.2437,CAM_75,6efd609e-5567-11e8-901a-dca9047ef277,https://lila.science/datasets/caltech-camera-traps
1343,CCT20_LILA_BC,590ebc86-23d2-11e8-a6a3-ec086b02610b.jpg,raw/wildlife/590ebc86-23d2-11e8-a6a3-ec086b02610b.jpg,bird,,CCT_Loc_75,Caltech_2018,2011-11-15 14:43:06,34.0522,-118.2437,CAM_75,6efd609e-5567-11e8-901a-dca9047ef277,https://lila.science/datasets/caltech-camera-traps
1344,CCT20_LILA_BC,58ac0de5-23d2-11e8-a6a3-ec086b02610b.jpg,raw/wildlife/58ac0de5-23d2-11e8-a6a3-ec086b02610b.jpg,bird,,CCT_Loc_75,Caltech_2018,2011-11-15 14:42:52,34.0522,-118.2437,CAM_75,6efd603a-5567-11e8-95a1-dca9047ef277,https://lila.science/datasets/caltech-camera-traps
1345,CCT20_LILA_BC,585f4ecc-23d2-11e8-a6a3-ec086b02610b.jpg,raw/wildlife/585f4ecc-23d2-11e8-a6a3-ec086b02610b.jpg,bird,,CCT_Loc_75,Caltech_2018,2011-11-15 14:43:04,34.0522,-118.2437,CAM_75,6efd609e-5567-11e8-901a-dca9047ef277,https://lila.science/datasets/caltech-camera-traps
1346,CCT20_LILA_BC,589b03a9-23d2-11e8-a6a3-ec086b02610b.jpg,raw/wildlife/589b03a9-23d2-11e8-a6a3-ec086b02610b.jpg,bird,,CCT_Loc_75,Caltech_2018,2011-11-15 14:42:53,34.0522,-118.2437,CAM_75,6efd603a-5567-11e8-95a1-dca9047ef277,https://lila.science/datasets/caltech-camera-traps
1347,CCT20_LILA_BC,58b4a9ff-23d2-11e8-a6a3-ec086b02610b.jpg,raw/wildlife/58b4a9ff-23d2-11e8-a6a3-ec086b02610b.jpg,bird,,CCT_Loc_75,Caltech_2018,2011-11-15 14:42:39,34.0522,-118.2437,CAM_75,6efd5fcc-5567-11e8-ac4d-dca9047ef277,https://lila.science/datasets/caltech-camera-traps
1348,CCT20_LILA_BC,589e6791-23d2-11e8-a6a3-ec086b02610b.jpg,raw/wildlife/589e6791-23d2-11e8-a6a3-ec086b02610b.jpg,bird,,CCT_Loc_75,Caltech_2018,2011-11-15 14:42:41,34.0522,-118.2437,CAM_75,6efd5fcc-5567-11e8-ac4d-dca9047ef277,https://lila.science/datasets/caltech-camera-traps
1349,CCT20_LILA_BC,58c97d5d-23d2-11e8-a6a3-ec086b02610b.jpg,raw/wildlife/58c97d5d-23d2-11e8-a6a3-ec086b02610b.jpg,bird,,CCT_Loc_75,Caltech_2018,2011-11-15 14:42:51,34.0522,-118.2437,CAM_75,6efd603a-5567-11e8-95a1-dca9047ef277,https://lila.science/datasets/caltech-camera-traps
1350,CCT20_LILA_BC,593ef49d-23d2-11e8-a6a3-ec086b02610b.jpg,raw/wildlife/593ef49d-23d2-11e8-a6a3-ec086b02610b.jpg,bird,,CCT_Loc_75,Caltech_2018,2011-11-15 14:42:40,34.0522,-118.2437,CAM_75,6efd5fcc-5567-11e8-ac4d-dca9047ef277,https://lila.science/datasets/caltech-camera-traps
1351,CCT20_LILA_BC,589cb32e-23d2-11e8-a6a3-ec086b02610b.jpg,raw/wildlife/589cb32e-23d2-11e8-a6a3-ec086b02610b.jpg,bird,,CCT_Loc_75,Caltech_2018,2012-05-05 09:05:15,34.0522,-118.2437,CAM_75,6efe2b1e-5567-11e8-b62f-dca9047ef277,https://lila.science/datasets/caltech-camera-traps
1352,CCT20_LILA_BC,58c34d45-23d2-11e8-a6a3-ec086b02610b.jpg,raw/wildlife/58c34d45-23d2-11e8-a6a3-ec086b02610b.jpg,bird,,CCT_Loc_75,Caltech_2018,2012-05-05 09:05:13,34.0522,-118.2437,CAM_75,6efe2b1e-5567-11e8-b62f-dca9047ef277,https://lila.science/datasets/caltech-camera-traps
1353,CCT20_LILA_BC,5906f05e-23d2-11e8-a6a3-ec086b02610b.jpg,raw/wildlife/5906f05e-23d2-11e8-a6a3-ec086b02610b.jpg,bird,,CCT_Loc_75,Caltech_2018,2012-05-05 09:05:14,34.0522,-118.2437,CAM_75,6efe2b1e-5567-11e8-b62f-dca9047ef277,https://lila.science/datasets/caltech-camera-traps
1354,CCT20_LILA_BC,58678be5-23d2-11e8-a6a3-ec086b02610b.jpg,raw/wildlife/58678be5-23d2-11e8-a6a3-ec086b02610b.jpg,bird,,CCT_Loc_75,Caltech_2018,2011-09-14 10:10:08,34.0522,-118.2437,CAM_75,6efd51f0-5567-11e8-9221-dca9047ef277,https://lila.science/datasets/caltech-camera-traps
1355,CCT20_LILA_BC,5869352c-23d2-11e8-a6a3-ec086b02610b.jpg,raw/wildlife/5869352c-23d2-11e8-a6a3-ec086b02610b.jpg,bird,,CCT_Loc_75,Caltech_2018,2011-09-14 10:10:07,34.0522,-118.2437,CAM_75,6efd51f0-5567-11e8-9221-dca9047ef277,https://lila.science/datasets/caltech-camera-traps
1356,CCT20_LILA_BC,58ddd669-23d2-11e8-a6a3-ec086b02610b.jpg,raw/wildlife/58ddd669-23d2-11e8-a6a3-ec086b02610b.jpg,bird,,CCT_Loc_75,Caltech_2018,2011-09-14 10:10:09,34.0522,-118.2437,CAM_75,6efd51f0-5567-11e8-9221-dca9047ef277,https://lila.science/datasets/caltech-camera-traps
1357,CCT20_LILA_BC,590ebbe6-23d2-11e8-a6a3-ec086b02610b.jpg,raw/wildlife/590ebbe6-23d2-11e8-a6a3-ec086b02610b.jpg,bird,,CCT_Loc_75,Caltech_2018,2012-03-15 10:49:08,34.0522,-118.2437,CAM_75,6efe1891-5567-11e8-abb3-dca9047ef277,https://lila.science/datasets/caltech-camera-traps
1358,CCT20_LILA_BC,5906f1c7-23d2-11e8-a6a3-ec086b02610b.jpg,raw/wildlife/5906f1c7-23d2-11e8-a6a3-ec086b02610b.jpg,bird,,CCT_Loc_75,Caltech_2018,2012-03-15 10:49:07,34.0522,-118.2437,CAM_75,6efe1891-5567-11e8-abb3-dca9047ef277,https://lila.science/datasets/caltech-camera-traps
1359,CCT20_LILA_BC,58c97d4b-23d2-11e8-a6a3-ec086b02610b.jpg,raw/wildlife/58c97d4b-23d2-11e8-a6a3-ec086b02610b.jpg,bird,,CCT_Loc_75,Caltech_2018,2012-04-25 08:14:25,34.0522,-118.2437,CAM_75,6efe21ca-5567-11e8-ac0b-dca9047ef277,https://lila.science/datasets/caltech-camera-traps
1360,CCT20_LILA_BC,58af7702-23d2-11e8-a6a3-ec086b02610b.jpg,raw/wildlife/58af7702-23d2-11e8-a6a3-ec086b02610b.jpg,bird,,CCT_Loc_75,Caltech_2018,2012-04-25 08:14:26,34.0522,-118.2437,CAM_75,6efe21ca-5567-11e8-ac0b-dca9047ef277,https://lila.science/datasets/caltech-camera-traps
1361,CCT20_LILA_BC,587b7c44-23d2-11e8-a6a3-ec086b02610b.jpg,raw/wildlife/587b7c44-23d2-11e8-a6a3-ec086b02610b.jpg,bird,,CCT_Loc_75,Caltech_2018,2012-04-25 08:14:24,34.0522,-118.2437,CAM_75,6efe21ca-5567-11e8-ac0b-dca9047ef277,https://lila.science/datasets/caltech-camera-traps
1362,CCT20_LILA_BC,59a7bde9-23d2-11e8-a6a3-ec086b02610b.jpg,raw/wildlife/59a7bde9-23d2-11e8-a6a3-ec086b02610b.jpg,bird,,CCT_Loc_38,Caltech_2018,2011-12-04 13:14:18,34.0522,-118.2437,CAM_38,6f012ed7-5567-11e8-9693-dca9047ef277,https://lila.science/datasets/caltech-camera-traps
1363,CCT20_LILA_BC,59be3ee5-23d2-11e8-a6a3-ec086b02610b.jpg,raw/wildlife/59be3ee5-23d2-11e8-a6a3-ec086b02610b.jpg,bird,,CCT_Loc_38,Caltech_2018,2011-12-04 13:14:20,34.0522,-118.2437,CAM_38,6f012ed7-5567-11e8-9693-dca9047ef277,https://lila.science/datasets/caltech-camera-traps
1364,CCT20_LILA_BC,59a30b57-23d2-11e8-a6a3-ec086b02610b.jpg,raw/wildlife/59a30b57-23d2-11e8-a6a3-ec086b02610b.jpg,bird,,CCT_Loc_38,Caltech_2018,2011-12-04 13:14:19,34.0522,-118.2437,CAM_38,6f012ed7-5567-11e8-9693-dca9047ef277,https://lila.science/datasets/caltech-camera-traps
1365,CCT20_LILA_BC,596d63e9-23d2-11e8-a6a3-ec086b02610b.jpg,raw/wildlife/596d63e9-23d2-11e8-a6a3-ec086b02610b.jpg,bird,,CCT_Loc_60,Caltech_2018,2012-04-21 12:35:35,34.0522,-118.2437,CAM_60,6f05a31e-5567-11e8-a602-dca9047ef277,https://lila.science/datasets/caltech-camera-traps
1366,CCT20_LILA_BC,5a015bb2-23d2-11e8-a6a3-ec086b02610b.jpg,raw/wildlife/5a015bb2-23d2-11e8-a6a3-ec086b02610b.jpg,bird,,CCT_Loc_60,Caltech_2018,2012-04-21 12:35:33,34.0522,-118.2437,CAM_60,6f05a31e-5567-11e8-a602-dca9047ef277,https://lila.science/datasets/caltech-camera-traps
1367,CCT20_LILA_BC,5a116d2b-23d2-11e8-a6a3-ec086b02610b.jpg,raw/wildlife/5a116d2b-23d2-11e8-a6a3-ec086b02610b.jpg,bird,,CCT_Loc_60,Caltech_2018,2012-04-21 12:35:35,34.0522,-118.2437,CAM_60,6f05a31e-5567-11e8-a602-dca9047ef277,https://lila.science/datasets/caltech-camera-traps
1368,CCT20_LILA_BC,59bfde37-23d2-11e8-a6a3-ec086b02610b.jpg,raw/wildlife/59bfde37-23d2-11e8-a6a3-ec086b02610b.jpg,bird,,CCT_Loc_60,Caltech_2018,2012-04-21 12:35:33,34.0522,-118.2437,CAM_60,6f05a31e-5567-11e8-a602-dca9047ef277,https://lila.science/datasets/caltech-camera-traps
1369,CCT20_LILA_BC,59b7a792-23d2-11e8-a6a3-ec086b02610b.jpg,raw/wildlife/59b7a792-23d2-11e8-a6a3-ec086b02610b.jpg,bird,,CCT_Loc_60,Caltech_2018,2012-04-21 12:35:34,34.0522,-118.2437,CAM_60,6f05a31e-5567-11e8-a602-dca9047ef277,https://lila.science/datasets/caltech-camera-traps
1370,CCT20_LILA_BC,597e6387-23d2-11e8-a6a3-ec086b02610b.jpg,raw/wildlife/597e6387-23d2-11e8-a6a3-ec086b02610b.jpg,bird,,CCT_Loc_7,Caltech_2018,2011-06-03 21:58:41,34.0522,-118.2437,CAM_7,6f06c78a-5567-11e8-9384-dca9047ef277,https://lila.science/datasets/caltech-camera-traps
1371,CCT20_LILA_BC,5a14a73f-23d2-11e8-a6a3-ec086b02610b.jpg,raw/wildlife/5a14a73f-23d2-11e8-a6a3-ec086b02610b.jpg,bird,,CCT_Loc_7,Caltech_2018,2011-06-03 21:58:42,34.0522,-118.2437,CAM_7,6f06c78a-5567-11e8-9384-dca9047ef277,https://lila.science/datasets/caltech-camera-traps
1372,CCT20_LILA_BC,59c80672-23d2-11e8-a6a3-ec086b02610b.jpg,raw/wildlife/59c80672-23d2-11e8-a6a3-ec086b02610b.jpg,bird,,CCT_Loc_7,Caltech_2018,2011-06-03 21:58:43,34.0522,-118.2437,CAM_7,6f06c78a-5567-11e8-9384-dca9047ef277,https://lila.science/datasets/caltech-camera-traps
1373,CCT20_LILA_BC,59f79967-23d2-11e8-a6a3-ec086b02610b.jpg,raw/wildlife/59f79967-23d2-11e8-a6a3-ec086b02610b.jpg,bird,,CCT_Loc_7,Caltech_2018,2012-04-09 11:29:59,34.0522,-118.2437,CAM_7,6f07a2ae-5567-11e8-8d76-dca9047ef277,https://lila.science/datasets/caltech-camera-traps
1374,CCT20_LILA_BC,5973870e-23d2-11e8-a6a3-ec086b02610b.jpg,raw/wildlife/5973870e-23d2-11e8-a6a3-ec086b02610b.jpg,bird,,CCT_Loc_7,Caltech_2018,2012-04-21 12:56:18,34.0522,-118.2437,CAM_7,6f07b4b0-5567-11e8-940f-dca9047ef277,https://lila.science/datasets/caltech-camera-traps
1375,CCT20_LILA_BC,59b938dc-23d2-11e8-a6a3-ec086b02610b.jpg,raw/wildlife/59b938dc-23d2-11e8-a6a3-ec086b02610b.jpg,bird,,CCT_Loc_7,Caltech_2018,2012-04-21 12:56:16,34.0522,-118.2437,CAM_7,6f07b4b0-5567-11e8-940f-dca9047ef277,https://lila.science/datasets/caltech-camera-traps
1376,CCT20_LILA_BC,597fedff-23d2-11e8-a6a3-ec086b02610b.jpg,raw/wildlife/597fedff-23d2-11e8-a6a3-ec086b02610b.jpg,bird,,CCT_Loc_7,Caltech_2018,2012-04-09 08:47:44,34.0522,-118.2437,CAM_7,6f07a25e-5567-11e8-89d6-dca9047ef277,https://lila.science/datasets/caltech-camera-traps
1377,CCT20_LILA_BC,59eab806-23d2-11e8-a6a3-ec086b02610b.jpg,raw/wildlife/59eab806-23d2-11e8-a6a3-ec086b02610b.jpg,bird,,CCT_Loc_7,Caltech_2018,2012-04-09 11:29:58,34.0522,-118.2437,CAM_7,6f07a2ae-5567-11e8-8d76-dca9047ef277,https://lila.science/datasets/caltech-camera-traps
1378,CCT20_LILA_BC,59a30dcb-23d2-11e8-a6a3-ec086b02610b.jpg,raw/wildlife/59a30dcb-23d2-11e8-a6a3-ec086b02610b.jpg,bird,,CCT_Loc_7,Caltech_2018,2012-04-09 11:30:00,34.0522,-118.2437,CAM_7,6f07a2ae-5567-11e8-8d76-dca9047ef277,https://lila.science/datasets/caltech-camera-traps
1379,CCT20_LILA_BC,596bda02-23d2-11e8-a6a3-ec086b02610b.jpg,raw/wildlife/596bda02-23d2-11e8-a6a3-ec086b02610b.jpg,bird,,CCT_Loc_7,Caltech_2018,2012-04-09 08:47:42,34.0522,-118.2437,CAM_7,6f07a25e-5567-11e8-89d6-dca9047ef277,https://lila.science/datasets/caltech-camera-traps
1380,CCT20_LILA_BC,596bda02-23d2-11e8-a6a3-ec086b02610b.jpg,raw/wildlife/596bda02-23d2-11e8-a6a3-ec086b02610b.jpg,bird,,CCT_Loc_7,Caltech_2018,2012-04-09 08:47:42,34.0522,-118.2437,CAM_7,6f07a25e-5567-11e8-89d6-dca9047ef277,https://lila.science/datasets/caltech-camera-traps
1381,CCT20_LILA_BC,59641fa6-23d2-11e8-a6a3-ec086b02610b.jpg,raw/wildlife/59641fa6-23d2-11e8-a6a3-ec086b02610b.jpg,bird,,CCT_Loc_7,Caltech_2018,2012-04-09 08:47:43,34.0522,-118.2437,CAM_7,6f07a25e-5567-11e8-89d6-dca9047ef277,https://lila.science/datasets/caltech-camera-traps
1382,CCT20_LILA_BC,5a163f87-23d2-11e8-a6a3-ec086b02610b.jpg,raw/wildlife/5a163f87-23d2-11e8-a6a3-ec086b02610b.jpg,bird,,CCT_Loc_7,Caltech_2018,2012-04-21 12:56:17,34.0522,-118.2437,CAM_7,6f07b4b0-5567-11e8-940f-dca9047ef277,https://lila.science/datasets/caltech-camera-traps
1383,CCT20_LILA_BC,5a1b1636-23d2-11e8-a6a3-ec086b02610b.jpg,raw/wildlife/5a1b1636-23d2-11e8-a6a3-ec086b02610b.jpg,bird,,CCT_Loc_7,Caltech_2018,2012-02-28 14:03:18,34.0522,-118.2437,CAM_7,6f075fba-5567-11e8-bea7-dca9047ef277,https://lila.science/datasets/caltech-camera-traps
1384,CCT20_LILA_BC,59673537-23d2-11e8-a6a3-ec086b02610b.jpg,raw/wildlife/59673537-23d2-11e8-a6a3-ec086b02610b.jpg,bird,,CCT_Loc_7,Caltech_2018,2012-02-28 14:03:17,34.0522,-118.2437,CAM_7,6f075fba-5567-11e8-bea7-dca9047ef277,https://lila.science/datasets/caltech-camera-traps
1385,CCT20_LILA_BC,59bfdd1c-23d2-11e8-a6a3-ec086b02610b.jpg,raw/wildlife/59bfdd1c-23d2-11e8-a6a3-ec086b02610b.jpg,bird,,CCT_Loc_7,Caltech_2018,2012-02-28 14:03:19,34.0522,-118.2437,CAM_7,6f075fba-5567-11e8-bea7-dca9047ef277,https://lila.science/datasets/caltech-camera-traps
1386,CCT20_LILA_BC,59bca678-23d2-11e8-a6a3-ec086b02610b.jpg,raw/wildlife/59bca678-23d2-11e8-a6a3-ec086b02610b.jpg,bird,,CCT_Loc_33,Caltech_2018,2011-12-04 12:19:42,34.0522,-118.2437,CAM_33,6f093ea3-5567-11e8-a6e4-dca9047ef277,https://lila.science/datasets/caltech-camera-traps
1387,CCT20_LILA_BC,5a1b1579-23d2-11e8-a6a3-ec086b02610b.jpg,raw/wildlife/5a1b1579-23d2-11e8-a6a3-ec086b02610b.jpg,bird,,CCT_Loc_33,Caltech_2018,2011-12-04 12:19:44,34.0522,-118.2437,CAM_33,6f093ea3-5567-11e8-a6e4-dca9047ef277,https://lila.science/datasets/caltech-camera-traps
1388,CCT20_LILA_BC,597e630f-23d2-11e8-a6a3-ec086b02610b.jpg,raw/wildlife/597e630f-23d2-11e8-a6a3-ec086b02610b.jpg,bird,,CCT_Loc_33,Caltech_2018,2011-12-04 12:19:45,34.0522,-118.2437,CAM_33,6f093ea3-5567-11e8-a6e4-dca9047ef277,https://lila.science/datasets/caltech-camera-traps
1389,CCT20_LILA_BC,5a2c8559-23d2-11e8-a6a3-ec086b02610b.jpg,raw/wildlife/5a2c8559-23d2-11e8-a6a3-ec086b02610b.jpg,bird,,CCT_Loc_33,Caltech_2018,2012-05-28 10:13:18,34.0522,-118.2437,CAM_33,6f0a44e6-5567-11e8-8ab7-dca9047ef277,https://lila.science/datasets/caltech-camera-traps
1390,CCT20_LILA_BC,59b485ad-23d2-11e8-a6a3-ec086b02610b.jpg,raw/wildlife/59b485ad-23d2-11e8-a6a3-ec086b02610b.jpg,bird,,CCT_Loc_33,Caltech_2018,2012-05-28 10:13:17,34.0522,-118.2437,CAM_33,6f0a44e6-5567-11e8-8ab7-dca9047ef277,https://lila.science/datasets/caltech-camera-traps
1391,CCT20_LILA_BC,599106d4-23d2-11e8-a6a3-ec086b02610b.jpg,raw/wildlife/599106d4-23d2-11e8-a6a3-ec086b02610b.jpg,bird,,CCT_Loc_33,Caltech_2018,2012-05-28 10:13:16,34.0522,-118.2437,CAM_33,6f0a44e6-5567-11e8-8ab7-dca9047ef277,https://lila.science/datasets/caltech-camera-traps
1392,CCT20_LILA_BC,5a07cd13-23d2-11e8-a6a3-ec086b02610b.jpg,raw/wildlife/5a07cd13-23d2-11e8-a6a3-ec086b02610b.jpg,bird,,CCT_Loc_33,Caltech_2018,2012-04-06 09:50:23,34.0522,-118.2437,CAM_33,6f0a2a75-5567-11e8-9187-dca9047ef277,https://lila.science/datasets/caltech-camera-traps
1393,CCT20_LILA_BC,5a0c9bd7-23d2-11e8-a6a3-ec086b02610b.jpg,raw/wildlife/5a0c9bd7-23d2-11e8-a6a3-ec086b02610b.jpg,bird,,CCT_Loc_33,Caltech_2018,2012-04-02 10:09:18,34.0522,-118.2437,CAM_33,6f0a27a3-5567-11e8-b875-dca9047ef277,https://lila.science/datasets/caltech-camera-traps
1394,CCT20_LILA_BC,5965abe7-23d2-11e8-a6a3-ec086b02610b.jpg,raw/wildlife/5965abe7-23d2-11e8-a6a3-ec086b02610b.jpg,bird,,CCT_Loc_33,Caltech_2018,2012-04-02 10:09:17,34.0522,-118.2437,CAM_33,6f0a27a3-5567-11e8-b875-dca9047ef277,https://lila.science/datasets/caltech-camera-traps
1395,CCT20_LILA_BC,59849887-23d2-11e8-a6a3-ec086b02610b.jpg,raw/wildlife/59849887-23d2-11e8-a6a3-ec086b02610b.jpg,bird,,CCT_Loc_33,Caltech_2018,2012-04-02 10:09:16,34.0522,-118.2437,CAM_33,6f0a27a3-5567-11e8-b875-dca9047ef277,https://lila.science/datasets/caltech-camera-traps
1396,CCT20_LILA_BC,59fae60d-23d2-11e8-a6a3-ec086b02610b.jpg,raw/wildlife/59fae60d-23d2-11e8-a6a3-ec086b02610b.jpg,bird,,CCT_Loc_33,Caltech_2018,2012-04-06 09:50:24,34.0522,-118.2437,CAM_33,6f0a2a75-5567-11e8-9187-dca9047ef277,https://lila.science/datasets/caltech-camera-traps
1397,CCT20_LILA_BC,59da8aba-23d2-11e8-a6a3-ec086b02610b.jpg,raw/wildlife/59da8aba-23d2-11e8-a6a3-ec086b02610b.jpg,bird,,CCT_Loc_33,Caltech_2018,2012-04-06 09:50:25,34.0522,-118.2437,CAM_33,6f0a2a75-5567-11e8-9187-dca9047ef277,https://lila.science/datasets/caltech-camera-traps
1398,CCT20_LILA_BC,59c99ce6-23d2-11e8-a6a3-ec086b02610b.jpg,raw/wildlife/59c99ce6-23d2-11e8-a6a3-ec086b02610b.jpg,bird,,CCT_Loc_33,Caltech_2018,2011-05-10 10:14:21,34.0522,-118.2437,CAM_33,6f0812e8-5567-11e8-9d64-dca9047ef277,https://lila.science/datasets/caltech-camera-traps
1399,CCT20_LILA_BC,598acdec-23d2-11e8-a6a3-ec086b02610b.jpg,raw/wildlife/598acdec-23d2-11e8-a6a3-ec086b02610b.jpg,bird,,CCT_Loc_33,Caltech_2018,2011-05-10 10:14:20,34.0522,-118.2437,CAM_33,6f0812e8-5567-11e8-9d64-dca9047ef277,https://lila.science/datasets/caltech-camera-traps
1400,CCT20_LILA_BC,59673672-23d2-11e8-a6a3-ec086b02610b.jpg,raw/wildlife/59673672-23d2-11e8-a6a3-ec086b02610b.jpg,bird,,CCT_Loc_33,Caltech_2018,2011-05-10 10:14:22,34.0522,-118.2437,CAM_33,6f0812e8-5567-11e8-9d64-dca9047ef277,https://lila.science/datasets/caltech-camera-traps
1401,CCT20_LILA_BC,59ddc27b-23d2-11e8-a6a3-ec086b02610b.jpg,raw/wildlife/59ddc27b-23d2-11e8-a6a3-ec086b02610b.jpg,bird,,CCT_Loc_33,Caltech_2018,2011-09-29 13:10:12,34.0522,-118.2437,CAM_33,6f08e6a1-5567-11e8-a004-dca9047ef277,https://lila.science/datasets/caltech-camera-traps
1402,CCT20_LILA_BC,5a231187-23d2-11e8-a6a3-ec086b02610b.jpg,raw/wildlife/5a231187-23d2-11e8-a6a3-ec086b02610b.jpg,bird,,CCT_Loc_33,Caltech_2018,2011-09-29 13:10:13,34.0522,-118.2437,CAM_33,6f08e6a1-5567-11e8-a004-dca9047ef277,https://lila.science/datasets/caltech-camera-traps
1403,CCT20_LILA_BC,5a1cb14f-23d2-11e8-a6a3-ec086b02610b.jpg,raw/wildlife/5a1cb14f-23d2-11e8-a6a3-ec086b02610b.jpg,bird,,CCT_Loc_33,Caltech_2018,2011-09-29 13:09:58,34.0522,-118.2437,CAM_33,6f08e60a-5567-11e8-8c78-dca9047ef277,https://lila.science/datasets/caltech-camera-traps
1404,CCT20_LILA_BC,59adfdfd-23d2-11e8-a6a3-ec086b02610b.jpg,raw/wildlife/59adfdfd-23d2-11e8-a6a3-ec086b02610b.jpg,bird,,CCT_Loc_33,Caltech_2018,2011-09-29 13:09:59,34.0522,-118.2437,CAM_33,6f08e60a-5567-11e8-8c78-dca9047ef277,https://lila.science/datasets/caltech-camera-traps
1405,CCT20_LILA_BC,5a24a6f2-23d2-11e8-a6a3-ec086b02610b.jpg,raw/wildlife/5a24a6f2-23d2-11e8-a6a3-ec086b02610b.jpg,bird,,CCT_Loc_33,Caltech_2018,2011-09-29 13:10:11,34.0522,-118.2437,CAM_33,6f08e6a1-5567-11e8-a004-dca9047ef277,https://lila.science/datasets/caltech-camera-traps
1406,CCT20_LILA_BC,59be3f96-23d2-11e8-a6a3-ec086b02610b.jpg,raw/wildlife/59be3f96-23d2-11e8-a6a3-ec086b02610b.jpg,bird,,CCT_Loc_33,Caltech_2018,2011-09-29 13:10:00,34.0522,-118.2437,CAM_33,6f08e60a-5567-11e8-8c78-dca9047ef277,https://lila.science/datasets/caltech-camera-traps
1407,CCT20_LILA_BC,59edf190-23d2-11e8-a6a3-ec086b02610b.jpg,raw/wildlife/59edf190-23d2-11e8-a6a3-ec086b02610b.jpg,bird,,CCT_Loc_33,Caltech_2018,2012-02-05 13:23:49,34.0522,-118.2437,CAM_33,6f09bb85-5567-11e8-b96d-dca9047ef277,https://lila.science/datasets/caltech-camera-traps
1408,CCT20_LILA_BC,5a17dfdb-23d2-11e8-a6a3-ec086b02610b.jpg,raw/wildlife/5a17dfdb-23d2-11e8-a6a3-ec086b02610b.jpg,bird,,CCT_Loc_33,Caltech_2018,2012-02-05 13:23:53,34.0522,-118.2437,CAM_33,6f09bbe8-5567-11e8-be15-dca9047ef277,https://lila.science/datasets/caltech-camera-traps
1409,CCT20_LILA_BC,59bfdf31-23d2-11e8-a6a3-ec086b02610b.jpg,raw/wildlife/59bfdf31-23d2-11e8-a6a3-ec086b02610b.jpg,bird,,CCT_Loc_33,Caltech_2018,2012-02-05 13:23:51,34.0522,-118.2437,CAM_33,6f09bb85-5567-11e8-b96d-dca9047ef277,https://lila.science/datasets/caltech-camera-traps
1410,CCT20_LILA_BC,59f94646-23d2-11e8-a6a3-ec086b02610b.jpg,raw/wildlife/59f94646-23d2-11e8-a6a3-ec086b02610b.jpg,bird,,CCT_Loc_33,Caltech_2018,2012-02-05 13:23:50,34.0522,-118.2437,CAM_33,6f09bb85-5567-11e8-b96d-dca9047ef277,https://lila.science/datasets/caltech-camera-traps
1411,CCT20_LILA_BC,5983088c-23d2-11e8-a6a3-ec086b02610b.jpg,raw/wildlife/5983088c-23d2-11e8-a6a3-ec086b02610b.jpg,bird,,CCT_Loc_33,Caltech_2018,2012-02-05 13:23:52,34.0522,-118.2437,CAM_33,6f09bbe8-5567-11e8-be15-dca9047ef277,https://lila.science/datasets/caltech-camera-traps
1412,CCT20_LILA_BC,5968bf7c-23d2-11e8-a6a3-ec086b02610b.jpg,raw/wildlife/5968bf7c-23d2-11e8-a6a3-ec086b02610b.jpg,bird,,CCT_Loc_33,Caltech_2018,2012-02-05 13:23:54,34.0522,-118.2437,CAM_33,6f09bbe8-5567-11e8-be15-dca9047ef277,https://lila.science/datasets/caltech-camera-traps
1413,CCT20_LILA_BC,5a07cbe8-23d2-11e8-a6a3-ec086b02610b.jpg,raw/wildlife/5a07cbe8-23d2-11e8-a6a3-ec086b02610b.jpg,bird,,CCT_Loc_33,Caltech_2018,2011-06-25 11:50:16,34.0522,-118.2437,CAM_33,6f08a9a6-5567-11e8-a665-dca9047ef277,https://lila.science/datasets/caltech-camera-traps
1414,CCT20_LILA_BC,59f947a1-23d2-11e8-a6a3-ec086b02610b.jpg,raw/wildlife/59f947a1-23d2-11e8-a6a3-ec086b02610b.jpg,bird,,CCT_Loc_33,Caltech_2018,2011-06-25 11:50:14,34.0522,-118.2437,CAM_33,6f08a9a6-5567-11e8-a665-dca9047ef277,https://lila.science/datasets/caltech-camera-traps
1415,CCT20_LILA_BC,5a27daab-23d2-11e8-a6a3-ec086b02610b.jpg,raw/wildlife/5a27daab-23d2-11e8-a6a3-ec086b02610b.jpg,bird,,CCT_Loc_33,Caltech_2018,2011-06-25 11:50:15,34.0522,-118.2437,CAM_33,6f08a9a6-5567-11e8-a665-dca9047ef277,https://lila.science/datasets/caltech-camera-traps
1416,CCT20_LILA_BC,59e91b48-23d2-11e8-a6a3-ec086b02610b.jpg,raw/wildlife/59e91b48-23d2-11e8-a6a3-ec086b02610b.jpg,bird,,CCT_Loc_24,Caltech_2018,2011-12-22 11:58:56,34.0522,-118.2437,CAM_24,6f0a727a-5567-11e8-be64-dca9047ef277,https://lila.science/datasets/caltech-camera-traps
1417,CCT20_LILA_BC,598c5bf1-23d2-11e8-a6a3-ec086b02610b.jpg,raw/wildlife/598c5bf1-23d2-11e8-a6a3-ec086b02610b.jpg,bird,,CCT_Loc_24,Caltech_2018,2011-12-22 11:59:06,34.0522,-118.2437,CAM_24,6f0a72e1-5567-11e8-ad12-dca9047ef277,https://lila.science/datasets/caltech-camera-traps
1418,CCT20_LILA_BC,599105a0-23d2-11e8-a6a3-ec086b02610b.jpg,raw/wildlife/599105a0-23d2-11e8-a6a3-ec086b02610b.jpg,bird,,CCT_Loc_24,Caltech_2018,2011-12-22 11:58:58,34.0522,-118.2437,CAM_24,6f0a727a-5567-11e8-be64-dca9047ef277,https://lila.science/datasets/caltech-camera-traps
1419,CCT20_LILA_BC,59830822-23d2-11e8-a6a3-ec086b02610b.jpg,raw/wildlife/59830822-23d2-11e8-a6a3-ec086b02610b.jpg,bird,,CCT_Loc_24,Caltech_2018,2011-12-22 11:59:05,34.0522,-118.2437,CAM_24,6f0a72e1-5567-11e8-ad12-dca9047ef277,https://lila.science/datasets/caltech-camera-traps
1420,CCT20_LILA_BC,5a24aa51-23d2-11e8-a6a3-ec086b02610b.jpg,raw/wildlife/5a24aa51-23d2-11e8-a6a3-ec086b02610b.jpg,bird,,CCT_Loc_24,Caltech_2018,2011-12-22 11:58:57,34.0522,-118.2437,CAM_24,6f0a727a-5567-11e8-be64-dca9047ef277,https://lila.science/datasets/caltech-camera-traps
1421,CCT20_LILA_BC,59c179d3-23d2-11e8-a6a3-ec086b02610b.jpg,raw/wildlife/59c179d3-23d2-11e8-a6a3-ec086b02610b.jpg,bird,,CCT_Loc_24,Caltech_2018,2011-12-22 11:59:04,34.0522,-118.2437,CAM_24,6f0a72e1-5567-11e8-ad12-dca9047ef277,https://lila.science/datasets/caltech-camera-traps
1422,CCT20_LILA_BC,59a30c11-23d2-11e8-a6a3-ec086b02610b.jpg,raw/wildlife/59a30c11-23d2-11e8-a6a3-ec086b02610b.jpg,bird,,CCT_Loc_43,Caltech_2018,2011-07-13 13:30:44,34.0522,-118.2437,CAM_43,6f0b0b61-5567-11e8-affb-dca9047ef277,https://lila.science/datasets/caltech-camera-traps
1423,CCT20_LILA_BC,59d5b869-23d2-11e8-a6a3-ec086b02610b.jpg,raw/wildlife/59d5b869-23d2-11e8-a6a3-ec086b02610b.jpg,bird,,CCT_Loc_43,Caltech_2018,2011-07-13 13:30:43,34.0522,-118.2437,CAM_43,6f0b0b61-5567-11e8-affb-dca9047ef277,https://lila.science/datasets/caltech-camera-traps
1424,CCT20_LILA_BC,596d6617-23d2-11e8-a6a3-ec086b02610b.jpg,raw/wildlife/596d6617-23d2-11e8-a6a3-ec086b02610b.jpg,bird,,CCT_Loc_43,Caltech_2018,2011-06-15 13:45:28,34.0522,-118.2437,CAM_43,6f0aeff3-5567-11e8-8fd6-dca9047ef277,https://lila.science/datasets/caltech-camera-traps
1425,CCT20_LILA_BC,597fedea-23d2-11e8-a6a3-ec086b02610b.jpg,raw/wildlife/597fedea-23d2-11e8-a6a3-ec086b02610b.jpg,bird,,CCT_Loc_43,Caltech_2018,2011-06-15 13:45:39,34.0522,-118.2437,CAM_43,6f0af04f-5567-11e8-bcdf-dca9047ef277,https://lila.science/datasets/caltech-camera-traps
1426,CCT20_LILA_BC,5a17dccd-23d2-11e8-a6a3-ec086b02610b.jpg,raw/wildlife/5a17dccd-23d2-11e8-a6a3-ec086b02610b.jpg,bird,,CCT_Loc_43,Caltech_2018,2011-06-15 13:45:27,34.0522,-118.2437,CAM_43,6f0aeff3-5567-11e8-8fd6-dca9047ef277,https://lila.science/datasets/caltech-camera-traps
1427,CCT20_LILA_BC,59af9817-23d2-11e8-a6a3-ec086b02610b.jpg,raw/wildlife/59af9817-23d2-11e8-a6a3-ec086b02610b.jpg,bird,,CCT_Loc_43,Caltech_2018,2011-06-15 11:14:45,34.0522,-118.2437,CAM_43,6f0aef99-5567-11e8-96cb-dca9047ef277,https://lila.science/datasets/caltech-camera-traps
1428,CCT20_LILA_BC,59fae42e-23d2-11e8-a6a3-ec086b02610b.jpg,raw/wildlife/59fae42e-23d2-11e8-a6a3-ec086b02610b.jpg,bird,,CCT_Loc_43,Caltech_2018,2011-06-15 11:13:45,34.0522,-118.2437,CAM_43,6f0aef40-5567-11e8-addb-dca9047ef277,https://lila.science/datasets/caltech-camera-traps
1429,CCT20_LILA_BC,59bca4eb-23d2-11e8-a6a3-ec086b02610b.jpg,raw/wildlife/59bca4eb-23d2-11e8-a6a3-ec086b02610b.jpg,bird,,CCT_Loc_43,Caltech_2018,2011-06-15 11:14:47,34.0522,-118.2437,CAM_43,6f0aef99-5567-11e8-96cb-dca9047ef277,https://lila.science/datasets/caltech-camera-traps
1430,CCT20_LILA_BC,5a263941-23d2-11e8-a6a3-ec086b02610b.jpg,raw/wildlife/5a263941-23d2-11e8-a6a3-ec086b02610b.jpg,bird,,CCT_Loc_43,Caltech_2018,2011-06-15 13:45:29,34.0522,-118.2437,CAM_43,6f0aeff3-5567-11e8-8fd6-dca9047ef277,https://lila.science/datasets/caltech-camera-traps
1431,CCT20_LILA_BC,59941e1e-23d2-11e8-a6a3-ec086b02610b.jpg,raw/wildlife/59941e1e-23d2-11e8-a6a3-ec086b02610b.jpg,bird,,CCT_Loc_43,Caltech_2018,2011-06-15 13:45:38,34.0522,-118.2437,CAM_43,6f0af04f-5567-11e8-bcdf-dca9047ef277,https://lila.science/datasets/caltech-camera-traps
1432,CCT20_LILA_BC,5a130b40-23d2-11e8-a6a3-ec086b02610b.jpg,raw/wildlife/5a130b40-23d2-11e8-a6a3-ec086b02610b.jpg,bird,,CCT_Loc_43,Caltech_2018,2011-06-15 13:45:40,34.0522,-118.2437,CAM_43,6f0af04f-5567-11e8-bcdf-dca9047ef277,https://lila.science/datasets/caltech-camera-traps
1433,CCT20_LILA_BC,59c80449-23d2-11e8-a6a3-ec086b02610b.jpg,raw/wildlife/59c80449-23d2-11e8-a6a3-ec086b02610b.jpg,bird,,CCT_Loc_43,Caltech_2018,2011-06-15 11:13:46,34.0522,-118.2437,CAM_43,6f0aef40-5567-11e8-addb-dca9047ef277,https://lila.science/datasets/caltech-camera-traps
1434,CCT20_LILA_BC,59f5ff98-23d2-11e8-a6a3-ec086b02610b.jpg,raw/wildlife/59f5ff98-23d2-11e8-a6a3-ec086b02610b.jpg,bird,,CCT_Loc_43,Caltech_2018,2011-06-15 11:13:44,34.0522,-118.2437,CAM_43,6f0aef40-5567-11e8-addb-dca9047ef277,https://lila.science/datasets/caltech-camera-traps
1435,CCT20_LILA_BC,5987b306-23d2-11e8-a6a3-ec086b02610b.jpg,raw/wildlife/5987b306-23d2-11e8-a6a3-ec086b02610b.jpg,bird,,CCT_Loc_43,Caltech_2018,2011-06-15 11:14:46,34.0522,-118.2437,CAM_43,6f0aef99-5567-11e8-96cb-dca9047ef277,https://lila.science/datasets/caltech-camera-traps
1436,CCT20_LILA_BC,59b7a98d-23d2-11e8-a6a3-ec086b02610b.jpg,raw/wildlife/59b7a98d-23d2-11e8-a6a3-ec086b02610b.jpg,bird,,CCT_Loc_43,Caltech_2018,2011-07-27 13:13:23,34.0522,-118.2437,CAM_43,6f0b2187-5567-11e8-905b-dca9047ef277,https://lila.science/datasets/caltech-camera-traps
1437,CCT20_LILA_BC,59b7a98d-23d2-11e8-a6a3-ec086b02610b.jpg,raw/wildlife/59b7a98d-23d2-11e8-a6a3-ec086b02610b.jpg,bird,,CCT_Loc_43,Caltech_2018,2011-07-27 13:13:23,34.0522,-118.2437,CAM_43,6f0b2187-5567-11e8-905b-dca9047ef277,https://lila.science/datasets/caltech-camera-traps
1438,CCT20_LILA_BC,59b7a98d-23d2-11e8-a6a3-ec086b02610b.jpg,raw/wildlife/59b7a98d-23d2-11e8-a6a3-ec086b02610b.jpg,bird,,CCT_Loc_43,Caltech_2018,2011-07-27 13:13:23,34.0522,-118.2437,CAM_43,6f0b2187-5567-11e8-905b-dca9047ef277,https://lila.science/datasets/caltech-camera-traps
1439,CCT20_LILA_BC,59b7a98d-23d2-11e8-a6a3-ec086b02610b.jpg,raw/wildlife/59b7a98d-23d2-11e8-a6a3-ec086b02610b.jpg,bird,,CCT_Loc_43,Caltech_2018,2011-07-27 13:13:23,34.0522,-118.2437,CAM_43,6f0b2187-5567-11e8-905b-dca9047ef277,https://lila.science/datasets/caltech-camera-traps
1440,CCT20_LILA_BC,59b7a98d-23d2-11e8-a6a3-ec086b02610b.jpg,raw/wildlife/59b7a98d-23d2-11e8-a6a3-ec086b02610b.jpg,bird,,CCT_Loc_43,Caltech_2018,2011-07-27 13:13:23,34.0522,-118.2437,CAM_43,6f0b2187-5567-11e8-905b-dca9047ef277,https://lila.science/datasets/caltech-camera-traps
1441,CCT20_LILA_BC,59b7a98d-23d2-11e8-a6a3-ec086b02610b.jpg,raw/wildlife/59b7a98d-23d2-11e8-a6a3-ec086b02610b.jpg,bird,,CCT_Loc_43,Caltech_2018,2011-07-27 13:13:23,34.0522,-118.2437,CAM_43,6f0b2187-5567-11e8-905b-dca9047ef277,https://lila.science/datasets/caltech-camera-traps
1442,CCT20_LILA_BC,58e59acd-23d2-11e8-a6a3-ec086b02610b.jpg,raw/wildlife/58e59acd-23d2-11e8-a6a3-ec086b02610b.jpg,opossum,,CCT_Loc_75,Caltech_2018,2011-12-13 20:56:02,34.0522,-118.2437,CAM_75,6efd7040-5567-11e8-b36b-dca9047ef277,https://lila.science/datasets/caltech-camera-traps
1443,CCT20_LILA_BC,593d67c4-23d2-11e8-a6a3-ec086b02610b.jpg,raw/wildlife/593d67c4-23d2-11e8-a6a3-ec086b02610b.jpg,opossum,,CCT_Loc_75,Caltech_2018,2011-12-13 20:56:00,34.0522,-118.2437,CAM_75,6efd7040-5567-11e8-b36b-dca9047ef277,https://lila.science/datasets/caltech-camera-traps
1444,CCT20_LILA_BC,58dc4a84-23d2-11e8-a6a3-ec086b02610b.jpg,raw/wildlife/58dc4a84-23d2-11e8-a6a3-ec086b02610b.jpg,opossum,,CCT_Loc_75,Caltech_2018,2011-12-13 20:56:01,34.0522,-118.2437,CAM_75,6efd7040-5567-11e8-b36b-dca9047ef277,https://lila.science/datasets/caltech-camera-traps
1445,CCT20_LILA_BC,588a685b-23d2-11e8-a6a3-ec086b02610b.jpg,raw/wildlife/588a685b-23d2-11e8-a6a3-ec086b02610b.jpg,opossum,,CCT_Loc_75,Caltech_2018,2011-07-26 02:39:51,34.0522,-118.2437,CAM_75,6efd41eb-5567-11e8-a347-dca9047ef277,https://lila.science/datasets/caltech-camera-traps
1446,CCT20_LILA_BC,59328da0-23d2-11e8-a6a3-ec086b02610b.jpg,raw/wildlife/59328da0-23d2-11e8-a6a3-ec086b02610b.jpg,opossum,,CCT_Loc_75,Caltech_2018,2011-07-14 01:53:17,34.0522,-118.2437,CAM_75,6efd3c8a-5567-11e8-a439-dca9047ef277,https://lila.science/datasets/caltech-camera-traps
1447,CCT20_LILA_BC,592de600-23d2-11e8-a6a3-ec086b02610b.jpg,raw/wildlife/592de600-23d2-11e8-a6a3-ec086b02610b.jpg,opossum,,CCT_Loc_75,Caltech_2018,2011-07-22 03:21:58,34.0522,-118.2437,CAM_75,6efd3fc7-5567-11e8-9cda-dca9047ef277,https://lila.science/datasets/caltech-camera-traps
1448,CCT20_LILA_BC,58ede3cf-23d2-11e8-a6a3-ec086b02610b.jpg,raw/wildlife/58ede3cf-23d2-11e8-a6a3-ec086b02610b.jpg,opossum,,CCT_Loc_75,Caltech_2018,2011-07-26 02:39:52,34.0522,-118.2437,CAM_75,6efd41eb-5567-11e8-a347-dca9047ef277,https://lila.science/datasets/caltech-camera-traps
1449,CCT20_LILA_BC,5858bf8e-23d2-11e8-a6a3-ec086b02610b.jpg,raw/wildlife/5858bf8e-23d2-11e8-a6a3-ec086b02610b.jpg,opossum,,CCT_Loc_75,Caltech_2018,2011-07-22 03:22:07,34.0522,-118.2437,CAM_75,6efd4047-5567-11e8-8e7d-dca9047ef277,https://lila.science/datasets/caltech-camera-traps
1450,CCT20_LILA_BC,585c0640-23d2-11e8-a6a3-ec086b02610b.jpg,raw/wildlife/585c0640-23d2-11e8-a6a3-ec086b02610b.jpg,opossum,,CCT_Loc_75,Caltech_2018,2011-07-21 03:00:16,34.0522,-118.2437,CAM_75,6efd3f42-5567-11e8-a434-dca9047ef277,https://lila.science/datasets/caltech-camera-traps
1451,CCT20_LILA_BC,58fa5f48-23d2-11e8-a6a3-ec086b02610b.jpg,raw/wildlife/58fa5f48-23d2-11e8-a6a3-ec086b02610b.jpg,opossum,,CCT_Loc_75,Caltech_2018,2011-07-14 20:42:44,34.0522,-118.2437,CAM_75,6efd3d14-5567-11e8-bb43-dca9047ef277,https://lila.science/datasets/caltech-camera-traps
1452,CCT20_LILA_BC,5865e1a3-23d2-11e8-a6a3-ec086b02610b.jpg,raw/wildlife/5865e1a3-23d2-11e8-a6a3-ec086b02610b.jpg,opossum,,CCT_Loc_75,Caltech_2018,2011-06-26 01:20:14,34.0522,-118.2437,CAM_75,6efd36b5-5567-11e8-94d9-dca9047ef277,https://lila.science/datasets/caltech-camera-traps
1453,CCT20_LILA_BC,58c035d4-23d2-11e8-a6a3-ec086b02610b.jpg,raw/wildlife/58c035d4-23d2-11e8-a6a3-ec086b02610b.jpg,opossum,,CCT_Loc_75,Caltech_2018,2011-07-25 02:57:07,34.0522,-118.2437,CAM_75,6efd4161-5567-11e8-a575-dca9047ef277,https://lila.science/datasets/caltech-camera-traps
1454,CCT20_LILA_BC,58bd1d53-23d2-11e8-a6a3-ec086b02610b.jpg,raw/wildlife/58bd1d53-23d2-11e8-a6a3-ec086b02610b.jpg,opossum,,CCT_Loc_75,Caltech_2018,2011-07-14 20:42:45,34.0522,-118.2437,CAM_75,6efd3d14-5567-11e8-bb43-dca9047ef277,https://lila.science/datasets/caltech-camera-traps
1455,CCT20_LILA_BC,585f4de7-23d2-11e8-a6a3-ec086b02610b.jpg,raw/wildlife/585f4de7-23d2-11e8-a6a3-ec086b02610b.jpg,opossum,,CCT_Loc_75,Caltech_2018,2011-07-14 20:42:46,34.0522,-118.2437,CAM_75,6efd3d14-5567-11e8-bb43-dca9047ef277,https://lila.science/datasets/caltech-camera-traps
1456,CCT20_LILA_BC,58bea54f-23d2-11e8-a6a3-ec086b02610b.jpg,raw/wildlife/58bea54f-23d2-11e8-a6a3-ec086b02610b.jpg,opossum,,CCT_Loc_75,Caltech_2018,2011-07-22 03:22:00,34.0522,-118.2437,CAM_75,6efd3fc7-5567-11e8-9cda-dca9047ef277,https://lila.science/datasets/caltech-camera-traps
1457,CCT20_LILA_BC,58ef6d42-23d2-11e8-a6a3-ec086b02610b.jpg,raw/wildlife/58ef6d42-23d2-11e8-a6a3-ec086b02610b.jpg,opossum,,CCT_Loc_75,Caltech_2018,2011-07-22 03:22:05,34.0522,-118.2437,CAM_75,6efd4047-5567-11e8-8e7d-dca9047ef277,https://lila.science/datasets/caltech-camera-traps
1458,CCT20_LILA_BC,593419ab-23d2-11e8-a6a3-ec086b02610b.jpg,raw/wildlife/593419ab-23d2-11e8-a6a3-ec086b02610b.jpg,opossum,,CCT_Loc_75,Caltech_2018,2011-07-21 03:00:17,34.0522,-118.2437,CAM_75,6efd3f42-5567-11e8-a434-dca9047ef277,https://lila.science/datasets/caltech-camera-traps
1459,CCT20_LILA_BC,58c7f2c2-23d2-11e8-a6a3-ec086b02610b.jpg,raw/wildlife/58c7f2c2-23d2-11e8-a6a3-ec086b02610b.jpg,opossum,,CCT_Loc_75,Caltech_2018,2011-07-26 02:39:58,34.0522,-118.2437,CAM_75,6efd4263-5567-11e8-93b4-dca9047ef277,https://lila.science/datasets/caltech-camera-traps
1460,CCT20_LILA_BC,589461cf-23d2-11e8-a6a3-ec086b02610b.jpg,raw/wildlife/589461cf-23d2-11e8-a6a3-ec086b02610b.jpg,opossum,,CCT_Loc_75,Caltech_2018,2011-06-24 02:17:12,34.0522,-118.2437,CAM_75,6efd358a-5567-11e8-966a-dca9047ef277,https://lila.science/datasets/caltech-camera-traps
1461,CCT20_LILA_BC,589607f3-23d2-11e8-a6a3-ec086b02610b.jpg,raw/wildlife/589607f3-23d2-11e8-a6a3-ec086b02610b.jpg,opossum,,CCT_Loc_75,Caltech_2018,2011-07-22 03:22:06,34.0522,-118.2437,CAM_75,6efd4047-5567-11e8-8e7d-dca9047ef277,https://lila.science/datasets/caltech-camera-traps
1462,CCT20_LILA_BC,586c87cd-23d2-11e8-a6a3-ec086b02610b.jpg,raw/wildlife/586c87cd-23d2-11e8-a6a3-ec086b02610b.jpg,opossum,,CCT_Loc_75,Caltech_2018,2011-07-25 02:57:06,34.0522,-118.2437,CAM_75,6efd4161-5567-11e8-a575-dca9047ef277,https://lila.science/datasets/caltech-camera-traps
1463,CCT20_LILA_BC,58857ca8-23d2-11e8-a6a3-ec086b02610b.jpg,raw/wildlife/58857ca8-23d2-11e8-a6a3-ec086b02610b.jpg,opossum,,CCT_Loc_75,Caltech_2018,2011-07-14 01:53:15,34.0522,-118.2437,CAM_75,6efd3c8a-5567-11e8-a439-dca9047ef277,https://lila.science/datasets/caltech-camera-traps
1464,CCT20_LILA_BC,58df67c0-23d2-11e8-a6a3-ec086b02610b.jpg,raw/wildlife/58df67c0-23d2-11e8-a6a3-ec086b02610b.jpg,opossum,,CCT_Loc_75,Caltech_2018,2011-06-24 02:17:11,34.0522,-118.2437,CAM_75,6efd358a-5567-11e8-966a-dca9047ef277,https://lila.science/datasets/caltech-camera-traps
1465,CCT20_LILA_BC,5900a464-23d2-11e8-a6a3-ec086b02610b.jpg,raw/wildlife/5900a464-23d2-11e8-a6a3-ec086b02610b.jpg,opossum,,CCT_Loc_75,Caltech_2018,2011-07-25 02:56:59,34.0522,-118.2437,CAM_75,6efd40de-5567-11e8-9e2e-dca9047ef277,https://lila.science/datasets/caltech-camera-traps
1466,CCT20_LILA_BC,59328c44-23d2-11e8-a6a3-ec086b02610b.jpg,raw/wildlife/59328c44-23d2-11e8-a6a3-ec086b02610b.jpg,opossum,,CCT_Loc_75,Caltech_2018,2011-06-24 02:17:13,34.0522,-118.2437,CAM_75,6efd358a-5567-11e8-966a-dca9047ef277,https://lila.science/datasets/caltech-camera-traps
1467,CCT20_LILA_BC,58c1c06d-23d2-11e8-a6a3-ec086b02610b.jpg,raw/wildlife/58c1c06d-23d2-11e8-a6a3-ec086b02610b.jpg,opossum,,CCT_Loc_75,Caltech_2018,2011-07-22 03:21:59,34.0522,-118.2437,CAM_75,6efd3fc7-5567-11e8-9cda-dca9047ef277,https://lila.science/datasets/caltech-camera-traps
1468,CCT20_LILA_BC,591e42aa-23d2-11e8-a6a3-ec086b02610b.jpg,raw/wildlife/591e42aa-23d2-11e8-a6a3-ec086b02610b.jpg,opossum,,CCT_Loc_75,Caltech_2018,2011-07-14 01:53:16,34.0522,-118.2437,CAM_75,6efd3c8a-5567-11e8-a439-dca9047ef277,https://lila.science/datasets/caltech-camera-traps
1469,CCT20_LILA_BC,58ff0d6c-23d2-11e8-a6a3-ec086b02610b.jpg,raw/wildlife/58ff0d6c-23d2-11e8-a6a3-ec086b02610b.jpg,opossum,,CCT_Loc_75,Caltech_2018,2011-07-25 02:57:05,34.0522,-118.2437,CAM_75,6efd4161-5567-11e8-a575-dca9047ef277,https://lila.science/datasets/caltech-camera-traps
1470,CCT20_LILA_BC,58c036b1-23d2-11e8-a6a3-ec086b02610b.jpg,raw/wildlife/58c036b1-23d2-11e8-a6a3-ec086b02610b.jpg,opossum,,CCT_Loc_75,Caltech_2018,2011-07-25 02:57:00,34.0522,-118.2437,CAM_75,6efd40de-5567-11e8-9e2e-dca9047ef277,https://lila.science/datasets/caltech-camera-traps
1471,CCT20_LILA_BC,590a104d-23d2-11e8-a6a3-ec086b02610b.jpg,raw/wildlife/590a104d-23d2-11e8-a6a3-ec086b02610b.jpg,opossum,,CCT_Loc_75,Caltech_2018,2011-07-26 02:39:53,34.0522,-118.2437,CAM_75,6efd41eb-5567-11e8-a347-dca9047ef277,https://lila.science/datasets/caltech-camera-traps
1472,CCT20_LILA_BC,58c66508-23d2-11e8-a6a3-ec086b02610b.jpg,raw/wildlife/58c66508-23d2-11e8-a6a3-ec086b02610b.jpg,opossum,,CCT_Loc_75,Caltech_2018,2011-07-25 02:56:58,34.0522,-118.2437,CAM_75,6efd40de-5567-11e8-9e2e-dca9047ef277,https://lila.science/datasets/caltech-camera-traps
1473,CCT20_LILA_BC,58fa5ee4-23d2-11e8-a6a3-ec086b02610b.jpg,raw/wildlife/58fa5ee4-23d2-11e8-a6a3-ec086b02610b.jpg,opossum,,CCT_Loc_75,Caltech_2018,2011-06-26 01:20:13,34.0522,-118.2437,CAM_75,6efd36b5-5567-11e8-94d9-dca9047ef277,https://lila.science/datasets/caltech-camera-traps
1474,CCT20_LILA_BC,58ac0c2d-23d2-11e8-a6a3-ec086b02610b.jpg,raw/wildlife/58ac0c2d-23d2-11e8-a6a3-ec086b02610b.jpg,opossum,,CCT_Loc_75,Caltech_2018,2011-07-26 02:39:57,34.0522,-118.2437,CAM_75,6efd4263-5567-11e8-93b4-dca9047ef277,https://lila.science/datasets/caltech-camera-traps
1475,CCT20_LILA_BC,58fa5cda-23d2-11e8-a6a3-ec086b02610b.jpg,raw/wildlife/58fa5cda-23d2-11e8-a6a3-ec086b02610b.jpg,opossum,,CCT_Loc_75,Caltech_2018,2011-07-21 03:00:15,34.0522,-118.2437,CAM_75,6efd3f42-5567-11e8-a434-dca9047ef277,https://lila.science/datasets/caltech-camera-traps
1476,CCT20_LILA_BC,593a4f97-23d2-11e8-a6a3-ec086b02610b.jpg,raw/wildlife/593a4f97-23d2-11e8-a6a3-ec086b02610b.jpg,opossum,,CCT_Loc_75,Caltech_2018,2011-06-09 23:08:54,34.0522,-118.2437,CAM_75,6efd2cab-5567-11e8-9135-dca9047ef277,https://lila.science/datasets/caltech-camera-traps
1477,CCT20_LILA_BC,586293da-23d2-11e8-a6a3-ec086b02610b.jpg,raw/wildlife/586293da-23d2-11e8-a6a3-ec086b02610b.jpg,opossum,,CCT_Loc_75,Caltech_2018,2011-06-09 23:08:55,34.0522,-118.2437,CAM_75,6efd2cab-5567-11e8-9135-dca9047ef277,https://lila.science/datasets/caltech-camera-traps
1478,CCT20_LILA_BC,58960a0e-23d2-11e8-a6a3-ec086b02610b.jpg,raw/wildlife/58960a0e-23d2-11e8-a6a3-ec086b02610b.jpg,opossum,,CCT_Loc_75,Caltech_2018,2012-06-11 02:19:01,34.0522,-118.2437,CAM_75,6efe3926-5567-11e8-9fbc-dca9047ef277,https://lila.science/datasets/caltech-camera-traps
1479,CCT20_LILA_BC,58eacb22-23d2-11e8-a6a3-ec086b02610b.jpg,raw/wildlife/58eacb22-23d2-11e8-a6a3-ec086b02610b.jpg,opossum,,CCT_Loc_75,Caltech_2018,2012-06-11 02:19:02,34.0522,-118.2437,CAM_75,6efe3926-5567-11e8-9fbc-dca9047ef277,https://lila.science/datasets/caltech-camera-traps
1480,CCT20_LILA_BC,5862918a-23d2-11e8-a6a3-ec086b02610b.jpg,raw/wildlife/5862918a-23d2-11e8-a6a3-ec086b02610b.jpg,opossum,,CCT_Loc_75,Caltech_2018,2012-06-04 20:39:11,34.0522,-118.2437,CAM_75,6efe35f0-5567-11e8-8b6f-dca9047ef277,https://lila.science/datasets/caltech-camera-traps
1481,CCT20_LILA_BC,59373506-23d2-11e8-a6a3-ec086b02610b.jpg,raw/wildlife/59373506-23d2-11e8-a6a3-ec086b02610b.jpg,opossum,,CCT_Loc_75,Caltech_2018,2012-06-04 20:39:10,34.0522,-118.2437,CAM_75,6efe35f0-5567-11e8-8b6f-dca9047ef277,https://lila.science/datasets/caltech-camera-traps
1482,CCT20_LILA_BC,593100b9-23d2-11e8-a6a3-ec086b02610b.jpg,raw/wildlife/593100b9-23d2-11e8-a6a3-ec086b02610b.jpg,opossum,,CCT_Loc_75,Caltech_2018,2012-06-04 20:39:12,34.0522,-118.2437,CAM_75,6efe35f0-5567-11e8-8b6f-dca9047ef277,https://lila.science/datasets/caltech-camera-traps
1483,CCT20_LILA_BC,590ebcd7-23d2-11e8-a6a3-ec086b02610b.jpg,raw/wildlife/590ebcd7-23d2-11e8-a6a3-ec086b02610b.jpg,opossum,,CCT_Loc_75,Caltech_2018,2012-06-11 02:19:03,34.0522,-118.2437,CAM_75,6efe3926-5567-11e8-9fbc-dca9047ef277,https://lila.science/datasets/caltech-camera-traps
1484,CCT20_LILA_BC,58643560-23d2-11e8-a6a3-ec086b02610b.jpg,raw/wildlife/58643560-23d2-11e8-a6a3-ec086b02610b.jpg,opossum,,CCT_Loc_75,Caltech_2018,2011-09-04 12:12:26,34.0522,-118.2437,CAM_75,6efd4fca-5567-11e8-bdd7-dca9047ef277,https://lila.science/datasets/caltech-camera-traps
1485,CCT20_LILA_BC,58ec587a-23d2-11e8-a6a3-ec086b02610b.jpg,raw/wildlife/58ec587a-23d2-11e8-a6a3-ec086b02610b.jpg,opossum,,CCT_Loc_75,Caltech_2018,2011-09-04 12:12:24,34.0522,-118.2437,CAM_75,6efd4fca-5567-11e8-bdd7-dca9047ef277,https://lila.science/datasets/caltech-camera-traps
1486,CCT20_LILA_BC,58d47e90-23d2-11e8-a6a3-ec086b02610b.jpg,raw/wildlife/58d47e90-23d2-11e8-a6a3-ec086b02610b.jpg,opossum,,CCT_Loc_75,Caltech_2018,2011-09-04 12:12:25,34.0522,-118.2437,CAM_75,6efd4fca-5567-11e8-bdd7-dca9047ef277,https://lila.science/datasets/caltech-camera-traps
1487,CCT20_LILA_BC,58f8ceff-23d2-11e8-a6a3-ec086b02610b.jpg,raw/wildlife/58f8ceff-23d2-11e8-a6a3-ec086b02610b.jpg,opossum,,CCT_Loc_75,Caltech_2018,2012-01-14 01:54:22,34.0522,-118.2437,CAM_75,6efd8300-5567-11e8-a94d-dca9047ef277,https://lila.science/datasets/caltech-camera-traps
1488,CCT20_LILA_BC,59136800-23d2-11e8-a6a3-ec086b02610b.jpg,raw/wildlife/59136800-23d2-11e8-a6a3-ec086b02610b.jpg,opossum,,CCT_Loc_75,Caltech_2018,2012-01-13 01:58:03,34.0522,-118.2437,CAM_75,6efd8240-5567-11e8-b4e3-dca9047ef277,https://lila.science/datasets/caltech-camera-traps
1489,CCT20_LILA_BC,588f674c-23d2-11e8-a6a3-ec086b02610b.jpg,raw/wildlife/588f674c-23d2-11e8-a6a3-ec086b02610b.jpg,opossum,,CCT_Loc_75,Caltech_2018,2012-01-06 05:53:34,34.0522,-118.2437,CAM_75,6efd7e0a-5567-11e8-83de-dca9047ef277,https://lila.science/datasets/caltech-camera-traps
1490,CCT20_LILA_BC,58f5b184-23d2-11e8-a6a3-ec086b02610b.jpg,raw/wildlife/58f5b184-23d2-11e8-a6a3-ec086b02610b.jpg,opossum,,CCT_Loc_75,Caltech_2018,2012-01-06 06:50:52,34.0522,-118.2437,CAM_75,6efd7ebd-5567-11e8-8530-dca9047ef277,https://lila.science/datasets/caltech-camera-traps
1491,CCT20_LILA_BC,58ef7087-23d2-11e8-a6a3-ec086b02610b.jpg,raw/wildlife/58ef7087-23d2-11e8-a6a3-ec086b02610b.jpg,opossum,,CCT_Loc_75,Caltech_2018,2012-01-05 19:57:46,34.0522,-118.2437,CAM_75,6efd7bcf-5567-11e8-a591-dca9047ef277,https://lila.science/datasets/caltech-camera-traps
1492,CCT20_LILA_BC,5869358d-23d2-11e8-a6a3-ec086b02610b.jpg,raw/wildlife/5869358d-23d2-11e8-a6a3-ec086b02610b.jpg,opossum,,CCT_Loc_75,Caltech_2018,2012-01-11 23:18:30,34.0522,-118.2437,CAM_75,6efd7f7d-5567-11e8-af31-dca9047ef277,https://lila.science/datasets/caltech-camera-traps
1493,CCT20_LILA_BC,58e0f52c-23d2-11e8-a6a3-ec086b02610b.jpg,raw/wildlife/58e0f52c-23d2-11e8-a6a3-ec086b02610b.jpg,opossum,,CCT_Loc_75,Caltech_2018,2012-01-15 22:42:02,34.0522,-118.2437,CAM_75,6efd8470-5567-11e8-bbfe-dca9047ef277,https://lila.science/datasets/caltech-camera-traps
1494,CCT20_LILA_BC,58c97b55-23d2-11e8-a6a3-ec086b02610b.jpg,raw/wildlife/58c97b55-23d2-11e8-a6a3-ec086b02610b.jpg,opossum,,CCT_Loc_75,Caltech_2018,2012-01-06 06:50:51,34.0522,-118.2437,CAM_75,6efd7ebd-5567-11e8-8530-dca9047ef277,https://lila.science/datasets/caltech-camera-traps
1495,CCT20_LILA_BC,58cfcb92-23d2-11e8-a6a3-ec086b02610b.jpg,raw/wildlife/58cfcb92-23d2-11e8-a6a3-ec086b02610b.jpg,opossum,,CCT_Loc_75,Caltech_2018,2012-01-05 19:57:47,34.0522,-118.2437,CAM_75,6efd7bcf-5567-11e8-a591-dca9047ef277,https://lila.science/datasets/caltech-camera-traps
1496,CCT20_LILA_BC,59260d7c-23d2-11e8-a6a3-ec086b02610b.jpg,raw/wildlife/59260d7c-23d2-11e8-a6a3-ec086b02610b.jpg,opossum,,CCT_Loc_75,Caltech_2018,2011-12-27 21:17:46,34.0522,-118.2437,CAM_75,6efd7835-5567-11e8-a9d2-dca9047ef277,https://lila.science/datasets/caltech-camera-traps
1497,CCT20_LILA_BC,58ff0e98-23d2-11e8-a6a3-ec086b02610b.jpg,raw/wildlife/58ff0e98-23d2-11e8-a6a3-ec086b02610b.jpg,opossum,,CCT_Loc_75,Caltech_2018,2012-01-14 01:54:24,34.0522,-118.2437,CAM_75,6efd8300-5567-11e8-a94d-dca9047ef277,https://lila.science/datasets/caltech-camera-traps
1498,CCT20_LILA_BC,58b4ab9a-23d2-11e8-a6a3-ec086b02610b.jpg,raw/wildlife/58b4ab9a-23d2-11e8-a6a3-ec086b02610b.jpg,opossum,,CCT_Loc_75,Caltech_2018,2012-01-12 04:09:58,34.0522,-118.2437,CAM_75,6efd8038-5567-11e8-ac2a-dca9047ef277,https://lila.science/datasets/caltech-camera-traps
1499,CCT20_LILA_BC,591cb191-23d2-11e8-a6a3-ec086b02610b.jpg,raw/wildlife/591cb191-23d2-11e8-a6a3-ec086b02610b.jpg,opossum,,CCT_Loc_75,Caltech_2018,2012-01-01 01:46:47,34.0522,-118.2437,CAM_75,6efd794f-5567-11e8-81cb-dca9047ef277,https://lila.science/datasets/caltech-camera-traps
1500,CCT20_LILA_BC,58fbedee-23d2-11e8-a6a3-ec086b02610b.jpg,raw/wildlife/58fbedee-23d2-11e8-a6a3-ec086b02610b.jpg,opossum,,CCT_Loc_75,Caltech_2018,2012-01-05 19:57:48,34.0522,-118.2437,CAM_75,6efd7bcf-5567-11e8-a591-dca9047ef277,https://lila.science/datasets/caltech-camera-traps
1501,CCT20_LILA_BC,589b023a-23d2-11e8-a6a3-ec086b02610b.jpg,raw/wildlife/589b023a-23d2-11e8-a6a3-ec086b02610b.jpg,opossum,,CCT_Loc_75,Caltech_2018,2012-01-06 05:53:36,34.0522,-118.2437,CAM_75,6efd7e0a-5567-11e8-83de-dca9047ef277,https://lila.science/datasets/caltech-camera-traps
1502,CCT20_LILA_BC,588c12ea-23d2-11e8-a6a3-ec086b02610b.jpg,raw/wildlife/588c12ea-23d2-11e8-a6a3-ec086b02610b.jpg,opossum,,CCT_Loc_75,Caltech_2018,2012-01-01 01:46:49,34.0522,-118.2437,CAM_75,6efd794f-5567-11e8-81cb-dca9047ef277,https://lila.science/datasets/caltech-camera-traps
1503,CCT20_LILA_BC,5911d819-23d2-11e8-a6a3-ec086b02610b.jpg,raw/wildlife/5911d819-23d2-11e8-a6a3-ec086b02610b.jpg,opossum,,CCT_Loc_75,Caltech_2018,2012-01-12 04:09:57,34.0522,-118.2437,CAM_75,6efd8038-5567-11e8-ac2a-dca9047ef277,https://lila.science/datasets/caltech-camera-traps
1504,CCT20_LILA_BC,58910d34-23d2-11e8-a6a3-ec086b02610b.jpg,raw/wildlife/58910d34-23d2-11e8-a6a3-ec086b02610b.jpg,opossum,,CCT_Loc_75,Caltech_2018,2012-01-13 01:58:04,34.0522,-118.2437,CAM_75,6efd8240-5567-11e8-b4e3-dca9047ef277,https://lila.science/datasets/caltech-camera-traps
1505,CCT20_LILA_BC,5930ff76-23d2-11e8-a6a3-ec086b02610b.jpg,raw/wildlife/5930ff76-23d2-11e8-a6a3-ec086b02610b.jpg,opossum,,CCT_Loc_75,Caltech_2018,2011-12-25 21:14:40,34.0522,-118.2437,CAM_75,6efd757d-5567-11e8-8adc-dca9047ef277,https://lila.science/datasets/caltech-camera-traps
1506,CCT20_LILA_BC,587b7da7-23d2-11e8-a6a3-ec086b02610b.jpg,raw/wildlife/587b7da7-23d2-11e8-a6a3-ec086b02610b.jpg,opossum,,CCT_Loc_75,Caltech_2018,2012-01-06 05:48:41,34.0522,-118.2437,CAM_75,6efd7ca1-5567-11e8-a268-dca9047ef277,https://lila.science/datasets/caltech-camera-traps
1507,CCT20_LILA_BC,58b2edcf-23d2-11e8-a6a3-ec086b02610b.jpg,raw/wildlife/58b2edcf-23d2-11e8-a6a3-ec086b02610b.jpg,opossum,,CCT_Loc_75,Caltech_2018,2012-01-06 05:53:35,34.0522,-118.2437,CAM_75,6efd7e0a-5567-11e8-83de-dca9047ef277,https://lila.science/datasets/caltech-camera-traps
1508,CCT20_LILA_BC,588718b4-23d2-11e8-a6a3-ec086b02610b.jpg,raw/wildlife/588718b4-23d2-11e8-a6a3-ec086b02610b.jpg,opossum,,CCT_Loc_75,Caltech_2018,2012-01-06 05:48:39,34.0522,-118.2437,CAM_75,6efd7ca1-5567-11e8-a268-dca9047ef277,https://lila.science/datasets/caltech-camera-traps
1509,CCT20_LILA_BC,588c12c5-23d2-11e8-a6a3-ec086b02610b.jpg,raw/wildlife/588c12c5-23d2-11e8-a6a3-ec086b02610b.jpg,opossum,,CCT_Loc_75,Caltech_2018,2012-01-01 06:50:17,34.0522,-118.2437,CAM_75,6efd79d1-5567-11e8-b23a-dca9047ef277,https://lila.science/datasets/caltech-camera-traps
1510,CCT20_LILA_BC,590a10c8-23d2-11e8-a6a3-ec086b02610b.jpg,raw/wildlife/590a10c8-23d2-11e8-a6a3-ec086b02610b.jpg,opossum,,CCT_Loc_75,Caltech_2018,2012-01-14 01:54:23,34.0522,-118.2437,CAM_75,6efd8300-5567-11e8-a94d-dca9047ef277,https://lila.science/datasets/caltech-camera-traps
1511,CCT20_LILA_BC,5903cb16-23d2-11e8-a6a3-ec086b02610b.jpg,raw/wildlife/5903cb16-23d2-11e8-a6a3-ec086b02610b.jpg,opossum,,CCT_Loc_75,Caltech_2018,2012-01-06 05:48:44,34.0522,-118.2437,CAM_75,6efd7d5e-5567-11e8-8201-dca9047ef277,https://lila.science/datasets/caltech-camera-traps
1512,CCT20_LILA_BC,589e6720-23d2-11e8-a6a3-ec086b02610b.jpg,raw/wildlife/589e6720-23d2-11e8-a6a3-ec086b02610b.jpg,opossum,,CCT_Loc_75,Caltech_2018,2012-01-01 01:46:48,34.0522,-118.2437,CAM_75,6efd794f-5567-11e8-81cb-dca9047ef277,https://lila.science/datasets/caltech-camera-traps
1513,CCT20_LILA_BC,59199672-23d2-11e8-a6a3-ec086b02610b.jpg,raw/wildlife/59199672-23d2-11e8-a6a3-ec086b02610b.jpg,opossum,,CCT_Loc_75,Caltech_2018,2012-01-12 04:09:59,34.0522,-118.2437,CAM_75,6efd8038-5567-11e8-ac2a-dca9047ef277,https://lila.science/datasets/caltech-camera-traps
1514,CCT20_LILA_BC,592abf2b-23d2-11e8-a6a3-ec086b02610b.jpg,raw/wildlife/592abf2b-23d2-11e8-a6a3-ec086b02610b.jpg,opossum,,CCT_Loc_75,Caltech_2018,2012-01-15 22:42:00,34.0522,-118.2437,CAM_75,6efd8470-5567-11e8-bbfe-dca9047ef277,https://lila.science/datasets/caltech-camera-traps
1515,CCT20_LILA_BC,58629287-23d2-11e8-a6a3-ec086b02610b.jpg,raw/wildlife/58629287-23d2-11e8-a6a3-ec086b02610b.jpg,opossum,,CCT_Loc_75,Caltech_2018,2012-01-06 06:50:53,34.0522,-118.2437,CAM_75,6efd7ebd-5567-11e8-8530-dca9047ef277,https://lila.science/datasets/caltech-camera-traps
1516,CCT20_LILA_BC,58995a55-23d2-11e8-a6a3-ec086b02610b.jpg,raw/wildlife/58995a55-23d2-11e8-a6a3-ec086b02610b.jpg,opossum,,CCT_Loc_75,Caltech_2018,2011-12-25 21:14:39,34.0522,-118.2437,CAM_75,6efd757d-5567-11e8-8adc-dca9047ef277,https://lila.science/datasets/caltech-camera-traps
1517,CCT20_LILA_BC,58b66411-23d2-11e8-a6a3-ec086b02610b.jpg,raw/wildlife/58b66411-23d2-11e8-a6a3-ec086b02610b.jpg,opossum,,CCT_Loc_75,Caltech_2018,2012-01-01 06:50:16,34.0522,-118.2437,CAM_75,6efd79d1-5567-11e8-b23a-dca9047ef277,https://lila.science/datasets/caltech-camera-traps
1518,CCT20_LILA_BC,58c036a3-23d2-11e8-a6a3-ec086b02610b.jpg,raw/wildlife/58c036a3-23d2-11e8-a6a3-ec086b02610b.jpg,opossum,,CCT_Loc_75,Caltech_2018,2012-01-11 23:18:28,34.0522,-118.2437,CAM_75,6efd7f7d-5567-11e8-af31-dca9047ef277,https://lila.science/datasets/caltech-camera-traps
1519,CCT20_LILA_BC,58f8cd60-23d2-11e8-a6a3-ec086b02610b.jpg,raw/wildlife/58f8cd60-23d2-11e8-a6a3-ec086b02610b.jpg,opossum,,CCT_Loc_75,Caltech_2018,2011-12-25 21:14:41,34.0522,-118.2437,CAM_75,6efd757d-5567-11e8-8adc-dca9047ef277,https://lila.science/datasets/caltech-camera-traps
1520,CCT20_LILA_BC,593a4d63-23d2-11e8-a6a3-ec086b02610b.jpg,raw/wildlife/593a4d63-23d2-11e8-a6a3-ec086b02610b.jpg,opossum,,CCT_Loc_75,Caltech_2018,2012-01-13 01:58:05,34.0522,-118.2437,CAM_75,6efd8240-5567-11e8-b4e3-dca9047ef277,https://lila.science/datasets/caltech-camera-traps
1521,CCT20_LILA_BC,585a6547-23d2-11e8-a6a3-ec086b02610b.jpg,raw/wildlife/585a6547-23d2-11e8-a6a3-ec086b02610b.jpg,opossum,,CCT_Loc_75,Caltech_2018,2012-01-06 05:48:46,34.0522,-118.2437,CAM_75,6efd7d5e-5567-11e8-8201-dca9047ef277,https://lila.science/datasets/caltech-camera-traps
1522,CCT20_LILA_BC,58e2802c-23d2-11e8-a6a3-ec086b02610b.jpg,raw/wildlife/58e2802c-23d2-11e8-a6a3-ec086b02610b.jpg,opossum,,CCT_Loc_75,Caltech_2018,2012-01-15 22:42:01,34.0522,-118.2437,CAM_75,6efd8470-5567-11e8-bbfe-dca9047ef277,https://lila.science/datasets/caltech-camera-traps
1523,CCT20_LILA_BC,585a636c-23d2-11e8-a6a3-ec086b02610b.jpg,raw/wildlife/585a636c-23d2-11e8-a6a3-ec086b02610b.jpg,opossum,,CCT_Loc_75,Caltech_2018,2012-01-06 05:48:45,34.0522,-118.2437,CAM_75,6efd7d5e-5567-11e8-8201-dca9047ef277,https://lila.science/datasets/caltech-camera-traps
1524,CCT20_LILA_BC,58960b04-23d2-11e8-a6a3-ec086b02610b.jpg,raw/wildlife/58960b04-23d2-11e8-a6a3-ec086b02610b.jpg,opossum,,CCT_Loc_75,Caltech_2018,2011-12-27 21:17:47,34.0522,-118.2437,CAM_75,6efd7835-5567-11e8-a9d2-dca9047ef277,https://lila.science/datasets/caltech-camera-traps
1525,CCT20_LILA_BC,59310174-23d2-11e8-a6a3-ec086b02610b.jpg,raw/wildlife/59310174-23d2-11e8-a6a3-ec086b02610b.jpg,opossum,,CCT_Loc_75,Caltech_2018,2011-08-19 01:12:20,34.0522,-118.2437,CAM_75,6efd4c3d-5567-11e8-ba02-dca9047ef277,https://lila.science/datasets/caltech-camera-traps
1526,CCT20_LILA_BC,586fddb0-23d2-11e8-a6a3-ec086b02610b.jpg,raw/wildlife/586fddb0-23d2-11e8-a6a3-ec086b02610b.jpg,opossum,,CCT_Loc_75,Caltech_2018,2011-08-13 02:09:48,34.0522,-118.2437,CAM_75,6efd4b38-5567-11e8-9424-dca9047ef277,https://lila.science/datasets/caltech-camera-traps
1527,CCT20_LILA_BC,58e40e5c-23d2-11e8-a6a3-ec086b02610b.jpg,raw/wildlife/58e40e5c-23d2-11e8-a6a3-ec086b02610b.jpg,opossum,,CCT_Loc_75,Caltech_2018,2011-08-19 01:12:21,34.0522,-118.2437,CAM_75,6efd4c3d-5567-11e8-ba02-dca9047ef277,https://lila.science/datasets/caltech-camera-traps
1528,CCT20_LILA_BC,585c0416-23d2-11e8-a6a3-ec086b02610b.jpg,raw/wildlife/585c0416-23d2-11e8-a6a3-ec086b02610b.jpg,opossum,,CCT_Loc_75,Caltech_2018,2011-07-29 01:12:03,34.0522,-118.2437,CAM_75,6efd43de-5567-11e8-b9ee-dca9047ef277,https://lila.science/datasets/caltech-camera-traps
1529,CCT20_LILA_BC,590d2c16-23d2-11e8-a6a3-ec086b02610b.jpg,raw/wildlife/590d2c16-23d2-11e8-a6a3-ec086b02610b.jpg,opossum,,CCT_Loc_75,Caltech_2018,2011-08-19 01:12:19,34.0522,-118.2437,CAM_75,6efd4c3d-5567-11e8-ba02-dca9047ef277,https://lila.science/datasets/caltech-camera-traps
1530,CCT20_LILA_BC,58782bb4-23d2-11e8-a6a3-ec086b02610b.jpg,raw/wildlife/58782bb4-23d2-11e8-a6a3-ec086b02610b.jpg,opossum,,CCT_Loc_75,Caltech_2018,2011-08-03 21:19:17,34.0522,-118.2437,CAM_75,6efd4805-5567-11e8-b9f0-dca9047ef277,https://lila.science/datasets/caltech-camera-traps
1531,CCT20_LILA_BC,588a68c1-23d2-11e8-a6a3-ec086b02610b.jpg,raw/wildlife/588a68c1-23d2-11e8-a6a3-ec086b02610b.jpg,opossum,,CCT_Loc_75,Caltech_2018,2011-08-19 12:03:04,34.0522,-118.2437,CAM_75,6efd4cb3-5567-11e8-b774-dca9047ef277,https://lila.science/datasets/caltech-camera-traps
1532,CCT20_LILA_BC,5935a6a0-23d2-11e8-a6a3-ec086b02610b.jpg,raw/wildlife/5935a6a0-23d2-11e8-a6a3-ec086b02610b.jpg,opossum,,CCT_Loc_75,Caltech_2018,2011-07-31 03:37:03,34.0522,-118.2437,CAM_75,6efd44ee-5567-11e8-b02b-dca9047ef277,https://lila.science/datasets/caltech-camera-traps
1533,CCT20_LILA_BC,58fd7d46-23d2-11e8-a6a3-ec086b02610b.jpg,raw/wildlife/58fd7d46-23d2-11e8-a6a3-ec086b02610b.jpg,opossum,,CCT_Loc_75,Caltech_2018,2011-08-03 01:38:02,34.0522,-118.2437,CAM_75,6efd478a-5567-11e8-add6-dca9047ef277,https://lila.science/datasets/caltech-camera-traps
1534,CCT20_LILA_BC,58857aa4-23d2-11e8-a6a3-ec086b02610b.jpg,raw/wildlife/58857aa4-23d2-11e8-a6a3-ec086b02610b.jpg,opossum,,CCT_Loc_75,Caltech_2018,2011-08-08 03:47:52,34.0522,-118.2437,CAM_75,6efd4911-5567-11e8-84f3-dca9047ef277,https://lila.science/datasets/caltech-camera-traps
1535,CCT20_LILA_BC,592c4e74-23d2-11e8-a6a3-ec086b02610b.jpg,raw/wildlife/592c4e74-23d2-11e8-a6a3-ec086b02610b.jpg,opossum,,CCT_Loc_75,Caltech_2018,2011-08-03 21:19:18,34.0522,-118.2437,CAM_75,6efd4805-5567-11e8-b9f0-dca9047ef277,https://lila.science/datasets/caltech-camera-traps
1536,CCT20_LILA_BC,58ec5501-23d2-11e8-a6a3-ec086b02610b.jpg,raw/wildlife/58ec5501-23d2-11e8-a6a3-ec086b02610b.jpg,opossum,,CCT_Loc_75,Caltech_2018,2011-07-31 03:37:04,34.0522,-118.2437,CAM_75,6efd44ee-5567-11e8-b02b-dca9047ef277,https://lila.science/datasets/caltech-camera-traps
1537,CCT20_LILA_BC,58d160e8-23d2-11e8-a6a3-ec086b02610b.jpg,raw/wildlife/58d160e8-23d2-11e8-a6a3-ec086b02610b.jpg,opossum,,CCT_Loc_75,Caltech_2018,2011-08-03 01:38:03,34.0522,-118.2437,CAM_75,6efd478a-5567-11e8-add6-dca9047ef277,https://lila.science/datasets/caltech-camera-traps
1538,CCT20_LILA_BC,593735fa-23d2-11e8-a6a3-ec086b02610b.jpg,raw/wildlife/593735fa-23d2-11e8-a6a3-ec086b02610b.jpg,opossum,,CCT_Loc_75,Caltech_2018,2011-08-03 01:38:04,34.0522,-118.2437,CAM_75,6efd478a-5567-11e8-add6-dca9047ef277,https://lila.science/datasets/caltech-camera-traps
1539,CCT20_LILA_BC,589b018c-23d2-11e8-a6a3-ec086b02610b.jpg,raw/wildlife/589b018c-23d2-11e8-a6a3-ec086b02610b.jpg,opossum,,CCT_Loc_75,Caltech_2018,2011-07-30 03:51:49,34.0522,-118.2437,CAM_75,6efd4457-5567-11e8-88c2-dca9047ef277,https://lila.science/datasets/caltech-camera-traps
1540,CCT20_LILA_BC,58b4ab26-23d2-11e8-a6a3-ec086b02610b.jpg,raw/wildlife/58b4ab26-23d2-11e8-a6a3-ec086b02610b.jpg,opossum,,CCT_Loc_75,Caltech_2018,2011-07-31 03:37:05,34.0522,-118.2437,CAM_75,6efd44ee-5567-11e8-b02b-dca9047ef277,https://lila.science/datasets/caltech-camera-traps
1541,CCT20_LILA_BC,58e40c5e-23d2-11e8-a6a3-ec086b02610b.jpg,raw/wildlife/58e40c5e-23d2-11e8-a6a3-ec086b02610b.jpg,opossum,,CCT_Loc_75,Caltech_2018,2011-07-29 01:12:02,34.0522,-118.2437,CAM_75,6efd43de-5567-11e8-b9ee-dca9047ef277,https://lila.science/datasets/caltech-camera-traps
